rank,word,meaning_ko,example_en,pos,cefr,score,subtlex_count,opensubtitles_count,source
1,leave,떠나다,I need to leave this before we decide.,verb,B1,93.74,53304,856869,SUBTLEX-US + OpenSubtitles 2018
2,talk,이야기하다,I need to talk this before we decide.,verb,B1,92.51,43605,567036,SUBTLEX-US + OpenSubtitles 2018
3,sometimes,때때로,I need to sometimes this before we decide.,adverb,B1,85.91,9129,128779,SUBTLEX-US + OpenSubtitles 2018
4,going,가기,You'll hear the word 'going' often in everyday conversation.,other,B2,85.59,108306,1521146,SUBTLEX-US + OpenSubtitles 2018
5,down,솜털,You'll hear the word 'down' often in everyday conversation.,other,B2,83.91,76097,980456,SUBTLEX-US + OpenSubtitles 2018
6,understand,이해하다,I need to understand this before we decide.,verb,A2,83.75,26244,399163,SUBTLEX-US + OpenSubtitles 2018
7,very,매우,You'll hear the word 'very' often in everyday conversation.,other,B2,83.38,63304,945653,SUBTLEX-US + OpenSubtitles 2018
8,show,보여주다,I need to show this before we decide.,verb,A2,83.38,24906,347408,SUBTLEX-US + OpenSubtitles 2018
9,even,심지어,You'll hear the word 'even' often in everyday conversation.,other,B1,82.97,44708,744910,SUBTLEX-US + OpenSubtitles 2018
10,use,사용하다,I need to use this before we decide.,verb,A2,81.94,17536,256079,SUBTLEX-US + OpenSubtitles 2018
11,god,조물주,You'll hear the word 'god' often in everyday conversation.,other,B2,81.8,46061,611924,SUBTLEX-US + OpenSubtitles 2018
12,wait,기다리다,You'll hear the word 'wait' often in everyday conversation.,other,B2,81.48,42343,574752,SUBTLEX-US + OpenSubtitles 2018
13,probably,아마도,I'll probably stay home tonight.,adverb,A2,81.02,14323,202736,SUBTLEX-US + OpenSubtitles 2018
14,yeah,정말이냐?,You'll hear the word 'yeah' often in everyday conversation.,other,A2,81.0,152264,2000641,SUBTLEX-US + OpenSubtitles 2018
15,things,사물,You'll hear the word 'things' often in everyday conversation.,other,B2,80.78,35337,503642,SUBTLEX-US + OpenSubtitles 2018
16,through,~를 통해,You'll hear the word 'through' often in everyday conversation.,other,B1,80.63,28026,388127,SUBTLEX-US + OpenSubtitles 2018
17,stay,버팀줄,You'll hear the word 'stay' often in everyday conversation.,other,B1,80.43,26298,378726,SUBTLEX-US + OpenSubtitles 2018
18,guys,사람들,You'll hear the word 'guys' often in everyday conversation.,other,B2,80.32,32198,442241,SUBTLEX-US + OpenSubtitles 2018
19,years,년,You'll hear the word 'years' often in everyday conversation.,other,B2,80.2,29003,481860,SUBTLEX-US + OpenSubtitles 2018
20,coming,당도,You'll hear the word 'coming' often in everyday conversation.,other,B2,79.64,26891,390238,SUBTLEX-US + OpenSubtitles 2018
21,wanted,원하는,You'll hear the word 'wanted' often in everyday conversation.,other,B2,79.52,25616,392510,SUBTLEX-US + OpenSubtitles 2018
22,guess,짐작,You'll hear the word 'guess' often in everyday conversation.,other,B1,79.48,23606,257086,SUBTLEX-US + OpenSubtitles 2018
23,back,뒤로,You'll hear the word 'back' often in everyday conversation.,other,A2,79.36,102467,1405024,SUBTLEX-US + OpenSubtitles 2018
24,talking,담화,You'll hear the word 'talking' often in everyday conversation.,other,B2,79.24,25385,337629,SUBTLEX-US + OpenSubtitles 2018
25,came,왔다,You'll hear the word 'came' often in everyday conversation.,other,B2,79.23,23650,374486,SUBTLEX-US + OpenSubtitles 2018
26,getting,얻는,You'll hear the word 'getting' often in everyday conversation.,other,B2,79.13,24719,331186,SUBTLEX-US + OpenSubtitles 2018
27,hell,나락,You'll hear the word 'hell' often in everyday conversation.,other,B2,78.92,24038,304910,SUBTLEX-US + OpenSubtitles 2018
28,haven,피난처,You'll hear the word 'haven' often in everyday conversation.,other,B1,78.91,18856,258708,SUBTLEX-US + OpenSubtitles 2018
29,live,살다,You'll hear the word 'live' often in everyday conversation.,other,B1,78.87,17574,281046,SUBTLEX-US + OpenSubtitles 2018
30,looking,찾는,You'll hear the word 'looking' often in everyday conversation.,other,B2,78.82,22066,326550,SUBTLEX-US + OpenSubtitles 2018
31,hey,야아,You'll hear the word 'hey' often in everyday conversation.,other,A2,78.63,88079,1149615,SUBTLEX-US + OpenSubtitles 2018
32,fuck,더러워,You'll hear the word 'fuck' often in everyday conversation.,other,B2,78.59,21831,290949,SUBTLEX-US + OpenSubtitles 2018
33,until,까지,You'll hear the word 'until' often in everyday conversation.,other,B1,78.15,15426,225171,SUBTLEX-US + OpenSubtitles 2018
34,men,남자,You'll hear the word 'men' often in everyday conversation.,other,B2,78.02,19011,257319,SUBTLEX-US + OpenSubtitles 2018
35,seem,~인 것 같다,You seem a little tired today.,verb,A2,78.0,7182,99102,SUBTLEX-US + OpenSubtitles 2018
36,called,불리는,You'll hear the word 'called' often in everyday conversation.,other,B2,77.83,17341,264588,SUBTLEX-US + OpenSubtitles 2018
37,eventually,결국,We'll figure it out eventually.,adverb,B1,77.77,1246,22679,SUBTLEX-US + OpenSubtitles 2018
38,since,~이후로,You'll hear the word 'since' often in everyday conversation.,other,B2,77.57,16064,254427,SUBTLEX-US + OpenSubtitles 2018
39,shut,닫다,You'll hear the word 'shut' often in everyday conversation.,other,B1,77.54,13809,186359,SUBTLEX-US + OpenSubtitles 2018
40,fucking,상간,You'll hear the word 'fucking' often in everyday conversation.,other,B2,77.5,16603,232845,SUBTLEX-US + OpenSubtitles 2018
41,hit,치다,You'll hear the word 'hit' often in everyday conversation.,other,B1,77.5,14025,177770,SUBTLEX-US + OpenSubtitles 2018
42,over,넘어,You'll hear the word 'over' often in everyday conversation.,other,A2,77.48,67494,881056,SUBTLEX-US + OpenSubtitles 2018
43,days,낮에,You'll hear the word 'days' often in everyday conversation.,other,B2,77.48,15592,253171,SUBTLEX-US + OpenSubtitles 2018
44,obvious,명백한,The answer seems pretty obvious.,adjective,B1,77.42,1508,24230,SUBTLEX-US + OpenSubtitles 2018
45,working,조작,You'll hear the word 'working' often in everyday conversation.,other,B1,77.41,12817,193876,SUBTLEX-US + OpenSubtitles 2018
46,looks,풍모,You'll hear the word 'looks' often in everyday conversation.,other,B2,77.39,15886,233814,SUBTLEX-US + OpenSubtitles 2018
47,friends,친구,You'll hear the word 'friends' often in everyday conversation.,other,B2,77.32,15578,230464,SUBTLEX-US + OpenSubtitles 2018
48,says,말하다,You'll hear the word 'says' often in everyday conversation.,other,B2,77.32,16356,215090,SUBTLEX-US + OpenSubtitles 2018
49,saying,격언,You'll hear the word 'saying' often in everyday conversation.,other,B2,77.25,14911,237044,SUBTLEX-US + OpenSubtitles 2018
50,wants,원하다,You'll hear the word 'wants' often in everyday conversation.,other,B2,77.21,15655,215149,SUBTLEX-US + OpenSubtitles 2018
51,mean,야하다,You'll hear the word 'mean' often in everyday conversation.,other,A2,77.2,63444,821275,SUBTLEX-US + OpenSubtitles 2018
52,explain,설명하다,I need to explain this before we decide.,verb,A2,77.11,5670,84368,SUBTLEX-US + OpenSubtitles 2018
53,hurt,다치다,You'll hear the word 'hurt' often in everyday conversation.,other,B1,77.05,12576,161421,SUBTLEX-US + OpenSubtitles 2018
54,happened,일어났다,You'll hear the word 'happened' often in everyday conversation.,other,C1,77.04,24994,375703,SUBTLEX-US + OpenSubtitles 2018
55,later,나중에,You'll hear the word 'later' often in everyday conversation.,other,B2,77.03,14889,209129,SUBTLEX-US + OpenSubtitles 2018
56,having,소장,You'll hear the word 'having' often in everyday conversation.,other,B2,76.98,14752,206106,SUBTLEX-US + OpenSubtitles 2018
57,kids,아이들,You'll hear the word 'kids' often in everyday conversation.,other,B2,76.96,15356,192050,SUBTLEX-US + OpenSubtitles 2018
58,thinking,내성,You'll hear the word 'thinking' often in everyday conversation.,other,B2,76.82,14353,195875,SUBTLEX-US + OpenSubtitles 2018
59,cut,자르다,You'll hear the word 'cut' often in everyday conversation.,other,B1,76.79,11725,154407,SUBTLEX-US + OpenSubtitles 2018
60,available,이용 가능한,Are you available this afternoon?,adjective,B1,76.78,1323,20347,SUBTLEX-US + OpenSubtitles 2018
61,damn,저주하다,You'll hear the word 'damn' often in everyday conversation.,other,B2,76.75,14487,184731,SUBTLEX-US + OpenSubtitles 2018
62,rest,쉼표,You'll hear the word 'rest' often in everyday conversation.,other,B1,76.69,10975,160748,SUBTLEX-US + OpenSubtitles 2018
63,least,가장적게,You'll hear the word 'least' often in everyday conversation.,other,B1,76.62,10596,162905,SUBTLEX-US + OpenSubtitles 2018
64,minutes,분,You'll hear the word 'minutes' often in everyday conversation.,other,B2,76.55,13924,175091,SUBTLEX-US + OpenSubtitles 2018
65,shit,염병할,You'll hear the word 'shit' often in everyday conversation.,other,C1,76.47,24507,278294,SUBTLEX-US + OpenSubtitles 2018
66,trying,지치는,You'll hear the word 'trying' often in everyday conversation.,other,C1,76.44,22849,303288,SUBTLEX-US + OpenSubtitles 2018
67,hate,타기,You'll hear the word 'hate' often in everyday conversation.,other,B1,76.29,10944,128153,SUBTLEX-US + OpenSubtitles 2018
68,taking,취득,You'll hear the word 'taking' often in everyday conversation.,other,B2,76.25,12271,177951,SUBTLEX-US + OpenSubtitles 2018
69,cause,빚다,You'll hear the word 'cause' often in everyday conversation.,other,B2,76.24,15812,121264,SUBTLEX-US + OpenSubtitles 2018
70,half,절반,You'll hear the word 'half' often in everyday conversation.,other,B1,76.23,10156,138527,SUBTLEX-US + OpenSubtitles 2018
71,makes,만들다,You'll hear the word 'makes' often in everyday conversation.,other,B2,76.2,12296,172281,SUBTLEX-US + OpenSubtitles 2018
72,hands,손,You'll hear the word 'hands' often in everyday conversation.,other,B2,76.19,12063,176291,SUBTLEX-US + OpenSubtitles 2018
73,far,극동의,You'll hear the word 'far' often in everyday conversation.,other,B2,76.08,11279,182779,SUBTLEX-US + OpenSubtitles 2018
74,eyes,눈,You'll hear the word 'eyes' often in everyday conversation.,other,B2,76.05,11299,179260,SUBTLEX-US + OpenSubtitles 2018
75,clear,명확한,That sounds pretty clear to me.,adjective,A2,76.04,8763,125730,SUBTLEX-US + OpenSubtitles 2018
76,times,현대,You'll hear the word 'times' often in everyday conversation.,other,B2,76.01,11221,176522,SUBTLEX-US + OpenSubtitles 2018
77,pick,따다,You'll hear the word 'pick' often in everyday conversation.,other,B1,76.01,10118,122698,SUBTLEX-US + OpenSubtitles 2018
78,suppose,만일,I suppose we could try again.,other,B1,75.99,6619,75467,SUBTLEX-US + OpenSubtitles 2018
79,making,제조,You'll hear the word 'making' often in everyday conversation.,other,B2,75.98,11397,169530,SUBTLEX-US + OpenSubtitles 2018
80,comes,오다,You'll hear the word 'comes' often in everyday conversation.,other,B2,75.98,11656,164503,SUBTLEX-US + OpenSubtitles 2018
81,welcome,환영,You'll hear the word 'welcome' often in everyday conversation.,other,B1,75.98,9140,140327,SUBTLEX-US + OpenSubtitles 2018
82,means,수단,You'll hear the word 'means' often in everyday conversation.,other,B2,75.97,11136,174311,SUBTLEX-US + OpenSubtitles 2018
83,stupid,구차,You'll hear the word 'stupid' often in everyday conversation.,other,B1,75.94,9408,131497,SUBTLEX-US + OpenSubtitles 2018
84,inside,내부에,You'll hear the word 'inside' often in everyday conversation.,other,B2,75.93,10910,175518,SUBTLEX-US + OpenSubtitles 2018
85,asked,물었다,You'll hear the word 'asked' often in everyday conversation.,other,B2,75.92,11029,171740,SUBTLEX-US + OpenSubtitles 2018
86,wonder,궁금하다,I wonder why he left.,other,B1,75.89,5966,82903,SUBTLEX-US + OpenSubtitles 2018
87,able,할 수 있는,You'll hear the word 'able' often in everyday conversation.,other,B1,75.77,8155,147205,SUBTLEX-US + OpenSubtitles 2018
88,waiting,기다림,You'll hear the word 'waiting' often in everyday conversation.,other,B2,75.76,10767,162571,SUBTLEX-US + OpenSubtitles 2018
89,goes,가다,You'll hear the word 'goes' often in everyday conversation.,other,B2,75.71,11081,151195,SUBTLEX-US + OpenSubtitles 2018
90,gets,얻다,You'll hear the word 'gets' often in everyday conversation.,other,B2,75.71,11364,146064,SUBTLEX-US + OpenSubtitles 2018
91,girls,여인들,You'll hear the word 'girls' often in everyday conversation.,other,B2,75.69,10626,159061,SUBTLEX-US + OpenSubtitles 2018
92,hours,시간,You'll hear the word 'hours' often in everyday conversation.,other,B2,75.68,10959,151156,SUBTLEX-US + OpenSubtitles 2018
93,boys,소년,You'll hear the word 'boys' often in everyday conversation.,other,B2,75.56,11432,132594,SUBTLEX-US + OpenSubtitles 2018
94,jack,수컷,You'll hear the word 'jack' often in everyday conversation.,other,B2,75.46,12994,103804,SUBTLEX-US + OpenSubtitles 2018
95,women,여인들,You'll hear the word 'women' often in everyday conversation.,other,B2,75.43,9978,150803,SUBTLEX-US + OpenSubtitles 2018
96,weird,기묘한,That's kind of weird.,other,B1,75.43,5164,78580,SUBTLEX-US + OpenSubtitles 2018
97,started,시작된,You'll hear the word 'started' often in everyday conversation.,other,B2,75.37,9566,154345,SUBTLEX-US + OpenSubtitles 2018
98,though,비록,You'll hear the word 'though' often in everyday conversation.,other,B2,75.29,9279,154479,SUBTLEX-US + OpenSubtitles 2018
99,trust,신뢰,You'll hear the word 'trust' often in everyday conversation.,other,B2,75.22,9381,145804,SUBTLEX-US + OpenSubtitles 2018
100,children,어린 애들,You'll hear the word 'children' often in everyday conversation.,other,B2,75.21,8930,156181,SUBTLEX-US + OpenSubtitles 2018
101,relationship,관계,That's the relationship we were talking about.,noun,B1,75.21,3452,55128,SUBTLEX-US + OpenSubtitles 2018
102,sort,분류하다,You'll hear the word 'sort' often in everyday conversation.,other,B1,75.19,7584,117267,SUBTLEX-US + OpenSubtitles 2018
103,ass,마보,You'll hear the word 'ass' often in everyday conversation.,other,B2,75.18,11545,105009,SUBTLEX-US + OpenSubtitles 2018
104,till,까지,You'll hear the word 'till' often in everyday conversation.,other,B1,75.16,8519,97044,SUBTLEX-US + OpenSubtitles 2018
105,feel,느끼다,You'll hear the word 'feel' often in everyday conversation.,other,A2,75.15,38100,537840,SUBTLEX-US + OpenSubtitles 2018
106,tried,시도했다,You'll hear the word 'tried' often in everyday conversation.,other,B2,75.13,9529,135401,SUBTLEX-US + OpenSubtitles 2018
107,bet,걸다,You'll hear the word 'bet' often in everyday conversation.,other,B1,75.13,8764,91573,SUBTLEX-US + OpenSubtitles 2018
108,serious,중한,You'll hear the word 'serious' often in everyday conversation.,other,B1,75.05,7566,108774,SUBTLEX-US + OpenSubtitles 2018
109,especially,특히,I need to especially this before we decide.,adverb,A2,75.05,3428,54148,SUBTLEX-US + OpenSubtitles 2018
110,after,~후에,You'll hear the word 'after' often in everyday conversation.,other,A2,75.03,34815,572761,SUBTLEX-US + OpenSubtitles 2018
111,sex,성교,You'll hear the word 'sex' often in everyday conversation.,other,B1,74.94,7821,97065,SUBTLEX-US + OpenSubtitles 2018
112,around,둘레에,You'll hear the word 'around' often in everyday conversation.,other,A2,74.89,37573,471463,SUBTLEX-US + OpenSubtitles 2018
113,seems,보이다,You'll hear the word 'seems' often in everyday conversation.,other,B2,74.86,8545,136699,SUBTLEX-US + OpenSubtitles 2018
114,killed,죽인,You'll hear the word 'killed' often in everyday conversation.,other,C1,74.83,14792,228297,SUBTLEX-US + OpenSubtitles 2018
115,outside,바깥,You'll hear the word 'outside' often in everyday conversation.,other,B2,74.78,8679,127251,SUBTLEX-US + OpenSubtitles 2018
116,scared,혼나다,You'll hear the word 'scared' often in everyday conversation.,other,B1,74.77,6803,107906,SUBTLEX-US + OpenSubtitles 2018
117,bother,번민하다,Sorry to bother you.,other,B1,74.77,4728,61228,SUBTLEX-US + OpenSubtitles 2018
118,top,극점,You'll hear the word 'top' often in everyday conversation.,other,B1,74.75,6851,105992,SUBTLEX-US + OpenSubtitles 2018
119,died,죽었다,You'll hear the word 'died' often in everyday conversation.,other,B2,74.72,8018,138432,SUBTLEX-US + OpenSubtitles 2018
120,months,개월,You'll hear the word 'months' often in everyday conversation.,other,B2,74.7,8314,129732,SUBTLEX-US + OpenSubtitles 2018
121,possible,가능한,That sounds pretty possible to me.,adjective,A2,74.7,5828,106080,SUBTLEX-US + OpenSubtitles 2018
122,ever,일찌기,You'll hear the word 'ever' often in everyday conversation.,other,A2,74.69,36170,444482,SUBTLEX-US + OpenSubtitles 2018
123,maintain,유지하다,I need to maintain this before we decide.,verb,B1,74.67,661,9704,SUBTLEX-US + OpenSubtitles 2018
124,playing,장난,You'll hear the word 'playing' often in everyday conversation.,other,B2,74.66,7515,146615,SUBTLEX-US + OpenSubtitles 2018
125,needs,필요,You'll hear the word 'needs' often in everyday conversation.,other,B2,74.62,8198,126398,SUBTLEX-US + OpenSubtitles 2018
126,past,수상쩍은,You'll hear the word 'past' often in everyday conversation.,other,B1,74.58,6356,107137,SUBTLEX-US + OpenSubtitles 2018
127,definitely,단연,I'll definitely call you later.,other,B1,74.51,3848,71524,SUBTLEX-US + OpenSubtitles 2018
128,president,대통령,You'll hear the word 'president' often in everyday conversation.,other,B1,74.43,7174,81980,SUBTLEX-US + OpenSubtitles 2018
129,particular,특정한,That sounds pretty particular to me.,adjective,B2,74.35,1423,22890,SUBTLEX-US + OpenSubtitles 2018
130,lie,소굴,You'll hear the word 'lie' often in everyday conversation.,other,B1,74.3,6133,95930,SUBTLEX-US + OpenSubtitles 2018
131,sounds,소리,You'll hear the word 'sounds' often in everyday conversation.,other,B2,74.29,7970,109140,SUBTLEX-US + OpenSubtitles 2018
132,lord,군주,You'll hear the word 'lord' often in everyday conversation.,other,B2,74.21,7051,124880,SUBTLEX-US + OpenSubtitles 2018
133,michael,미가엘,You'll hear the word 'michael' often in everyday conversation.,other,B2,74.19,10115,72419,SUBTLEX-US + OpenSubtitles 2018
134,early,이른,That sounds pretty early to me.,adjective,A2,74.17,5510,84836,SUBTLEX-US + OpenSubtitles 2018
135,hang,걸다,You'll hear the word 'hang' often in everyday conversation.,other,B2,74.13,7797,102596,SUBTLEX-US + OpenSubtitles 2018
136,support,지원하다,I need to support this before we decide.,verb,A2,74.12,2587,48351,SUBTLEX-US + OpenSubtitles 2018
137,part,부분,That's the part we were talking about.,noun,A2,74.1,13550,196213,SUBTLEX-US + OpenSubtitles 2018
138,fall,떨어지다,You'll hear the word 'fall' often in everyday conversation.,other,B1,74.1,6044,87762,SUBTLEX-US + OpenSubtitles 2018
139,jesus,예수,You'll hear the word 'jesus' often in everyday conversation.,other,B2,74.06,8220,91143,SUBTLEX-US + OpenSubtitles 2018
140,parents,부모,You'll hear the word 'parents' often in everyday conversation.,other,B2,74.04,7177,110206,SUBTLEX-US + OpenSubtitles 2018
141,lives,삶,You'll hear the word 'lives' often in everyday conversation.,other,B2,74.03,7124,110583,SUBTLEX-US + OpenSubtitles 2018
142,sound,소리,You'll hear the word 'sound' often in everyday conversation.,other,B2,74.01,7313,105298,SUBTLEX-US + OpenSubtitles 2018
143,kind,종류,You'll hear the word 'kind' often in everyday conversation.,other,A2,74.0,30125,392242,SUBTLEX-US + OpenSubtitles 2018
144,knows,알다,You'll hear the word 'knows' often in everyday conversation.,other,C1,74.0,12492,181663,SUBTLEX-US + OpenSubtitles 2018
145,require,요구하다,I need to require this before we decide.,verb,B1,73.99,542,8819,SUBTLEX-US + OpenSubtitles 2018
146,secret,내밀,You'll hear the word 'secret' often in everyday conversation.,other,B1,73.94,5605,89440,SUBTLEX-US + OpenSubtitles 2018
147,absolutely,단연,You'll hear the word 'absolutely' often in everyday conversation.,other,B1,73.92,5769,84856,SUBTLEX-US + OpenSubtitles 2018
148,mess,혼란,You'll hear the word 'mess' often in everyday conversation.,other,B1,73.84,5617,83844,SUBTLEX-US + OpenSubtitles 2018
149,win,이기다,You'll hear the word 'win' often in everyday conversation.,other,B2,73.82,6882,103126,SUBTLEX-US + OpenSubtitles 2018
150,worth,고하,You'll hear the word 'worth' often in everyday conversation.,other,B1,73.82,5629,82824,SUBTLEX-US + OpenSubtitles 2018
151,general,일반적인,You'll hear the word 'general' often in everyday conversation.,other,B1,73.8,5885,76816,SUBTLEX-US + OpenSubtitles 2018
152,actually,막상,"Actually, I changed my mind.",other,A2,73.77,16439,279595,SUBTLEX-US + OpenSubtitles 2018
153,supposed,가정의,You'll hear the word 'supposed' often in everyday conversation.,other,C1,73.77,12865,153117,SUBTLEX-US + OpenSubtitles 2018
154,none,아무것도 아닌,You'll hear the word 'none' often in everyday conversation.,other,B1,73.77,5641,80315,SUBTLEX-US + OpenSubtitles 2018
155,consider,고려하다,Have you considered moving closer?,verb,A2,73.75,2676,37165,SUBTLEX-US + OpenSubtitles 2018
156,future,미래,You'll hear the word 'future' often in everyday conversation.,other,B1,73.74,5278,86832,SUBTLEX-US + OpenSubtitles 2018
157,huh,하아,You'll hear the word 'huh' often in everyday conversation.,other,C2,73.69,22350,274656,SUBTLEX-US + OpenSubtitles 2018
158,unless,외에는,You'll hear the word 'unless' often in everyday conversation.,other,B1,73.63,5798,70979,SUBTLEX-US + OpenSubtitles 2018
159,done,완료된,You'll hear the word 'done' often in everyday conversation.,other,A2,73.56,24737,408760,SUBTLEX-US + OpenSubtitles 2018
160,ladies,여성,You'll hear the word 'ladies' often in everyday conversation.,other,B2,73.55,7054,85029,SUBTLEX-US + OpenSubtitles 2018
161,dude,친구,You'll hear the word 'dude' often in everyday conversation.,other,B1,73.54,5071,82190,SUBTLEX-US + OpenSubtitles 2018
162,enough,충분한,You'll hear the word 'enough' often in everyday conversation.,other,A2,73.51,25568,376973,SUBTLEX-US + OpenSubtitles 2018
163,beat,불수진,You'll hear the word 'beat' often in everyday conversation.,other,B2,73.51,6716,89787,SUBTLEX-US + OpenSubtitles 2018
164,calm,고요,You'll hear the word 'calm' often in everyday conversation.,other,B1,73.51,4743,89218,SUBTLEX-US + OpenSubtitles 2018
165,however,그러나,I need to however this before we decide.,adverb,A2,73.5,2299,40098,SUBTLEX-US + OpenSubtitles 2018
166,words,언사,You'll hear the word 'words' often in everyday conversation.,other,B2,73.47,6223,98242,SUBTLEX-US + OpenSubtitles 2018
167,weeks,주,You'll hear the word 'weeks' often in everyday conversation.,other,B2,73.47,6637,88925,SUBTLEX-US + OpenSubtitles 2018
168,obviously,분명히,"Obviously, we need a better plan.",other,B1,73.43,3082,53527,SUBTLEX-US + OpenSubtitles 2018
169,pain,통증,You'll hear the word 'pain' often in everyday conversation.,other,B1,73.41,5014,77869,SUBTLEX-US + OpenSubtitles 2018
170,darling,자기야,You'll hear the word 'darling' often in everyday conversation.,other,B2,73.4,6728,83649,SUBTLEX-US + OpenSubtitles 2018
171,george,보석상,You'll hear the word 'george' often in everyday conversation.,other,B2,73.4,7474,71785,SUBTLEX-US + OpenSubtitles 2018
172,calling,기항,You'll hear the word 'calling' often in everyday conversation.,other,B2,73.38,6312,90868,SUBTLEX-US + OpenSubtitles 2018
173,looked,보았다,You'll hear the word 'looked' often in everyday conversation.,other,B2,73.31,6166,90441,SUBTLEX-US + OpenSubtitles 2018
174,buddy,친구,You'll hear the word 'buddy' often in everyday conversation.,other,B1,73.26,5247,66718,SUBTLEX-US + OpenSubtitles 2018
175,land,땅,You'll hear the word 'land' often in everyday conversation.,other,B1,73.25,4494,83422,SUBTLEX-US + OpenSubtitles 2018
176,simple,간단한,That sounds pretty simple to me.,adjective,A2,73.22,4556,65090,SUBTLEX-US + OpenSubtitles 2018
177,worked,일했다,You'll hear the word 'worked' often in everyday conversation.,other,B2,73.19,5877,90771,SUBTLEX-US + OpenSubtitles 2018
178,takes,걸리다,You'll hear the word 'takes' often in everyday conversation.,other,B2,73.16,5986,86959,SUBTLEX-US + OpenSubtitles 2018
179,feet,발,You'll hear the word 'feet' often in everyday conversation.,other,B2,73.16,6157,83295,SUBTLEX-US + OpenSubtitles 2018
180,security,보안,You'll hear the word 'security' often in everyday conversation.,other,B1,73.16,4810,71503,SUBTLEX-US + OpenSubtitles 2018
181,york,요크가,You'll hear the word 'york' often in everyday conversation.,other,B2,73.11,7069,65880,SUBTLEX-US + OpenSubtitles 2018
182,questions,질문,You'll hear the word 'questions' often in everyday conversation.,other,B2,73.09,6016,82887,SUBTLEX-US + OpenSubtitles 2018
183,moving,이전,You'll hear the word 'moving' often in everyday conversation.,other,B2,73.09,6104,81193,SUBTLEX-US + OpenSubtitles 2018
184,swear,다짐하다,You'll hear the word 'swear' often in everyday conversation.,other,B1,73.08,4738,69714,SUBTLEX-US + OpenSubtitles 2018
185,next,다음,You'll hear the word 'next' often in everyday conversation.,other,A2,73.04,23090,335573,SUBTLEX-US + OpenSubtitles 2018
186,lose,잃다,You'll hear the word 'lose' often in everyday conversation.,other,A2,72.99,22356,341110,SUBTLEX-US + OpenSubtitles 2018
187,amazing,굉장한,You'll hear the word 'amazing' often in everyday conversation.,other,B1,72.99,4167,80267,SUBTLEX-US + OpenSubtitles 2018
188,certain,확실한,That sounds pretty certain to me.,adjective,A2,72.99,4354,61050,SUBTLEX-US + OpenSubtitles 2018
189,joe,형씨,You'll hear the word 'joe' often in everyday conversation.,other,B2,72.98,6554,68658,SUBTLEX-US + OpenSubtitles 2018
190,totally,완전히,You'll hear the word 'totally' often in everyday conversation.,other,B1,72.94,4377,72478,SUBTLEX-US + OpenSubtitles 2018
191,dead,쓸모없이된,You'll hear the word 'dead' often in everyday conversation.,other,A2,72.93,22907,317589,SUBTLEX-US + OpenSubtitles 2018
192,christmas,성탄절,You'll hear the word 'christmas' often in everyday conversation.,other,B2,72.93,6274,71082,SUBTLEX-US + OpenSubtitles 2018
193,others,타인,You'll hear the word 'others' often in everyday conversation.,other,B2,72.91,5061,96631,SUBTLEX-US + OpenSubtitles 2018
194,giving,주는,You'll hear the word 'giving' often in everyday conversation.,other,B2,72.9,5613,82085,SUBTLEX-US + OpenSubtitles 2018
195,completely,바싹,You'll hear the word 'completely' often in everyday conversation.,other,B1,72.9,4303,72777,SUBTLEX-US + OpenSubtitles 2018
196,turned,돌린,You'll hear the word 'turned' often in everyday conversation.,other,B2,72.86,5388,85279,SUBTLEX-US + OpenSubtitles 2018
197,telling,드러내는,You'll hear the word 'telling' often in everyday conversation.,other,C1,72.85,9730,136109,SUBTLEX-US + OpenSubtitles 2018
198,forgive,삭히다,You'll hear the word 'forgive' often in everyday conversation.,other,B1,72.84,4110,74915,SUBTLEX-US + OpenSubtitles 2018
199,near,측근,You'll hear the word 'near' often in everyday conversation.,other,B1,72.84,4304,70049,SUBTLEX-US + OpenSubtitles 2018
200,state,상태,You'll hear the word 'state' often in everyday conversation.,other,B2,72.82,5500,80818,SUBTLEX-US + OpenSubtitles 2018
201,present,소개하다,You'll hear the word 'present' often in everyday conversation.,other,B1,72.81,4562,63307,SUBTLEX-US + OpenSubtitles 2018
202,count,논점,You'll hear the word 'count' often in everyday conversation.,other,B1,72.81,4588,62763,SUBTLEX-US + OpenSubtitles 2018
203,longer,더 긴,You'll hear the word 'longer' often in everyday conversation.,other,B2,72.8,5046,91035,SUBTLEX-US + OpenSubtitles 2018
204,chief,수장,You'll hear the word 'chief' often in everyday conversation.,other,B1,72.8,3973,76951,SUBTLEX-US + OpenSubtitles 2018
205,generally,일반적으로,I need to generally this before we decide.,adverb,B1,72.8,424,6401,SUBTLEX-US + OpenSubtitles 2018
206,charge,고소,You'll hear the word 'charge' often in everyday conversation.,other,B1,72.79,4559,62746,SUBTLEX-US + OpenSubtitles 2018
207,army,군대,You'll hear the word 'army' often in everyday conversation.,other,B1,72.77,4370,65795,SUBTLEX-US + OpenSubtitles 2018
208,changed,변경된,You'll hear the word 'changed' often in everyday conversation.,other,B2,72.76,5148,86133,SUBTLEX-US + OpenSubtitles 2018
209,works,작품,You'll hear the word 'works' often in everyday conversation.,other,B2,72.72,5357,79323,SUBTLEX-US + OpenSubtitles 2018
210,lead,이끌다,You'll hear the word 'lead' often in everyday conversation.,other,B1,72.71,4269,65756,SUBTLEX-US + OpenSubtitles 2018
211,entire,전체의,You'll hear the word 'entire' often in everyday conversation.,other,B1,72.65,4070,68282,SUBTLEX-US + OpenSubtitles 2018
212,ones,것들,You'll hear the word 'ones' often in everyday conversation.,other,B2,72.63,5177,79546,SUBTLEX-US + OpenSubtitles 2018
213,ridiculous,우스꽝스러운,That's absolutely ridiculous.,other,B1,72.63,2836,38121,SUBTLEX-US + OpenSubtitles 2018
214,master,석사,You'll hear the word 'master' often in everyday conversation.,other,B2,72.62,4520,96622,SUBTLEX-US + OpenSubtitles 2018
215,record,등기,You'll hear the word 'record' often in everyday conversation.,other,B1,72.62,4365,60360,SUBTLEX-US + OpenSubtitles 2018
216,proud,거만한,You'll hear the word 'proud' often in everyday conversation.,other,B1,72.53,4265,59309,SUBTLEX-US + OpenSubtitles 2018
217,suggest,제안하다,I suggest we leave early.,verb,A2,72.53,2001,28213,SUBTLEX-US + OpenSubtitles 2018
218,mike,마이크,You'll hear the word 'mike' often in everyday conversation.,other,B2,72.52,5755,63669,SUBTLEX-US + OpenSubtitles 2018
219,killing,도살,You'll hear the word 'killing' often in everyday conversation.,other,B1,72.5,4149,60790,SUBTLEX-US + OpenSubtitles 2018
220,pretend,공상상의,Don't pretend you didn't know.,other,B2,72.48,3197,49267,SUBTLEX-US + OpenSubtitles 2018
221,marriage,결혼,You'll hear the word 'marriage' often in everyday conversation.,other,B1,72.46,3930,64465,SUBTLEX-US + OpenSubtitles 2018
222,wow,야아,You'll hear the word 'wow' often in everyday conversation.,other,C1,72.45,8173,139799,SUBTLEX-US + OpenSubtitles 2018
223,needed,필요한,You'll hear the word 'needed' often in everyday conversation.,other,B2,72.44,4818,78920,SUBTLEX-US + OpenSubtitles 2018
224,exactly,마침,That's exactly what I mean.,other,A2,72.41,12607,189513,SUBTLEX-US + OpenSubtitles 2018
225,bitch,개년,You'll hear the word 'bitch' often in everyday conversation.,other,C1,72.41,9356,112097,SUBTLEX-US + OpenSubtitles 2018
226,service,서비스,You'll hear the word 'service' often in everyday conversation.,other,B1,72.41,4076,59277,SUBTLEX-US + OpenSubtitles 2018
227,david,다윗,You'll hear the word 'david' often in everyday conversation.,other,B2,72.38,5196,68505,SUBTLEX-US + OpenSubtitles 2018
228,responsibility,책임,That's the responsibility we were talking about.,noun,B1,72.38,1806,28183,SUBTLEX-US + OpenSubtitles 2018
229,mrs,여사,You'll hear the word 'mrs' often in everyday conversation.,other,C1,72.34,15858,49087,SUBTLEX-US + OpenSubtitles 2018
230,drunk,술취한,You'll hear the word 'drunk' often in everyday conversation.,other,B1,72.34,4020,58287,SUBTLEX-US + OpenSubtitles 2018
231,owe,빚이 있다,You'll hear the word 'owe' often in everyday conversation.,other,B1,72.31,4260,52355,SUBTLEX-US + OpenSubtitles 2018
232,soul,기백,You'll hear the word 'soul' often in everyday conversation.,other,B1,72.29,3927,58677,SUBTLEX-US + OpenSubtitles 2018
233,protect,지키다,You'll hear the word 'protect' often in everyday conversation.,other,B1,72.28,3583,66508,SUBTLEX-US + OpenSubtitles 2018
234,judge,사사,You'll hear the word 'judge' often in everyday conversation.,other,B1,72.28,4063,55336,SUBTLEX-US + OpenSubtitles 2018
235,detective,탐정의,You'll hear the word 'detective' often in everyday conversation.,other,B1,72.24,3458,68669,SUBTLEX-US + OpenSubtitles 2018
236,american,미합중국의,You'll hear the word 'american' often in everyday conversation.,other,B2,72.24,5213,62835,SUBTLEX-US + OpenSubtitles 2018
237,round,한판,You'll hear the word 'round' often in everyday conversation.,other,B1,72.23,3393,70043,SUBTLEX-US + OpenSubtitles 2018
238,negotiate,협상하다,I need to negotiate this before we decide.,verb,B1,72.23,346,6229,SUBTLEX-US + OpenSubtitles 2018
239,decided,결정했다,You'll hear the word 'decided' often in everyday conversation.,other,B2,72.22,4521,76683,SUBTLEX-US + OpenSubtitles 2018
240,complex,복잡한,That sounds pretty complex to me.,adjective,B1,72.18,669,11993,SUBTLEX-US + OpenSubtitles 2018
241,whole,날조한,You'll hear the word 'whole' often in everyday conversation.,other,A2,72.17,19660,257109,SUBTLEX-US + OpenSubtitles 2018
242,chance,기회,There's a good chance he'll come.,other,A2,72.15,12326,168166,SUBTLEX-US + OpenSubtitles 2018
243,public,공공의,You'll hear the word 'public' often in everyday conversation.,other,B1,72.12,3626,59687,SUBTLEX-US + OpenSubtitles 2018
244,otherwise,그렇지 않으면,"Hurry up, otherwise we'll be late.",other,B1,72.11,2119,43596,SUBTLEX-US + OpenSubtitles 2018
245,anyway,어쨌든,"Anyway, what were you saying?",other,A2,72.1,12164,166702,SUBTLEX-US + OpenSubtitles 2018
246,deserve,~할 자격이 있다,You deserve a break.,other,B1,72.08,2280,38393,SUBTLEX-US + OpenSubtitles 2018
247,quit,면하여,You'll hear the word 'quit' often in everyday conversation.,other,B2,72.07,5178,57575,SUBTLEX-US + OpenSubtitles 2018
248,respect,개소,You'll hear the word 'respect' often in everyday conversation.,other,B1,72.07,3644,57647,SUBTLEX-US + OpenSubtitles 2018
249,honest,정직한,You'll hear the word 'honest' often in everyday conversation.,other,B1,72.06,3689,56234,SUBTLEX-US + OpenSubtitles 2018
250,country,나라,That's the country we were talking about.,noun,A2,72.05,8254,125731,SUBTLEX-US + OpenSubtitles 2018
251,stick,붙다,You'll hear the word 'stick' often in everyday conversation.,other,B2,72.05,4955,60548,SUBTLEX-US + OpenSubtitles 2018
252,grab,잡다,You'll hear the word 'grab' often in everyday conversation.,other,B1,72.0,3816,51807,SUBTLEX-US + OpenSubtitles 2018
253,whether,어떻등,You'll hear the word 'whether' often in everyday conversation.,other,B1,71.98,3424,59993,SUBTLEX-US + OpenSubtitles 2018
254,born,태어난,You'll hear the word 'born' often in everyday conversation.,other,B2,71.96,4268,71906,SUBTLEX-US + OpenSubtitles 2018
255,peter,베드로,You'll hear the word 'peter' often in everyday conversation.,other,B2,71.96,4779,60761,SUBTLEX-US + OpenSubtitles 2018
256,jail,영창,You'll hear the word 'jail' often in everyday conversation.,other,B1,71.96,3687,53077,SUBTLEX-US + OpenSubtitles 2018
257,prison,감옥,You'll hear the word 'prison' often in everyday conversation.,other,B1,71.95,3368,60581,SUBTLEX-US + OpenSubtitles 2018
258,prove,증명하다,You'll hear the word 'prove' often in everyday conversation.,other,B1,71.95,3590,55079,SUBTLEX-US + OpenSubtitles 2018
259,used,중고,You'll hear the word 'used' often in everyday conversation.,other,A2,71.92,17551,263566,SUBTLEX-US + OpenSubtitles 2018
260,somehow,좌우간,We'll make it work somehow.,other,B1,71.92,2310,34291,SUBTLEX-US + OpenSubtitles 2018
261,while,~하는 동안,You'll hear the word 'while' often in everyday conversation.,other,A2,71.91,17826,255970,SUBTLEX-US + OpenSubtitles 2018
262,paul,바울,You'll hear the word 'paul' often in everyday conversation.,other,B2,71.91,4801,58529,SUBTLEX-US + OpenSubtitles 2018
263,involve,포함하다,I need to involve this before we decide.,verb,B1,71.91,330,5533,SUBTLEX-US + OpenSubtitles 2018
264,miles,마일,You'll hear the word 'miles' often in everyday conversation.,other,B2,71.85,4500,62523,SUBTLEX-US + OpenSubtitles 2018
265,dare,감히 하다,You'll hear the word 'dare' often in everyday conversation.,other,B1,71.85,3177,62140,SUBTLEX-US + OpenSubtitles 2018
266,leaving,잔물,You'll hear the word 'leaving' often in everyday conversation.,other,C1,71.82,7221,117050,SUBTLEX-US + OpenSubtitles 2018
267,involved,뒤얽힌,You'll hear the word 'involved' often in everyday conversation.,other,B1,71.82,3465,53718,SUBTLEX-US + OpenSubtitles 2018
268,professor,지휘자,You'll hear the word 'professor' often in everyday conversation.,other,B1,71.82,3548,52026,SUBTLEX-US + OpenSubtitles 2018
269,acknowledge,인정하다,I need to acknowledge this before we decide.,verb,B1,71.79,349,4768,SUBTLEX-US + OpenSubtitles 2018
270,tough,고된,You'll hear the word 'tough' often in everyday conversation.,other,B2,71.78,4620,57486,SUBTLEX-US + OpenSubtitles 2018
271,push,밀다,You'll hear the word 'push' often in everyday conversation.,other,B1,71.78,3598,49690,SUBTLEX-US + OpenSubtitles 2018
272,holy,지성소,You'll hear the word 'holy' often in everyday conversation.,other,B1,71.76,3485,51499,SUBTLEX-US + OpenSubtitles 2018
273,myself,나 자신,You'll hear the word 'myself' often in everyday conversation.,other,A2,71.75,17470,240460,SUBTLEX-US + OpenSubtitles 2018
274,blame,비난하다,You'll hear the word 'blame' often in everyday conversation.,other,B1,71.75,3457,51888,SUBTLEX-US + OpenSubtitles 2018
275,laugh,웃다,You'll hear the word 'laugh' often in everyday conversation.,other,B1,71.71,3206,56460,SUBTLEX-US + OpenSubtitles 2018
276,theory,이론,That's the theory we were talking about.,noun,B1,71.65,1459,25360,SUBTLEX-US + OpenSubtitles 2018
277,afford,여유가 되다,I can't afford to buy it right now.,other,B1,71.63,2288,29502,SUBTLEX-US + OpenSubtitles 2018
278,send,보내다,You'll hear the word 'send' often in everyday conversation.,other,A2,71.59,16207,245958,SUBTLEX-US + OpenSubtitles 2018
279,stuck,끼인,You'll hear the word 'stuck' often in everyday conversation.,other,B1,71.59,3399,48497,SUBTLEX-US + OpenSubtitles 2018
280,arrest,구류,You'll hear the word 'arrest' often in everyday conversation.,other,B1,71.56,3229,51303,SUBTLEX-US + OpenSubtitles 2018
281,alone,혼자,You'll hear the word 'alone' often in everyday conversation.,other,A2,71.48,15735,240475,SUBTLEX-US + OpenSubtitles 2018
282,happens,일어나다,You'll hear the word 'happens' often in everyday conversation.,other,C1,71.48,6996,100847,SUBTLEX-US + OpenSubtitles 2018
283,upstairs,위층,You'll hear the word 'upstairs' often in everyday conversation.,other,B1,71.48,3607,41732,SUBTLEX-US + OpenSubtitles 2018
284,america,미국,You'll hear the word 'america' often in everyday conversation.,other,B2,71.46,3974,59703,SUBTLEX-US + OpenSubtitles 2018
285,bob,실링,You'll hear the word 'bob' often in everyday conversation.,other,B2,71.46,4718,46337,SUBTLEX-US + OpenSubtitles 2018
286,foot,꼴찌,You'll hear the word 'foot' often in everyday conversation.,other,B1,71.46,3374,45557,SUBTLEX-US + OpenSubtitles 2018
287,problems,분란,You'll hear the word 'problems' often in everyday conversation.,other,B2,71.45,3931,60633,SUBTLEX-US + OpenSubtitles 2018
288,deep,깊은,You'll hear the word 'deep' often in everyday conversation.,other,B2,71.44,3898,60938,SUBTLEX-US + OpenSubtitles 2018
289,calls,통화,You'll hear the word 'calls' often in everyday conversation.,other,B2,71.42,4097,55940,SUBTLEX-US + OpenSubtitles 2018
290,recently,최근에,I need to recently this before we decide.,adverb,A2,71.41,1328,27204,SUBTLEX-US + OpenSubtitles 2018
291,patient,환자,You'll hear the word 'patient' often in everyday conversation.,other,B1,71.37,3246,45828,SUBTLEX-US + OpenSubtitles 2018
292,doc,문서,You'll hear the word 'doc' often in everyday conversation.,other,B1,71.37,4122,32073,SUBTLEX-US + OpenSubtitles 2018
293,asking,청구,You'll hear the word 'asking' often in everyday conversation.,other,C1,71.35,6547,102974,SUBTLEX-US + OpenSubtitles 2018
294,cell,암자,You'll hear the word 'cell' often in everyday conversation.,other,B1,71.35,2773,57033,SUBTLEX-US + OpenSubtitles 2018
295,using,사용하여,You'll hear the word 'using' often in everyday conversation.,other,B2,71.33,3520,66503,SUBTLEX-US + OpenSubtitles 2018
296,race,가계,You'll hear the word 'race' often in everyday conversation.,other,B1,71.33,3224,45161,SUBTLEX-US + OpenSubtitles 2018
297,risk,위험,You'll hear the word 'risk' often in everyday conversation.,other,B1,71.29,2902,51553,SUBTLEX-US + OpenSubtitles 2018
298,rid,제거하다,You'll hear the word 'rid' often in everyday conversation.,other,B1,71.26,3072,46458,SUBTLEX-US + OpenSubtitles 2018
299,department,부문,You'll hear the word 'department' often in everyday conversation.,other,B1,71.25,3256,42487,SUBTLEX-US + OpenSubtitles 2018
300,english,영국사람,You'll hear the word 'english' often in everyday conversation.,other,B2,71.2,3779,55677,SUBTLEX-US + OpenSubtitles 2018
301,previous,이전의,That sounds pretty previous to me.,adjective,B1,71.2,484,10960,SUBTLEX-US + OpenSubtitles 2018
302,press,누름,You'll hear the word 'press' often in everyday conversation.,other,B1,71.19,3070,44624,SUBTLEX-US + OpenSubtitles 2018
303,guilty,죄가 있는,You'll hear the word 'guilty' often in everyday conversation.,other,B1,71.19,3177,42459,SUBTLEX-US + OpenSubtitles 2018
304,fighting,전투,You'll hear the word 'fighting' often in everyday conversation.,other,B2,71.18,3613,58657,SUBTLEX-US + OpenSubtitles 2018
305,reach,도달하다,You'll hear the word 'reach' often in everyday conversation.,other,B1,71.18,2903,48221,SUBTLEX-US + OpenSubtitles 2018
306,somebody,누군가,You'll hear the word 'somebody' often in everyday conversation.,other,A2,71.17,17578,171596,SUBTLEX-US + OpenSubtitles 2018
307,decision,판별,You'll hear the word 'decision' often in everyday conversation.,other,B1,71.17,2808,50446,SUBTLEX-US + OpenSubtitles 2018
308,evil,악행,You'll hear the word 'evil' often in everyday conversation.,other,B2,71.14,3803,53164,SUBTLEX-US + OpenSubtitles 2018
309,harry,침략하다,You'll hear the word 'harry' often in everyday conversation.,other,B2,71.14,4194,46028,SUBTLEX-US + OpenSubtitles 2018
310,situation,상황,It's a complicated situation.,noun,A2,71.12,4207,66029,SUBTLEX-US + OpenSubtitles 2018
311,effective,효과적인,That sounds pretty effective to me.,adjective,B1,71.12,536,9022,SUBTLEX-US + OpenSubtitles 2018
312,idiot,바보,You'll hear the word 'idiot' often in everyday conversation.,other,B2,71.11,3377,62357,SUBTLEX-US + OpenSubtitles 2018
313,taste,맛,You'll hear the word 'taste' often in everyday conversation.,other,B1,71.09,2910,45657,SUBTLEX-US + OpenSubtitles 2018
314,suddenly,돌연,You'll hear the word 'suddenly' often in everyday conversation.,other,B1,71.08,2854,46833,SUBTLEX-US + OpenSubtitles 2018
315,bunch,무리,You'll hear the word 'bunch' often in everyday conversation.,other,B1,71.08,3054,42387,SUBTLEX-US + OpenSubtitles 2018
316,stuff,재료,You'll hear the word 'stuff' often in everyday conversation.,other,A2,71.07,15687,191234,SUBTLEX-US + OpenSubtitles 2018
317,spent,지쳐버린,You'll hear the word 'spent' often in everyday conversation.,other,B2,71.07,3574,55836,SUBTLEX-US + OpenSubtitles 2018
318,starting,시작하는,You'll hear the word 'starting' often in everyday conversation.,other,B2,71.06,3558,55979,SUBTLEX-US + OpenSubtitles 2018
319,driving,운전,You'll hear the word 'driving' often in everyday conversation.,other,B2,71.05,3780,50866,SUBTLEX-US + OpenSubtitles 2018
320,gay,화류,You'll hear the word 'gay' often in everyday conversation.,other,B1,71.05,3013,42536,SUBTLEX-US + OpenSubtitles 2018
321,moved,동하다,You'll hear the word 'moved' often in everyday conversation.,other,B2,71.02,3536,55096,SUBTLEX-US + OpenSubtitles 2018
322,heaven,상공,You'll hear the word 'heaven' often in everyday conversation.,other,B1,71.01,2887,44231,SUBTLEX-US + OpenSubtitles 2018
323,french,프랑스어,You'll hear the word 'french' often in everyday conversation.,other,B2,70.98,3546,53911,SUBTLEX-US + OpenSubtitles 2018
324,innocent,호인,You'll hear the word 'innocent' often in everyday conversation.,other,B1,70.97,2853,44023,SUBTLEX-US + OpenSubtitles 2018
325,bomb,큰 실패,You'll hear the word 'bomb' often in everyday conversation.,other,B1,70.92,2933,40911,SUBTLEX-US + OpenSubtitles 2018
326,bit,비트,You'll hear the word 'bit' often in everyday conversation.,other,A2,70.91,11988,258929,SUBTLEX-US + OpenSubtitles 2018
327,shoes,신발,You'll hear the word 'shoes' often in everyday conversation.,other,B2,70.89,3782,46490,SUBTLEX-US + OpenSubtitles 2018
328,dollars,달러,You'll hear the word 'dollars' often in everyday conversation.,other,B2,70.89,3998,42705,SUBTLEX-US + OpenSubtitles 2018
329,community,공동체,That's the community we were talking about.,noun,B2,70.88,1486,26540,SUBTLEX-US + OpenSubtitles 2018
330,huge,거창하다,You'll hear the word 'huge' often in everyday conversation.,other,B1,70.87,2467,51581,SUBTLEX-US + OpenSubtitles 2018
331,apologize,사죄하다,You'll hear the word 'apologize' often in everyday conversation.,other,B1,70.87,2861,41350,SUBTLEX-US + OpenSubtitles 2018
332,die,죽다,You'll hear the word 'die' often in everyday conversation.,other,A2,70.85,13323,214062,SUBTLEX-US + OpenSubtitles 2018
333,yell,지르다,You'll hear the word 'yell' often in everyday conversation.,other,B1,70.85,2555,48203,SUBTLEX-US + OpenSubtitles 2018
334,independent,독립적인,That sounds pretty independent to me.,adjective,B1,70.85,494,8698,SUBTLEX-US + OpenSubtitles 2018
335,manage,관리하다,I managed to finish it on time.,verb,A2,70.83,1095,25874,SUBTLEX-US + OpenSubtitles 2018
336,seconds,초,You'll hear the word 'seconds' often in everyday conversation.,other,B2,70.82,3603,47936,SUBTLEX-US + OpenSubtitles 2018
337,deliberately,의도적으로,I need to deliberately this before we decide.,adverb,B2,70.81,319,5195,SUBTLEX-US + OpenSubtitles 2018
338,ultimately,궁극적으로,I need to ultimately this before we decide.,adverb,B2,70.78,288,5946,SUBTLEX-US + OpenSubtitles 2018
339,lay,얹다,You'll hear the word 'lay' often in everyday conversation.,other,B1,70.77,2970,36984,SUBTLEX-US + OpenSubtitles 2018
340,crazy,반한,You'll hear the word 'crazy' often in everyday conversation.,other,A2,70.75,13933,189439,SUBTLEX-US + OpenSubtitles 2018
341,james,야곱,You'll hear the word 'james' often in everyday conversation.,other,B2,70.73,3358,50562,SUBTLEX-US + OpenSubtitles 2018
342,immediately,냉큼,You'll hear the word 'immediately' often in everyday conversation.,other,B1,70.73,2446,47938,SUBTLEX-US + OpenSubtitles 2018
343,jump,점프하다,You'll hear the word 'jump' often in everyday conversation.,other,B2,70.73,3561,46358,SUBTLEX-US + OpenSubtitles 2018
344,waste,낭비,You'll hear the word 'waste' often in everyday conversation.,other,B1,70.73,2716,41240,SUBTLEX-US + OpenSubtitles 2018
345,rules,규칙,You'll hear the word 'rules' often in everyday conversation.,other,B2,70.72,3438,48345,SUBTLEX-US + OpenSubtitles 2018
346,victim,피해자,You'll hear the word 'victim' often in everyday conversation.,other,B1,70.71,2434,47739,SUBTLEX-US + OpenSubtitles 2018
347,level,수준,You'll hear the word 'level' often in everyday conversation.,other,B1,70.69,2709,40481,SUBTLEX-US + OpenSubtitles 2018
348,richard,리처드,You'll hear the word 'richard' often in everyday conversation.,other,B2,70.68,3765,41446,SUBTLEX-US + OpenSubtitles 2018
349,various,다양한,That sounds pretty various to me.,adjective,B1,70.68,456,8893,SUBTLEX-US + OpenSubtitles 2018
350,seeing,보는,You'll hear the word 'seeing' often in everyday conversation.,other,C1,70.67,5591,88192,SUBTLEX-US + OpenSubtitles 2018
351,duty,구실,You'll hear the word 'duty' often in everyday conversation.,other,B1,70.67,2599,42329,SUBTLEX-US + OpenSubtitles 2018
352,pregnant,임신,You'll hear the word 'pregnant' often in everyday conversation.,other,B1,70.67,2653,41290,SUBTLEX-US + OpenSubtitles 2018
353,police,경찰,You'll hear the word 'police' often in everyday conversation.,other,A2,70.66,12101,221380,SUBTLEX-US + OpenSubtitles 2018
354,loved,사랑받는,You'll hear the word 'loved' often in everyday conversation.,other,C1,70.65,5627,86138,SUBTLEX-US + OpenSubtitles 2018
355,named,지명된,You'll hear the word 'named' often in everyday conversation.,other,B2,70.65,3564,44264,SUBTLEX-US + OpenSubtitles 2018
356,justify,정당화하다,I need to justify this before we decide.,verb,B2,70.65,307,5014,SUBTLEX-US + OpenSubtitles 2018
357,breath,호흡,You'll hear the word 'breath' often in everyday conversation.,other,B1,70.64,2614,41263,SUBTLEX-US + OpenSubtitles 2018
358,sheriff,보안관,You'll hear the word 'sheriff' often in everyday conversation.,other,B1,70.64,3174,31026,SUBTLEX-US + OpenSubtitles 2018
359,paris,파리,You'll hear the word 'paris' often in everyday conversation.,other,B2,70.62,3531,44110,SUBTLEX-US + OpenSubtitles 2018
360,treat,대하다,You'll hear the word 'treat' often in everyday conversation.,other,B1,70.6,2646,39803,SUBTLEX-US + OpenSubtitles 2018
361,gives,주다,You'll hear the word 'gives' often in everyday conversation.,other,B2,70.59,3290,47900,SUBTLEX-US + OpenSubtitles 2018
362,books,도서,You'll hear the word 'books' often in everyday conversation.,other,B2,70.56,3456,43897,SUBTLEX-US + OpenSubtitles 2018
363,pictures,사진,You'll hear the word 'pictures' often in everyday conversation.,other,B2,70.56,3477,43550,SUBTLEX-US + OpenSubtitles 2018
364,enemy,적,You'll hear the word 'enemy' often in everyday conversation.,other,B1,70.56,2474,42799,SUBTLEX-US + OpenSubtitles 2018
365,mission,천직,You'll hear the word 'mission' often in everyday conversation.,other,B1,70.54,2400,44289,SUBTLEX-US + OpenSubtitles 2018
366,van,유개트럭,You'll hear the word 'van' often in everyday conversation.,other,B1,70.53,2646,38223,SUBTLEX-US + OpenSubtitles 2018
367,blind,눈먼,You'll hear the word 'blind' often in everyday conversation.,other,B1,70.52,2601,38827,SUBTLEX-US + OpenSubtitles 2018
368,deal,도르다,You'll hear the word 'deal' often in everyday conversation.,other,A2,70.5,13330,174929,SUBTLEX-US + OpenSubtitles 2018
369,necessary,필요한,That sounds pretty necessary to me.,adjective,A2,70.49,2347,36124,SUBTLEX-US + OpenSubtitles 2018
370,above,이상,You'll hear the word 'above' often in everyday conversation.,other,B1,70.48,2493,40388,SUBTLEX-US + OpenSubtitles 2018
371,hanging,급경사,You'll hear the word 'hanging' often in everyday conversation.,other,B1,70.48,2753,35005,SUBTLEX-US + OpenSubtitles 2018
372,battle,전투,You'll hear the word 'battle' often in everyday conversation.,other,B1,70.47,2307,45131,SUBTLEX-US + OpenSubtitles 2018
373,spirit,기질,You'll hear the word 'spirit' often in everyday conversation.,other,B1,70.47,2520,39556,SUBTLEX-US + OpenSubtitles 2018
374,demonstrate,보여주다,I need to demonstrate this before we decide.,verb,B1,70.47,238,3918,SUBTLEX-US + OpenSubtitles 2018
375,honestly,진실로,"Honestly, I don't know what to say.",other,B1,70.46,1390,31501,SUBTLEX-US + OpenSubtitles 2018
376,sigh,한숨,You'll hear the word 'sigh' often in everyday conversation.,other,B1,70.44,1100,132692,SUBTLEX-US + OpenSubtitles 2018
377,honey,벌꿀,You'll hear the word 'honey' often in everyday conversation.,other,A2,70.43,15377,136073,SUBTLEX-US + OpenSubtitles 2018
378,grand,멋진,You'll hear the word 'grand' often in everyday conversation.,other,B2,70.43,3216,45371,SUBTLEX-US + OpenSubtitles 2018
379,common,흔한,That sounds pretty common to me.,adjective,A2,70.43,2275,36698,SUBTLEX-US + OpenSubtitles 2018
380,assume,가정하다,I assumed you already knew.,other,B1,70.41,1707,22616,SUBTLEX-US + OpenSubtitles 2018
381,whatever,무엇,You'll hear the word 'whatever' often in everyday conversation.,other,A2,70.4,12584,180082,SUBTLEX-US + OpenSubtitles 2018
382,nobody,무명인,You'll hear the word 'nobody' often in everyday conversation.,other,A2,70.37,13630,157394,SUBTLEX-US + OpenSubtitles 2018
383,lots,훨씬 더,You'll hear the word 'lots' often in everyday conversation.,other,B2,70.36,3068,46570,SUBTLEX-US + OpenSubtitles 2018
384,weapon,무기,You'll hear the word 'weapon' often in everyday conversation.,other,B1,70.34,2379,40033,SUBTLEX-US + OpenSubtitles 2018
385,orders,납품,You'll hear the word 'orders' often in everyday conversation.,other,B2,70.3,3130,43786,SUBTLEX-US + OpenSubtitles 2018
386,regret,낙담,I regret saying that.,other,B2,70.27,1789,32515,SUBTLEX-US + OpenSubtitles 2018
387,meant,의미했다,You'll hear the word 'meant' often in everyday conversation.,other,C1,70.23,5316,73929,SUBTLEX-US + OpenSubtitles 2018
388,suspect,의심하다,You'll hear the word 'suspect' often in everyday conversation.,other,B1,70.23,2303,39382,SUBTLEX-US + OpenSubtitles 2018
389,skin,피부,You'll hear the word 'skin' often in everyday conversation.,other,B1,70.2,2332,38070,SUBTLEX-US + OpenSubtitles 2018
390,therefore,따라서,I need to therefore this before we decide.,adverb,A2,70.18,1058,18733,SUBTLEX-US + OpenSubtitles 2018
391,death,사망,You'll hear the word 'death' often in everyday conversation.,other,A2,70.15,11051,189000,SUBTLEX-US + OpenSubtitles 2018
392,charlie,야간 순찰,You'll hear the word 'charlie' often in everyday conversation.,other,C1,70.14,5672,63672,SUBTLEX-US + OpenSubtitles 2018
393,broke,무일푼,You'll hear the word 'broke' often in everyday conversation.,other,C1,70.12,5355,68629,SUBTLEX-US + OpenSubtitles 2018
394,watching,보는,You'll hear the word 'watching' often in everyday conversation.,other,C1,70.11,5082,73700,SUBTLEX-US + OpenSubtitles 2018
395,freak,괴물,You'll hear the word 'freak' often in everyday conversation.,other,B2,70.11,3157,38603,SUBTLEX-US + OpenSubtitles 2018
396,responsible,분별있는,You'll hear the word 'responsible' often in everyday conversation.,other,B1,70.11,2300,36781,SUBTLEX-US + OpenSubtitles 2018
397,chuckle,꼬꼬!,You'll hear the word 'chuckle' often in everyday conversation.,,B1,70.1,995,126295,SUBTLEX-US + OpenSubtitles 2018
398,married,기혼,You'll hear the word 'married' often in everyday conversation.,other,A2,70.08,12167,157817,SUBTLEX-US + OpenSubtitles 2018
399,fake,가짜,You'll hear the word 'fake' often in everyday conversation.,other,B1,70.08,2260,37162,SUBTLEX-US + OpenSubtitles 2018
400,set,설정하다,You'll hear the word 'set' often in everyday conversation.,other,A2,70.07,11805,164165,SUBTLEX-US + OpenSubtitles 2018
401,thinks,생각하다,You'll hear the word 'thinks' often in everyday conversation.,other,C1,70.06,5235,68354,SUBTLEX-US + OpenSubtitles 2018
402,played,연주된,You'll hear the word 'played' often in everyday conversation.,other,B2,70.06,2870,43357,SUBTLEX-US + OpenSubtitles 2018
403,plus,더하기의,You'll hear the word 'plus' often in everyday conversation.,other,B1,70.06,2410,33414,SUBTLEX-US + OpenSubtitles 2018
404,john,요한,You'll hear the word 'john' often in everyday conversation.,,C2,70.05,9973,111537,SUBTLEX-US + OpenSubtitles 2018
405,talked,이야기했다,You'll hear the word 'talked' often in everyday conversation.,other,C1,70.04,5226,67666,SUBTLEX-US + OpenSubtitles 2018
406,became,됐다,You'll hear the word 'became' often in everyday conversation.,other,B2,70.01,2435,53603,SUBTLEX-US + OpenSubtitles 2018
407,whoever,누구든지,You'll hear the word 'whoever' often in everyday conversation.,other,B1,69.98,2203,36535,SUBTLEX-US + OpenSubtitles 2018
408,hearing,청각,You'll hear the word 'hearing' often in everyday conversation.,other,B1,69.96,2281,34211,SUBTLEX-US + OpenSubtitles 2018
409,career,생애,You'll hear the word 'career' often in everyday conversation.,other,B1,69.96,2306,33682,SUBTLEX-US + OpenSubtitles 2018
410,happening,우발사,You'll hear the word 'happening' often in everyday conversation.,other,C1,69.94,4618,77052,SUBTLEX-US + OpenSubtitles 2018
411,shame,수치심,You'll hear the word 'shame' often in everyday conversation.,other,B1,69.94,2120,37793,SUBTLEX-US + OpenSubtitles 2018
412,main,주요한,You'll hear the word 'main' often in everyday conversation.,other,B1,69.94,2179,36292,SUBTLEX-US + OpenSubtitles 2018
413,passed,합격한,You'll hear the word 'passed' often in everyday conversation.,other,B2,69.93,2631,45678,SUBTLEX-US + OpenSubtitles 2018
414,shooting,격통,You'll hear the word 'shooting' often in everyday conversation.,other,B2,69.92,2913,38975,SUBTLEX-US + OpenSubtitles 2018
415,kept,유지했다,You'll hear the word 'kept' often in everyday conversation.,other,C1,69.89,4559,75930,SUBTLEX-US + OpenSubtitles 2018
416,names,이름,You'll hear the word 'names' often in everyday conversation.,other,B2,69.88,2746,41772,SUBTLEX-US + OpenSubtitles 2018
417,plans,계획,You'll hear the word 'plans' often in everyday conversation.,other,B2,69.88,2867,39142,SUBTLEX-US + OpenSubtitles 2018
418,witness,서명하다,You'll hear the word 'witness' often in everyday conversation.,other,B2,69.87,2682,42850,SUBTLEX-US + OpenSubtitles 2018
419,operation,가동,You'll hear the word 'operation' often in everyday conversation.,other,B1,69.86,2241,33161,SUBTLEX-US + OpenSubtitles 2018
420,whoa,이야,You'll hear the word 'whoa' often in everyday conversation.,,C2,69.84,8023,136564,SUBTLEX-US + OpenSubtitles 2018
421,lately,요새,You'll hear the word 'lately' often in everyday conversation.,other,B1,69.83,2459,28340,SUBTLEX-US + OpenSubtitles 2018
422,places,장소,You'll hear the word 'places' often in everyday conversation.,other,B2,69.82,2706,41041,SUBTLEX-US + OpenSubtitles 2018
423,trouble,문제,You'll hear the word 'trouble' often in everyday conversation.,other,A2,69.81,11520,146178,SUBTLEX-US + OpenSubtitles 2018
424,shot,산탄,You'll hear the word 'shot' often in everyday conversation.,other,A2,69.81,11599,144772,SUBTLEX-US + OpenSubtitles 2018
425,fellow,녀석,You'll hear the word 'fellow' often in everyday conversation.,other,B2,69.81,2987,35335,SUBTLEX-US + OpenSubtitles 2018
426,ways,방법,You'll hear the word 'ways' often in everyday conversation.,other,B2,69.77,2633,41675,SUBTLEX-US + OpenSubtitles 2018
427,concerned,걱정스러운,You'll hear the word 'concerned' often in everyday conversation.,other,B1,69.77,2261,31047,SUBTLEX-US + OpenSubtitles 2018
428,quite,제법,You'll hear the word 'quite' often in everyday conversation.,other,A2,69.76,10332,166980,SUBTLEX-US + OpenSubtitles 2018
429,sold,팔린,You'll hear the word 'sold' often in everyday conversation.,other,B2,69.76,2655,40796,SUBTLEX-US + OpenSubtitles 2018
430,sitting,착석,You'll hear the word 'sitting' often in everyday conversation.,other,C1,69.74,4816,64521,SUBTLEX-US + OpenSubtitles 2018
431,horrible,끔찍한,You'll hear the word 'horrible' often in everyday conversation.,other,B1,69.74,2165,32492,SUBTLEX-US + OpenSubtitles 2018
432,settle,정착하다,You'll hear the word 'settle' often in everyday conversation.,other,B1,69.74,2299,29737,SUBTLEX-US + OpenSubtitles 2018
433,against,에 기대어,You'll hear the word 'against' often in everyday conversation.,other,A2,69.73,10288,165033,SUBTLEX-US + OpenSubtitles 2018
434,break,부수다,You'll hear the word 'break' often in everyday conversation.,other,A2,69.72,11275,143107,SUBTLEX-US + OpenSubtitles 2018
435,lying,거짓말의,You'll hear the word 'lying' often in everyday conversation.,other,C1,69.72,4472,71098,SUBTLEX-US + OpenSubtitles 2018
436,drugs,찌꺼기,You'll hear the word 'drugs' often in everyday conversation.,other,B2,69.72,2464,44516,SUBTLEX-US + OpenSubtitles 2018
437,client,예속 평민,You'll hear the word 'client' often in everyday conversation.,other,B2,69.71,2715,38407,SUBTLEX-US + OpenSubtitles 2018
438,couple,두개,You'll hear the word 'couple' often in everyday conversation.,other,A2,69.69,11394,138996,SUBTLEX-US + OpenSubtitles 2018
439,justice,정의,You'll hear the word 'justice' often in everyday conversation.,other,B1,69.66,1933,36740,SUBTLEX-US + OpenSubtitles 2018
440,madam,아씨,You'll hear the word 'madam' often in everyday conversation.,other,B2,69.65,2253,48931,SUBTLEX-US + OpenSubtitles 2018
441,command,명령,You'll hear the word 'command' often in everyday conversation.,other,B1,69.64,2225,29479,SUBTLEX-US + OpenSubtitles 2018
442,loud,소연,You'll hear the word 'loud' often in everyday conversation.,other,B1,69.59,2031,32757,SUBTLEX-US + OpenSubtitles 2018
443,chase,추격,You'll hear the word 'chase' often in everyday conversation.,other,B1,69.57,2169,29489,SUBTLEX-US + OpenSubtitles 2018
444,gun,소총,You'll hear the word 'gun' often in everyday conversation.,other,A2,69.55,10997,135087,SUBTLEX-US + OpenSubtitles 2018
445,papers,서류,You'll hear the word 'papers' often in everyday conversation.,other,B2,69.55,2638,36502,SUBTLEX-US + OpenSubtitles 2018
446,states,주,You'll hear the word 'states' often in everyday conversation.,other,B2,69.54,2759,34128,SUBTLEX-US + OpenSubtitles 2018
447,monster,거수,You'll hear the word 'monster' often in everyday conversation.,other,B1,69.53,1982,32819,SUBTLEX-US + OpenSubtitles 2018
448,allowed,허용된,You'll hear the word 'allowed' often in everyday conversation.,other,B2,69.49,2286,43797,SUBTLEX-US + OpenSubtitles 2018
449,turning,굴곡,You'll hear the word 'turning' often in everyday conversation.,other,B1,69.49,2061,30420,SUBTLEX-US + OpenSubtitles 2018
450,bloody,심한,You'll hear the word 'bloody' often in everyday conversation.,other,B2,69.47,1963,54026,SUBTLEX-US + OpenSubtitles 2018
451,finished,완료된,You'll hear the word 'finished' often in everyday conversation.,other,C1,69.46,4269,65659,SUBTLEX-US + OpenSubtitles 2018
452,awesome,두려운,You'll hear the word 'awesome' often in everyday conversation.,other,B1,69.46,1600,43298,SUBTLEX-US + OpenSubtitles 2018
453,wearing,닳은,You'll hear the word 'wearing' often in everyday conversation.,other,C1,69.44,4410,61749,SUBTLEX-US + OpenSubtitles 2018
454,lee,찌끼,You'll hear the word 'lee' often in everyday conversation.,other,B2,69.44,2454,38309,SUBTLEX-US + OpenSubtitles 2018
455,willing,기꺼이 하는,You'll hear the word 'willing' often in everyday conversation.,other,B2,69.44,2512,36938,SUBTLEX-US + OpenSubtitles 2018
456,missed,놓친,You'll hear the word 'missed' often in everyday conversation.,other,C1,69.43,4568,58324,SUBTLEX-US + OpenSubtitles 2018
457,nor,보다도,You'll hear the word 'nor' often in everyday conversation.,other,B1,69.43,1835,34821,SUBTLEX-US + OpenSubtitles 2018
458,nowhere,아무짝에도,You'll hear the word 'nowhere' often in everyday conversation.,other,B1,69.43,2007,30470,SUBTLEX-US + OpenSubtitles 2018
459,truth,진실,You'll hear the word 'truth' often in everyday conversation.,other,A2,69.42,9801,148389,SUBTLEX-US + OpenSubtitles 2018
460,speaking,논지,You'll hear the word 'speaking' often in everyday conversation.,other,C1,69.4,3565,82769,SUBTLEX-US + OpenSubtitles 2018
461,incredible,굉장한,You'll hear the word 'incredible' often in everyday conversation.,other,B1,69.4,1928,31786,SUBTLEX-US + OpenSubtitles 2018
462,gentleman,해적,You'll hear the word 'gentleman' often in everyday conversation.,other,B1,69.4,2135,27345,SUBTLEX-US + OpenSubtitles 2018
463,captain,대장,You'll hear the word 'captain' often in everyday conversation.,other,A2,69.39,10795,126519,SUBTLEX-US + OpenSubtitles 2018
464,flowers,꽃,You'll hear the word 'flowers' often in everyday conversation.,other,B2,69.39,2427,37699,SUBTLEX-US + OpenSubtitles 2018
465,lab,실험실,You'll hear the word 'lab' often in everyday conversation.,other,B1,69.39,2020,29504,SUBTLEX-US + OpenSubtitles 2018
466,william,월리엄,You'll hear the word 'william' often in everyday conversation.,other,B2,69.38,2509,35819,SUBTLEX-US + OpenSubtitles 2018
467,total,총,You'll hear the word 'total' often in everyday conversation.,other,B1,69.38,2005,29710,SUBTLEX-US + OpenSubtitles 2018
468,engine,엔진,You'll hear the word 'engine' often in everyday conversation.,other,B1,69.37,1626,40282,SUBTLEX-US + OpenSubtitles 2018
469,blood,피,You'll hear the word 'blood' often in everyday conversation.,other,A2,69.36,9560,149072,SUBTLEX-US + OpenSubtitles 2018
470,bang,탁하고,You'll hear the word 'bang' often in everyday conversation.,other,B1,69.36,1707,37294,SUBTLEX-US + OpenSubtitles 2018
471,anymore,이제는,You'll hear the word 'anymore' often in everyday conversation.,other,A2,69.35,9597,146903,SUBTLEX-US + OpenSubtitles 2018
472,jealous,질투하는,You'll hear the word 'jealous' often in everyday conversation.,other,B1,69.35,1952,30274,SUBTLEX-US + OpenSubtitles 2018
473,trial,시련,You'll hear the word 'trial' often in everyday conversation.,other,B2,69.32,2520,34375,SUBTLEX-US + OpenSubtitles 2018
474,suicide,자멸,You'll hear the word 'suicide' often in everyday conversation.,other,B1,69.32,1839,32571,SUBTLEX-US + OpenSubtitles 2018
475,finding,발견,You'll hear the word 'finding' often in everyday conversation.,other,B1,69.32,1935,30196,SUBTLEX-US + OpenSubtitles 2018
476,faith,신념,You'll hear the word 'faith' often in everyday conversation.,other,B2,69.3,2376,37093,SUBTLEX-US + OpenSubtitles 2018
477,prepared,조제된,You'll hear the word 'prepared' often in everyday conversation.,other,B1,69.26,1825,31857,SUBTLEX-US + OpenSubtitles 2018
478,according,에 의하면,You'll hear the word 'according' often in everyday conversation.,other,B2,69.25,2135,42026,SUBTLEX-US + OpenSubtitles 2018
479,opening,개시,You'll hear the word 'opening' often in everyday conversation.,other,B1,69.25,1960,28386,SUBTLEX-US + OpenSubtitles 2018
480,united,결합한,You'll hear the word 'united' often in everyday conversation.,other,B2,69.23,2564,31812,SUBTLEX-US + OpenSubtitles 2018
481,bullet,소총탄,You'll hear the word 'bullet' often in everyday conversation.,other,B1,69.23,1950,28377,SUBTLEX-US + OpenSubtitles 2018
482,stars,별,You'll hear the word 'stars' often in everyday conversation.,other,B2,69.21,2353,35549,SUBTLEX-US + OpenSubtitles 2018
483,cars,차량,You'll hear the word 'cars' often in everyday conversation.,other,B2,69.17,2327,35472,SUBTLEX-US + OpenSubtitles 2018
484,crew,크루,You'll hear the word 'crew' often in everyday conversation.,other,B2,69.17,2431,33113,SUBTLEX-US + OpenSubtitles 2018
485,ruin,멸망,You'll hear the word 'ruin' often in everyday conversation.,other,B1,69.17,1833,30049,SUBTLEX-US + OpenSubtitles 2018
486,liar,거짓말쟁이,You'll hear the word 'liar' often in everyday conversation.,other,B1,69.17,1976,26867,SUBTLEX-US + OpenSubtitles 2018
487,insane,광기의,You'll hear the word 'insane' often in everyday conversation.,other,B1,69.16,1973,26788,SUBTLEX-US + OpenSubtitles 2018
488,naked,벌거벗은,You'll hear the word 'naked' often in everyday conversation.,other,B1,69.16,2002,26122,SUBTLEX-US + OpenSubtitles 2018
489,throat,후문,You'll hear the word 'throat' often in everyday conversation.,other,B2,69.15,2018,43134,SUBTLEX-US + OpenSubtitles 2018
490,ahead,이겨,You'll hear the word 'ahead' often in everyday conversation.,other,A2,69.14,10115,120295,SUBTLEX-US + OpenSubtitles 2018
491,signal,신호,You'll hear the word 'signal' often in everyday conversation.,other,B1,69.13,1952,26783,SUBTLEX-US + OpenSubtitles 2018
492,aware,깨닫고,You'll hear the word 'aware' often in everyday conversation.,other,B1,69.12,1818,29598,SUBTLEX-US + OpenSubtitles 2018
493,finger,손가락,You'll hear the word 'finger' often in everyday conversation.,other,B1,69.12,1909,27459,SUBTLEX-US + OpenSubtitles 2018
494,earlier,더 일찍,You'll hear the word 'earlier' often in everyday conversation.,other,B2,69.11,2010,42407,SUBTLEX-US + OpenSubtitles 2018
495,christ,제기랄,You'll hear the word 'christ' often in everyday conversation.,other,C1,69.1,4600,47650,SUBTLEX-US + OpenSubtitles 2018
496,built,지어진,You'll hear the word 'built' often in everyday conversation.,other,B2,69.08,2099,39041,SUBTLEX-US + OpenSubtitles 2018
497,faster,더 빠른,You'll hear the word 'faster' often in everyday conversation.,other,B2,69.07,2233,35547,SUBTLEX-US + OpenSubtitles 2018
498,poison,중독,You'll hear the word 'poison' often in everyday conversation.,other,B1,69.05,1716,30803,SUBTLEX-US + OpenSubtitles 2018
499,proof,증거,You'll hear the word 'proof' often in everyday conversation.,other,B1,69.05,1772,29430,SUBTLEX-US + OpenSubtitles 2018
500,rough,극심,You'll hear the word 'rough' often in everyday conversation.,other,B1,69.05,1969,25215,SUBTLEX-US + OpenSubtitles 2018
501,stopped,중단되다,You'll hear the word 'stopped' often in everyday conversation.,other,C1,69.04,3844,60200,SUBTLEX-US + OpenSubtitles 2018
502,funeral,장례행렬,You'll hear the word 'funeral' often in everyday conversation.,other,B1,69.04,1857,27305,SUBTLEX-US + OpenSubtitles 2018
503,fell,공그르기,You'll hear the word 'fell' often in everyday conversation.,other,C1,69.03,3756,61891,SUBTLEX-US + OpenSubtitles 2018
504,devil,악마,You'll hear the word 'devil' often in everyday conversation.,other,B2,69.01,2145,36424,SUBTLEX-US + OpenSubtitles 2018
505,stories,이야기,You'll hear the word 'stories' often in everyday conversation.,other,B2,69.01,2215,34792,SUBTLEX-US + OpenSubtitles 2018
506,cards,카드,You'll hear the word 'cards' often in everyday conversation.,other,B2,69.01,2449,29871,SUBTLEX-US + OpenSubtitles 2018
507,lift,걷힘,You'll hear the word 'lift' often in everyday conversation.,other,B1,69.01,1741,29528,SUBTLEX-US + OpenSubtitles 2018
508,gentlemen,신사,You'll hear the word 'gentlemen' often in everyday conversation.,other,C2,69.0,7884,86660,SUBTLEX-US + OpenSubtitles 2018
509,male,남성,You'll hear the word 'male' often in everyday conversation.,other,B1,69.0,1731,29548,SUBTLEX-US + OpenSubtitles 2018
510,whenever,언제든지,You'll hear the word 'whenever' often in everyday conversation.,other,B1,69.0,1790,28151,SUBTLEX-US + OpenSubtitles 2018
511,games,게임,You'll hear the word 'games' often in everyday conversation.,other,B2,68.98,2287,32623,SUBTLEX-US + OpenSubtitles 2018
512,laughing,웃는,You'll hear the word 'laughing' often in everyday conversation.,other,C1,68.96,2667,98420,SUBTLEX-US + OpenSubtitles 2018
513,held,개최된,You'll hear the word 'held' often in everyday conversation.,other,B2,68.95,2165,34733,SUBTLEX-US + OpenSubtitles 2018
514,martin,흰털발제비,You'll hear the word 'martin' often in everyday conversation.,other,B2,68.94,2196,33694,SUBTLEX-US + OpenSubtitles 2018
515,downstairs,아래층,You'll hear the word 'downstairs' often in everyday conversation.,other,B1,68.94,1985,23403,SUBTLEX-US + OpenSubtitles 2018
516,liked,좋아했다,You'll hear the word 'liked' often in everyday conversation.,other,C1,68.92,4017,52485,SUBTLEX-US + OpenSubtitles 2018
517,animals,동물,You'll hear the word 'animals' often in everyday conversation.,other,B2,68.92,1993,38518,SUBTLEX-US + OpenSubtitles 2018
518,shows,쇼,You'll hear the word 'shows' often in everyday conversation.,other,B2,68.92,2117,35209,SUBTLEX-US + OpenSubtitles 2018
519,dumb,말못하는,You'll hear the word 'dumb' often in everyday conversation.,other,B2,68.92,2400,29229,SUBTLEX-US + OpenSubtitles 2018
520,surgery,수술,You'll hear the word 'surgery' often in everyday conversation.,other,B1,68.91,1693,29085,SUBTLEX-US + OpenSubtitles 2018
521,personally,손수,You'll hear the word 'personally' often in everyday conversation.,other,B1,68.91,1870,25058,SUBTLEX-US + OpenSubtitles 2018
522,chinese,고립어,You'll hear the word 'chinese' often in everyday conversation.,other,B2,68.9,2266,31561,SUBTLEX-US + OpenSubtitles 2018
523,movies,동영상,You'll hear the word 'movies' often in everyday conversation.,other,B2,68.89,2346,29742,SUBTLEX-US + OpenSubtitles 2018
524,murderer,살인자,You'll hear the word 'murderer' often in everyday conversation.,,B1,68.89,1656,29678,SUBTLEX-US + OpenSubtitles 2018
525,insurance,보험,You'll hear the word 'insurance' often in everyday conversation.,other,B1,68.89,1957,23218,SUBTLEX-US + OpenSubtitles 2018
526,advocate,옹호하다,I need to advocate this before we decide.,verb,B1,68.89,148,3175,SUBTLEX-US + OpenSubtitles 2018
527,professional,전문적인,That sounds pretty professional to me.,adjective,A2,68.88,1646,24205,SUBTLEX-US + OpenSubtitles 2018
528,fact,사실,You'll hear the word 'fact' often in everyday conversation.,other,A2,68.84,8801,124995,SUBTLEX-US + OpenSubtitles 2018
529,property,물성,You'll hear the word 'property' often in everyday conversation.,other,B1,68.84,1698,27815,SUBTLEX-US + OpenSubtitles 2018
530,tongue,널름거리다,You'll hear the word 'tongue' often in everyday conversation.,other,B1,68.83,1752,26378,SUBTLEX-US + OpenSubtitles 2018
531,legal,법적인,You'll hear the word 'legal' often in everyday conversation.,other,B1,68.83,1826,24785,SUBTLEX-US + OpenSubtitles 2018
532,cannot,의 부정형,You'll hear the word 'cannot' often in everyday conversation.,,C2,68.81,6465,103913,SUBTLEX-US + OpenSubtitles 2018
533,breaking,단선,You'll hear the word 'breaking' often in everyday conversation.,other,B2,68.81,2155,32321,SUBTLEX-US + OpenSubtitles 2018
534,season,계절,You'll hear the word 'season' often in everyday conversation.,other,B1,68.81,1632,29054,SUBTLEX-US + OpenSubtitles 2018
535,likes,좋아하다,You'll hear the word 'likes' often in everyday conversation.,other,C1,68.8,3889,51334,SUBTLEX-US + OpenSubtitles 2018
536,older,더 오래된,You'll hear the word 'older' often in everyday conversation.,other,B2,68.78,2135,32130,SUBTLEX-US + OpenSubtitles 2018
537,saved,저장된,You'll hear the word 'saved' often in everyday conversation.,other,C1,68.77,3558,57667,SUBTLEX-US + OpenSubtitles 2018
538,feels,느끼다,You'll hear the word 'feels' often in everyday conversation.,other,C1,68.77,3569,57388,SUBTLEX-US + OpenSubtitles 2018
539,investigation,조사,You'll hear the word 'investigation' often in everyday conversation.,other,B1,68.76,1491,32178,SUBTLEX-US + OpenSubtitles 2018
540,tiny,아주 작은,You'll hear the word 'tiny' often in everyday conversation.,other,B1,68.76,1643,27829,SUBTLEX-US + OpenSubtitles 2018
541,gee,그래,You'll hear the word 'gee' often in everyday conversation.,other,B1,68.74,2388,15864,SUBTLEX-US + OpenSubtitles 2018
542,model,모델,You'll hear the word 'model' often in everyday conversation.,other,B1,68.73,1650,27218,SUBTLEX-US + OpenSubtitles 2018
543,bless,수호하다,You'll hear the word 'bless' often in everyday conversation.,other,B1,68.73,1806,23857,SUBTLEX-US + OpenSubtitles 2018
544,loves,사랑하다,You'll hear the word 'loves' often in everyday conversation.,other,C1,68.71,3695,52751,SUBTLEX-US + OpenSubtitles 2018
545,damage,손상,You'll hear the word 'damage' often in everyday conversation.,other,B1,68.71,1686,26061,SUBTLEX-US + OpenSubtitles 2018
546,mayor,시장,You'll hear the word 'mayor' often in everyday conversation.,other,B1,68.7,1606,27798,SUBTLEX-US + OpenSubtitles 2018
547,nonsense,의시,You'll hear the word 'nonsense' often in everyday conversation.,other,B1,68.69,1454,32097,SUBTLEX-US + OpenSubtitles 2018
548,commander,경시장,You'll hear the word 'commander' often in everyday conversation.,other,B2,68.68,1887,36345,SUBTLEX-US + OpenSubtitles 2018
549,punch,박력,You'll hear the word 'punch' often in everyday conversation.,other,B2,68.66,2164,29445,SUBTLEX-US + OpenSubtitles 2018
550,access,접근,You'll hear the word 'access' often in everyday conversation.,other,B1,68.66,1615,26937,SUBTLEX-US + OpenSubtitles 2018
551,power,힘,You'll hear the word 'power' often in everyday conversation.,other,A2,68.65,7640,137832,SUBTLEX-US + OpenSubtitles 2018
552,records,기록,You'll hear the word 'records' often in everyday conversation.,other,B2,68.65,2066,31339,SUBTLEX-US + OpenSubtitles 2018
553,safety,안부,You'll hear the word 'safety' often in everyday conversation.,other,B1,68.65,1659,25861,SUBTLEX-US + OpenSubtitles 2018
554,dating,선일부,You'll hear the word 'dating' often in everyday conversation.,other,B1,68.62,1689,24645,SUBTLEX-US + OpenSubtitles 2018
555,project,프로젝트,You'll hear the word 'project' often in everyday conversation.,other,B2,68.61,1969,32847,SUBTLEX-US + OpenSubtitles 2018
556,energy,에너지,You'll hear the word 'energy' often in everyday conversation.,other,B2,68.6,1678,41290,SUBTLEX-US + OpenSubtitles 2018
557,ideas,아이디어,You'll hear the word 'ideas' often in everyday conversation.,other,B2,68.6,1987,32182,SUBTLEX-US + OpenSubtitles 2018
558,congratulations,축하,You'll hear the word 'congratulations' often in everyday conversation.,other,C1,68.59,3616,50847,SUBTLEX-US + OpenSubtitles 2018
559,numbers,민수기,You'll hear the word 'numbers' often in everyday conversation.,other,B2,68.59,2020,31285,SUBTLEX-US + OpenSubtitles 2018
560,jimmy,쇠지렛대,You'll hear the word 'jimmy' often in everyday conversation.,other,C1,68.57,4100,41706,SUBTLEX-US + OpenSubtitles 2018
561,agreed,일치한,You'll hear the word 'agreed' often in everyday conversation.,other,B2,68.57,1832,35752,SUBTLEX-US + OpenSubtitles 2018
562,scare,겁냄,You'll hear the word 'scare' often in everyday conversation.,other,B1,68.55,1712,23192,SUBTLEX-US + OpenSubtitles 2018
563,alive,살아서,You'll hear the word 'alive' often in everyday conversation.,other,A2,68.53,7878,122833,SUBTLEX-US + OpenSubtitles 2018
564,goodness,미덕,You'll hear the word 'goodness' often in everyday conversation.,other,B1,68.53,1655,24190,SUBTLEX-US + OpenSubtitles 2018
565,hunt,몰아넣다,You'll hear the word 'hunt' often in everyday conversation.,other,B1,68.52,1577,25787,SUBTLEX-US + OpenSubtitles 2018
566,running,뛰기,You'll hear the word 'running' often in everyday conversation.,other,A2,68.5,8064,116973,SUBTLEX-US + OpenSubtitles 2018
567,lived,살았다,You'll hear the word 'lived' often in everyday conversation.,other,C1,68.5,3368,53550,SUBTLEX-US + OpenSubtitles 2018
568,johnny,맵시꾼,You'll hear the word 'johnny' often in everyday conversation.,other,C1,68.5,4425,35735,SUBTLEX-US + OpenSubtitles 2018
569,planning,기획,You'll hear the word 'planning' often in everyday conversation.,other,B2,68.5,1902,32400,SUBTLEX-US + OpenSubtitles 2018
570,perfect,완벽한,You'll hear the word 'perfect' often in everyday conversation.,other,A2,68.49,8190,113673,SUBTLEX-US + OpenSubtitles 2018
571,handle,다루다,"Don't worry, I can handle it.",other,A2,68.49,5529,67089,SUBTLEX-US + OpenSubtitles 2018
572,rings,조환,You'll hear the word 'rings' often in everyday conversation.,other,B2,68.47,1524,44331,SUBTLEX-US + OpenSubtitles 2018
573,choice,선택,I don't think we have much choice.,other,A2,68.46,4975,77197,SUBTLEX-US + OpenSubtitles 2018
574,surely,기필코,You'll hear the word 'surely' often in everyday conversation.,other,B1,68.46,1407,29565,SUBTLEX-US + OpenSubtitles 2018
575,firm,강경,You'll hear the word 'firm' often in everyday conversation.,other,B1,68.46,1802,20482,SUBTLEX-US + OpenSubtitles 2018
576,ignore,무시하다,Just ignore what he said.,other,B1,68.46,996,16300,SUBTLEX-US + OpenSubtitles 2018
577,warning,경고,You'll hear the word 'warning' often in everyday conversation.,other,B1,68.45,1630,23583,SUBTLEX-US + OpenSubtitles 2018
578,shoot,발사하다,You'll hear the word 'shoot' often in everyday conversation.,other,A2,68.44,8412,106067,SUBTLEX-US + OpenSubtitles 2018
579,expect,기대하다,I didn't expect that at all.,other,A2,68.44,5299,69614,SUBTLEX-US + OpenSubtitles 2018
580,reality,본체,You'll hear the word 'reality' often in everyday conversation.,other,B1,68.44,1543,25398,SUBTLEX-US + OpenSubtitles 2018
581,inevitable,불가피한,That sounds pretty inevitable to me.,adjective,B1,68.44,288,4826,SUBTLEX-US + OpenSubtitles 2018
582,mate,한패,You'll hear the word 'mate' often in everyday conversation.,other,B2,68.43,1491,44782,SUBTLEX-US + OpenSubtitles 2018
583,tickets,표,You'll hear the word 'tickets' often in everyday conversation.,other,B2,68.43,2211,24973,SUBTLEX-US + OpenSubtitles 2018
584,kidding,농담,You'll hear the word 'kidding' often in everyday conversation.,other,C2,68.42,6822,76744,SUBTLEX-US + OpenSubtitles 2018
585,dying,별세,You'll hear the word 'dying' often in everyday conversation.,other,C1,68.42,3416,49963,SUBTLEX-US + OpenSubtitles 2018
586,promise,가망,You'll hear the word 'promise' often in everyday conversation.,other,A2,68.41,7809,115908,SUBTLEX-US + OpenSubtitles 2018
587,putting,놓는,You'll hear the word 'putting' often in everyday conversation.,other,C1,68.41,3467,48797,SUBTLEX-US + OpenSubtitles 2018
588,essential,필수적인,That sounds pretty essential to me.,adjective,B1,68.41,247,5938,SUBTLEX-US + OpenSubtitles 2018
589,process,과정,You'll hear the word 'process' often in everyday conversation.,other,B1,68.4,1427,27930,SUBTLEX-US + OpenSubtitles 2018
590,holding,보유,You'll hear the word 'holding' often in everyday conversation.,other,C1,68.39,3530,46938,SUBTLEX-US + OpenSubtitles 2018
591,grant,인가,You'll hear the word 'grant' often in everyday conversation.,other,B1,68.39,1660,22210,SUBTLEX-US + OpenSubtitles 2018
592,terrific,굉장한,You'll hear the word 'terrific' often in everyday conversation.,other,B1,68.39,2138,15296,SUBTLEX-US + OpenSubtitles 2018
593,whistle,경적,You'll hear the word 'whistle' often in everyday conversation.,other,B1,68.38,1290,32084,SUBTLEX-US + OpenSubtitles 2018
594,transform,변환하다,I need to transform this before we decide.,verb,B1,68.38,112,3563,SUBTLEX-US + OpenSubtitles 2018
595,universe,만물,You'll hear the word 'universe' often in everyday conversation.,other,B1,68.35,1312,30724,SUBTLEX-US + OpenSubtitles 2018
596,selling,매업,You'll hear the word 'selling' often in everyday conversation.,other,B2,68.35,1919,29357,SUBTLEX-US + OpenSubtitles 2018
597,jury,배심원,You'll hear the word 'jury' often in everyday conversation.,other,B2,68.35,2261,23058,SUBTLEX-US + OpenSubtitles 2018
598,ocean,대양,You'll hear the word 'ocean' often in everyday conversation.,other,B1,68.33,1545,23905,SUBTLEX-US + OpenSubtitles 2018
599,burning,연소,You'll hear the word 'burning' often in everyday conversation.,other,B1,68.33,1566,23326,SUBTLEX-US + OpenSubtitles 2018
600,positive,양수,You'll hear the word 'positive' often in everyday conversation.,other,B1,68.33,1613,22369,SUBTLEX-US + OpenSubtitles 2018
601,german,독일어,You'll hear the word 'german' often in everyday conversation.,other,B2,68.3,1624,36610,SUBTLEX-US + OpenSubtitles 2018
602,artist,예술가,You'll hear the word 'artist' often in everyday conversation.,other,B1,68.3,1467,25287,SUBTLEX-US + OpenSubtitles 2018
603,barely,어렵사리,You'll hear the word 'barely' often in everyday conversation.,other,B1,68.3,1482,24909,SUBTLEX-US + OpenSubtitles 2018
604,sam,샘,You'll hear the word 'sam' often in everyday conversation.,,C2,68.29,6281,80423,SUBTLEX-US + OpenSubtitles 2018
605,picked,정선한,You'll hear the word 'picked' often in everyday conversation.,other,C1,68.29,3534,44114,SUBTLEX-US + OpenSubtitles 2018
606,letters,문자,You'll hear the word 'letters' often in everyday conversation.,other,B2,68.28,1910,28465,SUBTLEX-US + OpenSubtitles 2018
607,lines,글귀,You'll hear the word 'lines' often in everyday conversation.,other,B2,68.28,1960,27383,SUBTLEX-US + OpenSubtitles 2018
608,loss,상실,You'll hear the word 'loss' often in everyday conversation.,other,B1,68.28,1485,24625,SUBTLEX-US + OpenSubtitles 2018
609,specific,구체적인,Do you have a specific time in mind?,adjective,A2,68.28,908,13708,SUBTLEX-US + OpenSubtitles 2018
610,criminal,범죄적,You'll hear the word 'criminal' often in everyday conversation.,other,B2,68.25,1758,31574,SUBTLEX-US + OpenSubtitles 2018
611,distance,거리,You'll hear the word 'distance' often in everyday conversation.,other,B1,68.25,1323,28565,SUBTLEX-US + OpenSubtitles 2018
612,sophisticated,정교한,That sounds pretty sophisticated to me.,adjective,B2,68.24,346,5518,SUBTLEX-US + OpenSubtitles 2018
613,harm,해,You'll hear the word 'harm' often in everyday conversation.,other,B2,68.23,1789,30380,SUBTLEX-US + OpenSubtitles 2018
614,sword,칼,You'll hear the word 'sword' often in everyday conversation.,other,B1,68.23,1335,27928,SUBTLEX-US + OpenSubtitles 2018
615,safe,안전한,You'll hear the word 'safe' often in everyday conversation.,other,A2,68.22,7325,114520,SUBTLEX-US + OpenSubtitles 2018
616,dreams,꿈,You'll hear the word 'dreams' often in everyday conversation.,other,C1,68.22,3285,47210,SUBTLEX-US + OpenSubtitles 2018
617,company,회사,You'll hear the word 'company' often in everyday conversation.,other,A2,68.18,7507,108073,SUBTLEX-US + OpenSubtitles 2018
618,flat,넙적,You'll hear the word 'flat' often in everyday conversation.,other,B1,68.17,1338,26848,SUBTLEX-US + OpenSubtitles 2018
619,crash,굉음,You'll hear the word 'crash' often in everyday conversation.,other,B1,68.16,1461,23547,SUBTLEX-US + OpenSubtitles 2018
620,sweat,땀,You'll hear the word 'sweat' often in everyday conversation.,other,B1,68.16,1652,19596,SUBTLEX-US + OpenSubtitles 2018
621,folks,사람들,You'll hear the word 'folks' often in everyday conversation.,other,C1,68.15,3878,35431,SUBTLEX-US + OpenSubtitles 2018
622,goodbye,안녕,You'll hear the word 'goodbye' often in everyday conversation.,other,C2,68.14,6022,78718,SUBTLEX-US + OpenSubtitles 2018
623,eating,먹기,You'll hear the word 'eating' often in everyday conversation.,other,C1,68.14,3102,49119,SUBTLEX-US + OpenSubtitles 2018
624,promised,약속한,You'll hear the word 'promised' often in everyday conversation.,other,C1,68.14,3169,47559,SUBTLEX-US + OpenSubtitles 2018
625,tony,토니상,You'll hear the word 'tony' often in everyday conversation.,other,C1,68.14,3503,41145,SUBTLEX-US + OpenSubtitles 2018
626,bust,빠구,You'll hear the word 'bust' often in everyday conversation.,other,B1,68.14,1773,17478,SUBTLEX-US + OpenSubtitles 2018
627,england,영국,You'll hear the word 'england' often in everyday conversation.,other,B2,68.13,1796,28505,SUBTLEX-US + OpenSubtitles 2018
628,sleeping,자고,You'll hear the word 'sleeping' often in everyday conversation.,other,C1,68.12,3027,50357,SUBTLEX-US + OpenSubtitles 2018
629,nick,깨진곳,You'll hear the word 'nick' often in everyday conversation.,other,C1,68.11,3174,46810,SUBTLEX-US + OpenSubtitles 2018
630,slip,전표,You'll hear the word 'slip' often in everyday conversation.,other,B1,68.11,1623,19557,SUBTLEX-US + OpenSubtitles 2018
631,signed,서명된,You'll hear the word 'signed' often in everyday conversation.,other,B2,68.1,1839,27074,SUBTLEX-US + OpenSubtitles 2018
632,himself,그자신,You'll hear the word 'himself' often in everyday conversation.,other,A2,68.09,7168,109748,SUBTLEX-US + OpenSubtitles 2018
633,listening,청음,You'll hear the word 'listening' often in everyday conversation.,other,C1,68.09,3206,45564,SUBTLEX-US + OpenSubtitles 2018
634,crap,배변,You'll hear the word 'crap' often in everyday conversation.,other,C1,68.09,3205,45424,SUBTLEX-US + OpenSubtitles 2018
635,including,포함하여,You'll hear the word 'including' often in everyday conversation.,other,B1,68.08,1405,23813,SUBTLEX-US + OpenSubtitles 2018
636,county,군민,You'll hear the word 'county' often in everyday conversation.,other,B1,68.08,1722,17598,SUBTLEX-US + OpenSubtitles 2018
637,genius,기풍,You'll hear the word 'genius' often in everyday conversation.,other,B2,68.07,1884,25625,SUBTLEX-US + OpenSubtitles 2018
638,wherever,어디든,You'll hear the word 'wherever' often in everyday conversation.,other,B1,68.07,1500,21483,SUBTLEX-US + OpenSubtitles 2018
639,matters,문제,You'll hear the word 'matters' often in everyday conversation.,other,B2,68.06,1710,29539,SUBTLEX-US + OpenSubtitles 2018
640,attorney,변호사,You'll hear the word 'attorney' often in everyday conversation.,other,B2,68.06,2060,22345,SUBTLEX-US + OpenSubtitles 2018
641,dump,덤프,You'll hear the word 'dump' often in everyday conversation.,other,B1,68.05,1607,19136,SUBTLEX-US + OpenSubtitles 2018
642,followed,따라간,You'll hear the word 'followed' often in everyday conversation.,other,B2,68.04,1739,28510,SUBTLEX-US + OpenSubtitles 2018
643,hook,갈고리,You'll hear the word 'hook' often in everyday conversation.,other,B2,68.04,2067,22041,SUBTLEX-US + OpenSubtitles 2018
644,deliver,배달하다,You'll hear the word 'deliver' often in everyday conversation.,other,B1,68.03,1446,22124,SUBTLEX-US + OpenSubtitles 2018
645,staying,머무르기,You'll hear the word 'staying' often in everyday conversation.,other,C1,68.02,3040,47241,SUBTLEX-US + OpenSubtitles 2018
646,whisper,소근거림,You'll hear the word 'whisper' often in everyday conversation.,other,B1,68.02,1096,33089,SUBTLEX-US + OpenSubtitles 2018
647,complicated,다변화,You'll hear the word 'complicated' often in everyday conversation.,other,B1,68.02,1385,23462,SUBTLEX-US + OpenSubtitles 2018
648,began,시작했다,You'll hear the word 'began' often in everyday conversation.,other,B2,68.01,1658,30049,SUBTLEX-US + OpenSubtitles 2018
649,amount,총액,You'll hear the word 'amount' often in everyday conversation.,other,B1,68.01,1277,26227,SUBTLEX-US + OpenSubtitles 2018
650,perhaps,아마,You'll hear the word 'perhaps' often in everyday conversation.,other,A2,68.0,6939,109240,SUBTLEX-US + OpenSubtitles 2018
651,divorce,별거,You'll hear the word 'divorce' often in everyday conversation.,other,B2,68.0,1773,26952,SUBTLEX-US + OpenSubtitles 2018
652,embarrass,당황하게 하다,You'll hear the word 'embarrass' often in everyday conversation.,other,B1,68.0,1565,19321,SUBTLEX-US + OpenSubtitles 2018
653,sometime,어디선가,You'll hear the word 'sometime' often in everyday conversation.,other,B1,68.0,1699,17142,SUBTLEX-US + OpenSubtitles 2018
654,air,공기,You'll hear the word 'air' often in everyday conversation.,other,A2,67.99,7161,103864,SUBTLEX-US + OpenSubtitles 2018
655,giant,거인,You'll hear the word 'giant' often in everyday conversation.,other,B1,67.99,1380,23227,SUBTLEX-US + OpenSubtitles 2018
656,switch,스위치,You'll hear the word 'switch' often in everyday conversation.,other,B1,67.99,1434,21862,SUBTLEX-US + OpenSubtitles 2018
657,ashamed,송구스럽다,You'll hear the word 'ashamed' often in everyday conversation.,other,B1,67.98,1396,22623,SUBTLEX-US + OpenSubtitles 2018
658,rise,개막,You'll hear the word 'rise' often in everyday conversation.,other,B1,67.98,1399,22596,SUBTLEX-US + OpenSubtitles 2018
659,rescue,구원,You'll hear the word 'rescue' often in everyday conversation.,other,B1,67.98,1428,21895,SUBTLEX-US + OpenSubtitles 2018
660,arms,병기,You'll hear the word 'arms' often in everyday conversation.,other,C1,67.96,3050,45390,SUBTLEX-US + OpenSubtitles 2018
661,priest,사제,You'll hear the word 'priest' often in everyday conversation.,other,B1,67.93,1336,23453,SUBTLEX-US + OpenSubtitles 2018
662,generate,생성하다,I need to generate this before we decide.,verb,B1,67.93,124,2370,SUBTLEX-US + OpenSubtitles 2018
663,penny,페니,You'll hear the word 'penny' often in everyday conversation.,other,B1,67.92,1413,21440,SUBTLEX-US + OpenSubtitles 2018
664,boss,두목,You'll hear the word 'boss' often in everyday conversation.,other,A2,67.91,6385,117371,SUBTLEX-US + OpenSubtitles 2018
665,disease,질병,You'll hear the word 'disease' often in everyday conversation.,other,B1,67.91,1393,21872,SUBTLEX-US + OpenSubtitles 2018
666,unbelievable,믿을 수 없는,You'll hear the word 'unbelievable' often in everyday conversation.,other,B1,67.91,1500,19591,SUBTLEX-US + OpenSubtitles 2018
667,expected,예상된,You'll hear the word 'expected' often in everyday conversation.,other,B2,67.89,1696,27140,SUBTLEX-US + OpenSubtitles 2018
668,fired,해고된,You'll hear the word 'fired' often in everyday conversation.,other,C1,67.88,3159,41193,SUBTLEX-US + OpenSubtitles 2018
669,score,점수,You'll hear the word 'score' often in everyday conversation.,other,B1,67.86,1552,18120,SUBTLEX-US + OpenSubtitles 2018
670,pull,당기다,You'll hear the word 'pull' often in everyday conversation.,other,A2,67.85,7469,89880,SUBTLEX-US + OpenSubtitles 2018
671,discover,발견하다,I need to discover this before we decide.,verb,A2,67.85,614,10961,SUBTLEX-US + OpenSubtitles 2018
672,experience,경험,That's the experience we were talking about.,noun,A2,67.84,3088,47824,SUBTLEX-US + OpenSubtitles 2018
673,wound,상처,You'll hear the word 'wound' often in everyday conversation.,other,B1,67.84,1371,21444,SUBTLEX-US + OpenSubtitles 2018
674,learned,배운,You'll hear the word 'learned' often in everyday conversation.,other,C1,67.82,2964,43716,SUBTLEX-US + OpenSubtitles 2018
675,gang,일당,You'll hear the word 'gang' often in everyday conversation.,other,B2,67.82,1577,28989,SUBTLEX-US + OpenSubtitles 2018
676,scary,무서운,You'll hear the word 'scary' often in everyday conversation.,other,B1,67.82,1336,22035,SUBTLEX-US + OpenSubtitles 2018
677,development,개발,That's the development we were talking about.,noun,B1,67.82,625,9803,SUBTLEX-US + OpenSubtitles 2018
678,grave,참배,You'll hear the word 'grave' often in everyday conversation.,other,B1,67.81,1341,21831,SUBTLEX-US + OpenSubtitles 2018
679,cancel,해제,You'll hear the word 'cancel' often in everyday conversation.,other,B1,67.81,1408,20303,SUBTLEX-US + OpenSubtitles 2018
680,students,학생,You'll hear the word 'students' often in everyday conversation.,other,B2,67.8,1564,29034,SUBTLEX-US + OpenSubtitles 2018
681,control,통제하다,You'll hear the word 'control' often in everyday conversation.,other,A2,67.79,6666,102782,SUBTLEX-US + OpenSubtitles 2018
682,sense,감각,You'll hear the word 'sense' often in everyday conversation.,other,A2,67.79,6867,98570,SUBTLEX-US + OpenSubtitles 2018
683,instead,의 대신에,Let's stay home instead.,other,A2,67.79,4043,71571,SUBTLEX-US + OpenSubtitles 2018
684,thoughts,생각,You'll hear the word 'thoughts' often in everyday conversation.,other,B2,67.79,1703,25436,SUBTLEX-US + OpenSubtitles 2018
685,gut,거트,You'll hear the word 'gut' often in everyday conversation.,other,B2,67.78,1771,23798,SUBTLEX-US + OpenSubtitles 2018
686,reasonable,순리,That sounds reasonable to me.,other,B1,67.77,946,11835,SUBTLEX-US + OpenSubtitles 2018
687,feelings,감정,You'll hear the word 'feelings' often in everyday conversation.,other,C1,67.76,2938,42843,SUBTLEX-US + OpenSubtitles 2018
688,ended,끝난,You'll hear the word 'ended' often in everyday conversation.,other,B2,67.76,1511,29775,SUBTLEX-US + OpenSubtitles 2018
689,wondering,궁금해하는,You'll hear the word 'wondering' often in everyday conversation.,other,C1,67.75,3231,37023,SUBTLEX-US + OpenSubtitles 2018
690,ends,끝,You'll hear the word 'ends' often in everyday conversation.,other,B2,67.75,1563,28242,SUBTLEX-US + OpenSubtitles 2018
691,chicago,시카고,You'll hear the word 'chicago' often in everyday conversation.,other,B2,67.75,2102,18217,SUBTLEX-US + OpenSubtitles 2018
692,towards,쪽으로,You'll hear the word 'towards' often in everyday conversation.,other,B2,67.74,1399,33032,SUBTLEX-US + OpenSubtitles 2018
693,contract,계약,You'll hear the word 'contract' often in everyday conversation.,other,B2,67.73,1650,25746,SUBTLEX-US + OpenSubtitles 2018
694,suck,빨다,You'll hear the word 'suck' often in everyday conversation.,other,B2,67.73,1779,22982,SUBTLEX-US + OpenSubtitles 2018
695,drag,끌다,You'll hear the word 'drag' often in everyday conversation.,other,B1,67.73,1410,19365,SUBTLEX-US + OpenSubtitles 2018
696,covered,덮인,You'll hear the word 'covered' often in everyday conversation.,other,B2,67.72,1612,26386,SUBTLEX-US + OpenSubtitles 2018
697,bobby,경관,You'll hear the word 'bobby' often in everyday conversation.,other,C1,67.71,3553,31434,SUBTLEX-US + OpenSubtitles 2018
698,miracle,불가사의,You'll hear the word 'miracle' often in everyday conversation.,other,B1,67.71,1360,20179,SUBTLEX-US + OpenSubtitles 2018
699,produce,생산하다,I need to produce this before we decide.,verb,A2,67.71,564,11471,SUBTLEX-US + OpenSubtitles 2018
700,governor,총재,You'll hear the word 'governor' often in everyday conversation.,other,B1,67.7,1369,19790,SUBTLEX-US + OpenSubtitles 2018
701,location,로케이,You'll hear the word 'location' often in everyday conversation.,other,B1,67.69,1263,22282,SUBTLEX-US + OpenSubtitles 2018
702,guns,총,You'll hear the word 'guns' often in everyday conversation.,other,C1,67.68,3092,37893,SUBTLEX-US + OpenSubtitles 2018
703,behave,행하다,You'll hear the word 'behave' often in everyday conversation.,other,B1,67.68,1218,23294,SUBTLEX-US + OpenSubtitles 2018
704,pie,파이,You'll hear the word 'pie' often in everyday conversation.,other,B1,67.68,1466,17716,SUBTLEX-US + OpenSubtitles 2018
705,human,인간의,You'll hear the word 'human' often in everyday conversation.,other,A2,67.67,6363,102595,SUBTLEX-US + OpenSubtitles 2018
706,focus,병소,You'll hear the word 'focus' often in everyday conversation.,other,B2,67.67,1502,28619,SUBTLEX-US + OpenSubtitles 2018
707,frank,단적,You'll hear the word 'frank' often in everyday conversation.,other,A2,67.65,8230,69523,SUBTLEX-US + OpenSubtitles 2018
708,spare,살리다,You'll hear the word 'spare' often in everyday conversation.,other,B2,67.65,1573,26393,SUBTLEX-US + OpenSubtitles 2018
709,points,세목,You'll hear the word 'points' often in everyday conversation.,other,B2,67.65,1642,24659,SUBTLEX-US + OpenSubtitles 2018
710,reasons,이유,You'll hear the word 'reasons' often in everyday conversation.,other,B2,67.65,1655,24431,SUBTLEX-US + OpenSubtitles 2018
711,buying,구매,You'll hear the word 'buying' often in everyday conversation.,other,B2,67.65,1679,23941,SUBTLEX-US + OpenSubtitles 2018
712,legs,다리,You'll hear the word 'legs' often in everyday conversation.,other,C1,67.64,2835,42152,SUBTLEX-US + OpenSubtitles 2018
713,showing,명시,You'll hear the word 'showing' often in everyday conversation.,other,B2,67.64,1592,25785,SUBTLEX-US + OpenSubtitles 2018
714,scratch,긁적,You'll hear the word 'scratch' often in everyday conversation.,other,B1,67.63,1378,18837,SUBTLEX-US + OpenSubtitles 2018
715,curious,묘하다,You'll hear the word 'curious' often in everyday conversation.,other,B1,67.62,1337,19576,SUBTLEX-US + OpenSubtitles 2018
716,drinking,음용의,You'll hear the word 'drinking' often in everyday conversation.,other,C1,67.61,2685,44770,SUBTLEX-US + OpenSubtitles 2018
717,relevant,관련 있는,That sounds pretty relevant to me.,adjective,B2,67.61,286,5068,SUBTLEX-US + OpenSubtitles 2018
718,laughter,웃음,You'll hear the word 'laughter' often in everyday conversation.,other,B1,67.6,704,50196,SUBTLEX-US + OpenSubtitles 2018
719,california,캘리포니아,You'll hear the word 'california' often in everyday conversation.,other,B2,67.6,1972,18275,SUBTLEX-US + OpenSubtitles 2018
720,pure,맑다,You'll hear the word 'pure' often in everyday conversation.,other,B1,67.58,1272,20685,SUBTLEX-US + OpenSubtitles 2018
721,bigger,더 큰,You'll hear the word 'bigger' often in everyday conversation.,other,C1,67.57,2765,41873,SUBTLEX-US + OpenSubtitles 2018
722,cancer,병폐,You'll hear the word 'cancer' often in everyday conversation.,other,B1,67.56,1140,23935,SUBTLEX-US + OpenSubtitles 2018
723,figure,도면,You'll hear the word 'figure' often in everyday conversation.,other,A2,67.55,6916,84697,SUBTLEX-US + OpenSubtitles 2018
724,murder,모살,You'll hear the word 'murder' often in everyday conversation.,other,A2,67.54,5958,105007,SUBTLEX-US + OpenSubtitles 2018
725,follow,따르다,You'll hear the word 'follow' often in everyday conversation.,other,A2,67.53,6283,96529,SUBTLEX-US + OpenSubtitles 2018
726,russian,러시아의,You'll hear the word 'russian' often in everyday conversation.,other,B2,67.53,1501,26288,SUBTLEX-US + OpenSubtitles 2018
727,central,미주,You'll hear the word 'central' often in everyday conversation.,other,B1,67.53,1262,20322,SUBTLEX-US + OpenSubtitles 2018
728,desperate,절망적인,You'll hear the word 'desperate' often in everyday conversation.,other,B1,67.53,1310,19211,SUBTLEX-US + OpenSubtitles 2018
729,nail,뒷발톱,You'll hear the word 'nail' often in everyday conversation.,other,B1,67.53,1369,18006,SUBTLEX-US + OpenSubtitles 2018
730,gasp,열망하다,You'll hear the word 'gasp' often in everyday conversation.,,B2,67.52,790,67775,SUBTLEX-US + OpenSubtitles 2018
731,failed,실패한,You'll hear the word 'failed' often in everyday conversation.,other,B2,67.51,1467,26879,SUBTLEX-US + OpenSubtitles 2018
732,hidden,숨은,You'll hear the word 'hidden' often in everyday conversation.,other,B1,67.51,1085,25143,SUBTLEX-US + OpenSubtitles 2018
733,trash,쓰레기,You'll hear the word 'trash' often in everyday conversation.,other,B1,67.51,1317,18873,SUBTLEX-US + OpenSubtitles 2018
734,parking,주차,You'll hear the word 'parking' often in everyday conversation.,other,B1,67.51,1379,17645,SUBTLEX-US + OpenSubtitles 2018
735,turns,회전,You'll hear the word 'turns' often in everyday conversation.,other,C1,67.5,2552,45374,SUBTLEX-US + OpenSubtitles 2018
736,seemed,보였다,You'll hear the word 'seemed' often in everyday conversation.,other,C1,67.5,2767,40343,SUBTLEX-US + OpenSubtitles 2018
737,received,받아들여진,You'll hear the word 'received' often in everyday conversation.,other,B2,67.5,1436,27728,SUBTLEX-US + OpenSubtitles 2018
738,fixed,소정,You'll hear the word 'fixed' often in everyday conversation.,other,B2,67.5,1647,22575,SUBTLEX-US + OpenSubtitles 2018
739,claim,주장하다,You'll hear the word 'claim' often in everyday conversation.,other,B1,67.5,1295,19233,SUBTLEX-US + OpenSubtitles 2018
740,france,프랑스,You'll hear the word 'france' often in everyday conversation.,other,B2,67.49,1380,29172,SUBTLEX-US + OpenSubtitles 2018
741,sexual,성적,You'll hear the word 'sexual' often in everyday conversation.,other,B2,67.49,1693,21499,SUBTLEX-US + OpenSubtitles 2018
742,object,목표,You'll hear the word 'object' often in everyday conversation.,other,B1,67.49,1368,17590,SUBTLEX-US + OpenSubtitles 2018
743,bull,황소,You'll hear the word 'bull' often in everyday conversation.,other,B1,67.49,1405,16952,SUBTLEX-US + OpenSubtitles 2018
744,madame,여류가수,You'll hear the word 'madame' often in everyday conversation.,other,B2,67.48,1591,23490,SUBTLEX-US + OpenSubtitles 2018
745,courage,담력,You'll hear the word 'courage' often in everyday conversation.,other,B1,67.48,1207,21070,SUBTLEX-US + OpenSubtitles 2018
746,thousands,수천,You'll hear the word 'thousands' often in everyday conversation.,other,B2,67.47,1410,27986,SUBTLEX-US + OpenSubtitles 2018
747,growing,발육,You'll hear the word 'growing' often in everyday conversation.,other,B2,67.47,1527,24779,SUBTLEX-US + OpenSubtitles 2018
748,per,에 대해,You'll hear the word 'per' often in everyday conversation.,other,B1,67.47,1152,22472,SUBTLEX-US + OpenSubtitles 2018
749,boom,방재,You'll hear the word 'boom' often in everyday conversation.,other,B1,67.47,1177,21710,SUBTLEX-US + OpenSubtitles 2018
750,interrupt,끼어들다,You'll hear the word 'interrupt' often in everyday conversation.,other,B1,67.47,1359,17569,SUBTLEX-US + OpenSubtitles 2018
751,finally,궁극,You'll hear the word 'finally' often in everyday conversation.,other,A2,67.46,5989,99904,SUBTLEX-US + OpenSubtitles 2018
752,drop,소량,You'll hear the word 'drop' often in everyday conversation.,other,A2,67.46,6661,85186,SUBTLEX-US + OpenSubtitles 2018
753,aside,옆으로,You'll hear the word 'aside' often in everyday conversation.,other,B1,67.46,1213,20677,SUBTLEX-US + OpenSubtitles 2018
754,warn,예고하다,You'll hear the word 'warn' often in everyday conversation.,other,B1,67.46,1293,18847,SUBTLEX-US + OpenSubtitles 2018
755,sports,스포츠,You'll hear the word 'sports' often in everyday conversation.,other,B1,67.45,1407,16468,SUBTLEX-US + OpenSubtitles 2018
756,locked,잠긴,You'll hear the word 'locked' often in everyday conversation.,other,C1,67.44,2670,41079,SUBTLEX-US + OpenSubtitles 2018
757,changes,변경,You'll hear the word 'changes' often in everyday conversation.,other,B2,67.44,1481,25456,SUBTLEX-US + OpenSubtitles 2018
758,mentioned,언급된,You'll hear the word 'mentioned' often in everyday conversation.,other,B2,67.44,1556,23716,SUBTLEX-US + OpenSubtitles 2018
759,horn,뿔제품,You'll hear the word 'horn' often in everyday conversation.,other,B1,67.44,1119,23083,SUBTLEX-US + OpenSubtitles 2018
760,million,수백만,You'll hear the word 'million' often in everyday conversation.,other,A2,67.43,6145,94514,SUBTLEX-US + OpenSubtitles 2018
761,details,상세,You'll hear the word 'details' often in everyday conversation.,other,B2,67.43,1481,25451,SUBTLEX-US + OpenSubtitles 2018
762,stink,악취,You'll hear the word 'stink' often in everyday conversation.,,B2,67.43,1773,19491,SUBTLEX-US + OpenSubtitles 2018
763,wire,전선,You'll hear the word 'wire' often in everyday conversation.,other,B1,67.43,1403,16416,SUBTLEX-US + OpenSubtitles 2018
764,cheat,커닝,You'll hear the word 'cheat' often in everyday conversation.,other,B2,67.42,1528,24069,SUBTLEX-US + OpenSubtitles 2018
765,edge,가장자리,You'll hear the word 'edge' often in everyday conversation.,other,B1,67.42,1224,19907,SUBTLEX-US + OpenSubtitles 2018
766,helping,조력,You'll hear the word 'helping' often in everyday conversation.,other,C1,67.41,2598,41996,SUBTLEX-US + OpenSubtitles 2018
767,lights,조명,You'll hear the word 'lights' often in everyday conversation.,other,C1,67.41,2877,36039,SUBTLEX-US + OpenSubtitles 2018
768,roger,오케이,You'll hear the word 'roger' often in everyday conversation.,other,C1,67.41,2930,35157,SUBTLEX-US + OpenSubtitles 2018
769,crack,결점,You'll hear the word 'crack' often in everyday conversation.,other,B2,67.41,1675,20916,SUBTLEX-US + OpenSubtitles 2018
770,tank,탱크,You'll hear the word 'tank' often in everyday conversation.,other,B1,67.41,1359,17001,SUBTLEX-US + OpenSubtitles 2018
771,keeping,유지,You'll hear the word 'keeping' often in everyday conversation.,other,C1,67.39,2608,41371,SUBTLEX-US + OpenSubtitles 2018
772,suffer,입다,You'll hear the word 'suffer' often in everyday conversation.,other,B1,67.39,1148,21496,SUBTLEX-US + OpenSubtitles 2018
773,environment,환경,That's the environment we were talking about.,noun,B2,67.39,652,12101,SUBTLEX-US + OpenSubtitles 2018
774,losing,잃기,You'll hear the word 'losing' often in everyday conversation.,other,C1,67.38,2722,38585,SUBTLEX-US + OpenSubtitles 2018
775,parts,부품,You'll hear the word 'parts' often in everyday conversation.,other,B2,67.38,1501,24186,SUBTLEX-US + OpenSubtitles 2018
776,studio,작업장,You'll hear the word 'studio' often in everyday conversation.,other,B1,67.38,1190,20312,SUBTLEX-US + OpenSubtitles 2018
777,engaged,약속된,You'll hear the word 'engaged' often in everyday conversation.,other,B1,67.38,1327,17285,SUBTLEX-US + OpenSubtitles 2018
778,bond,기반,You'll hear the word 'bond' often in everyday conversation.,other,B1,67.38,1595,13131,SUBTLEX-US + OpenSubtitles 2018
779,adam,아담,You'll hear the word 'adam' often in everyday conversation.,other,C1,67.37,2360,47340,SUBTLEX-US + OpenSubtitles 2018
780,acting,연기,You'll hear the word 'acting' often in everyday conversation.,other,C1,67.37,2676,39326,SUBTLEX-US + OpenSubtitles 2018
781,fate,숙명,You'll hear the word 'fate' often in everyday conversation.,other,B2,67.37,1375,27299,SUBTLEX-US + OpenSubtitles 2018
782,rights,침범,You'll hear the word 'rights' often in everyday conversation.,other,B2,67.37,1510,23824,SUBTLEX-US + OpenSubtitles 2018
783,protection,보호,You'll hear the word 'protection' often in everyday conversation.,other,B1,67.37,1197,19995,SUBTLEX-US + OpenSubtitles 2018
784,violence,폭력,You'll hear the word 'violence' often in everyday conversation.,other,B1,67.36,1174,20527,SUBTLEX-US + OpenSubtitles 2018
785,equipment,장비,You'll hear the word 'equipment' often in everyday conversation.,other,B1,67.36,1303,17536,SUBTLEX-US + OpenSubtitles 2018
786,straight,곧게,You'll hear the word 'straight' often in everyday conversation.,other,A2,67.35,6271,87583,SUBTLEX-US + OpenSubtitles 2018
787,dogs,개,You'll hear the word 'dogs' often in everyday conversation.,other,C1,67.35,2704,38164,SUBTLEX-US + OpenSubtitles 2018
788,forced,불가불,You'll hear the word 'forced' often in everyday conversation.,other,B2,67.35,1349,27813,SUBTLEX-US + OpenSubtitles 2018
789,marry,결혼하다,You'll hear the word 'marry' often in everyday conversation.,other,A2,67.34,6289,86565,SUBTLEX-US + OpenSubtitles 2018
790,beast,가축,You'll hear the word 'beast' often in everyday conversation.,other,B1,67.34,1252,18414,SUBTLEX-US + OpenSubtitles 2018
791,lower,내리다,You'll hear the word 'lower' often in everyday conversation.,other,B2,67.32,1466,24181,SUBTLEX-US + OpenSubtitles 2018
792,progress,진보,You'll hear the word 'progress' often in everyday conversation.,other,B1,67.32,1182,19839,SUBTLEX-US + OpenSubtitles 2018
793,bud,싹,You'll hear the word 'bud' often in everyday conversation.,other,B2,67.32,1932,16037,SUBTLEX-US + OpenSubtitles 2018
794,keeps,유지하다,You'll hear the word 'keeps' often in everyday conversation.,other,C1,67.31,2681,37914,SUBTLEX-US + OpenSubtitles 2018
795,walked,걸었다,You'll hear the word 'walked' often in everyday conversation.,other,C1,67.3,2737,36528,SUBTLEX-US + OpenSubtitles 2018
796,british,영국인의,You'll hear the word 'british' often in everyday conversation.,other,B2,67.3,1283,29069,SUBTLEX-US + OpenSubtitles 2018
797,based,기반의,You'll hear the word 'based' often in everyday conversation.,other,B2,67.3,1357,26829,SUBTLEX-US + OpenSubtitles 2018
798,rather,반대로,You'll hear the word 'rather' often in everyday conversation.,other,A2,67.29,5825,94057,SUBTLEX-US + OpenSubtitles 2018
799,hire,세내다,You'll hear the word 'hire' often in everyday conversation.,other,B1,67.29,1302,16865,SUBTLEX-US + OpenSubtitles 2018
800,policy,정책,You'll hear the word 'policy' often in everyday conversation.,other,B1,67.29,1378,15482,SUBTLEX-US + OpenSubtitles 2018
801,answers,답변,You'll hear the word 'answers' often in everyday conversation.,other,B2,67.27,1527,22116,SUBTLEX-US + OpenSubtitles 2018
802,someplace,어딘지,You'll hear the word 'someplace' often in everyday conversation.,,B1,67.27,1611,12156,SUBTLEX-US + OpenSubtitles 2018
803,cases,사례,You'll hear the word 'cases' often in everyday conversation.,other,B2,67.26,1436,24023,SUBTLEX-US + OpenSubtitles 2018
804,inspector,감시관,You'll hear the word 'inspector' often in everyday conversation.,other,B2,67.25,1124,34442,SUBTLEX-US + OpenSubtitles 2018
805,sexy,농염하다,You'll hear the word 'sexy' often in everyday conversation.,other,B2,67.25,1529,21774,SUBTLEX-US + OpenSubtitles 2018
806,comfort,편안함,You'll hear the word 'comfort' often in everyday conversation.,other,B1,67.25,1224,18104,SUBTLEX-US + OpenSubtitles 2018
807,nightmare,악몽,You'll hear the word 'nightmare' often in everyday conversation.,other,B2,67.24,1513,22024,SUBTLEX-US + OpenSubtitles 2018
808,vehicle,차량,You'll hear the word 'vehicle' often in everyday conversation.,other,B1,67.24,1153,19664,SUBTLEX-US + OpenSubtitles 2018
809,silent,무언의,You'll hear the word 'silent' often in everyday conversation.,other,B1,67.24,1176,19042,SUBTLEX-US + OpenSubtitles 2018
810,ambulance,구급차,You'll hear the word 'ambulance' often in everyday conversation.,other,B1,67.24,1207,18376,SUBTLEX-US + OpenSubtitles 2018
811,mama,엄마=,You'll hear the word 'mama' often in everyday conversation.,other,C2,67.23,5325,55829,SUBTLEX-US + OpenSubtitles 2018
812,lieutenant,대위,You'll hear the word 'lieutenant' often in everyday conversation.,other,C2,67.23,5362,55123,SUBTLEX-US + OpenSubtitles 2018
813,precious,귀중한,You'll hear the word 'precious' often in everyday conversation.,other,B1,67.23,1192,18562,SUBTLEX-US + OpenSubtitles 2018
814,crucial,결정적인,That sounds pretty crucial to me.,adjective,B2,67.23,234,5474,SUBTLEX-US + OpenSubtitles 2018
815,somewhere,어딘가,You'll hear the word 'somewhere' often in everyday conversation.,other,A2,67.22,5743,92576,SUBTLEX-US + OpenSubtitles 2018
816,bastard,서자,You'll hear the word 'bastard' often in everyday conversation.,other,C2,67.22,4291,76196,SUBTLEX-US + OpenSubtitles 2018
817,wipe,빼다,You'll hear the word 'wipe' often in everyday conversation.,other,B2,67.22,1444,23287,SUBTLEX-US + OpenSubtitles 2018
818,exact,꼼꼼한,You'll hear the word 'exact' often in everyday conversation.,other,B1,67.22,1190,18487,SUBTLEX-US + OpenSubtitles 2018
819,step,단계,You'll hear the word 'step' often in everyday conversation.,other,A2,67.21,6052,84882,SUBTLEX-US + OpenSubtitles 2018
820,keys,키,You'll hear the word 'keys' often in everyday conversation.,other,C1,67.21,2601,37443,SUBTLEX-US + OpenSubtitles 2018
821,victory,승리,You'll hear the word 'victory' often in everyday conversation.,other,B1,67.21,1094,20846,SUBTLEX-US + OpenSubtitles 2018
822,patients,환자,You'll hear the word 'patients' often in everyday conversation.,other,B2,67.2,1511,21543,SUBTLEX-US + OpenSubtitles 2018
823,union,연합,You'll hear the word 'union' often in everyday conversation.,other,B1,67.2,1111,20316,SUBTLEX-US + OpenSubtitles 2018
824,sharp,새된,You'll hear the word 'sharp' often in everyday conversation.,other,B1,67.2,1232,17431,SUBTLEX-US + OpenSubtitles 2018
825,vision,비전,You'll hear the word 'vision' often in everyday conversation.,other,B1,67.19,1218,17563,SUBTLEX-US + OpenSubtitles 2018
826,joint,관절,You'll hear the word 'joint' often in everyday conversation.,other,B1,67.19,1407,14190,SUBTLEX-US + OpenSubtitles 2018
827,higher,고등의,You'll hear the word 'higher' often in everyday conversation.,other,B2,67.18,1420,23354,SUBTLEX-US + OpenSubtitles 2018
828,seriously,소중히,Are you seriously doing this now?,other,A2,67.17,3270,68524,SUBTLEX-US + OpenSubtitles 2018
829,brothers,형제,You'll hear the word 'brothers' often in everyday conversation.,other,C1,67.17,2400,41025,SUBTLEX-US + OpenSubtitles 2018
830,hoping,바라기,You'll hear the word 'hoping' often in everyday conversation.,other,C1,67.17,2544,37769,SUBTLEX-US + OpenSubtitles 2018
831,charges,요금,You'll hear the word 'charges' often in everyday conversation.,other,B2,67.17,1506,21347,SUBTLEX-US + OpenSubtitles 2018
832,earth,지면,You'll hear the word 'earth' often in everyday conversation.,other,A2,67.16,5086,106675,SUBTLEX-US + OpenSubtitles 2018
833,helped,도왔다,You'll hear the word 'helped' often in everyday conversation.,other,C1,67.16,2388,41235,SUBTLEX-US + OpenSubtitles 2018
834,pot,냄비,You'll hear the word 'pot' often in everyday conversation.,other,B1,67.16,1183,18044,SUBTLEX-US + OpenSubtitles 2018
835,awkward,구차,That was a little awkward.,other,B1,67.16,730,12197,SUBTLEX-US + OpenSubtitles 2018
836,less,보다적은,You'll hear the word 'less' often in everyday conversation.,other,A2,67.15,5666,90246,SUBTLEX-US + OpenSubtitles 2018
837,tells,말하다,You'll hear the word 'tells' often in everyday conversation.,other,C1,67.15,2665,34873,SUBTLEX-US + OpenSubtitles 2018
838,jobs,고위층,You'll hear the word 'jobs' often in everyday conversation.,other,B2,67.15,1408,23268,SUBTLEX-US + OpenSubtitles 2018
839,officers,장교,You'll hear the word 'officers' often in everyday conversation.,other,B2,67.15,1442,22496,SUBTLEX-US + OpenSubtitles 2018
840,vulnerable,취약한,That sounds pretty vulnerable to me.,adjective,C1,67.15,437,7998,SUBTLEX-US + OpenSubtitles 2018
841,spoil,이권,You'll hear the word 'spoil' often in everyday conversation.,,B1,67.14,1210,17299,SUBTLEX-US + OpenSubtitles 2018
842,gorgeous,호화스러운,You'll hear the word 'gorgeous' often in everyday conversation.,other,B1,67.14,1227,16895,SUBTLEX-US + OpenSubtitles 2018
843,mad,노엽다,You'll hear the word 'mad' often in everyday conversation.,other,A2,67.13,5787,86527,SUBTLEX-US + OpenSubtitles 2018
844,europe,유럽,You'll hear the word 'europe' often in everyday conversation.,other,B2,67.13,1368,24042,SUBTLEX-US + OpenSubtitles 2018
845,useless,무익한,You'll hear the word 'useless' often in everyday conversation.,other,B1,67.13,1017,22228,SUBTLEX-US + OpenSubtitles 2018
846,threat,위협,You'll hear the word 'threat' often in everyday conversation.,other,B1,67.13,1060,20913,SUBTLEX-US + OpenSubtitles 2018
847,literally,용변,I literally just got here.,other,B2,67.13,739,19728,SUBTLEX-US + OpenSubtitles 2018
848,flying,비행,You'll hear the word 'flying' often in everyday conversation.,other,C1,67.12,2579,36023,SUBTLEX-US + OpenSubtitles 2018
849,created,생성된,You'll hear the word 'created' often in everyday conversation.,other,B2,67.12,1195,29134,SUBTLEX-US + OpenSubtitles 2018
850,prisoner,포로,You'll hear the word 'prisoner' often in everyday conversation.,other,B1,67.12,1180,17740,SUBTLEX-US + OpenSubtitles 2018
851,japanese,일어,You'll hear the word 'japanese' often in everyday conversation.,other,B2,67.11,1312,25288,SUBTLEX-US + OpenSubtitles 2018
852,secure,무사,You'll hear the word 'secure' often in everyday conversation.,other,B1,67.11,1254,16048,SUBTLEX-US + OpenSubtitles 2018
853,dirt,오물,You'll hear the word 'dirt' often in everyday conversation.,other,B1,67.11,1312,15061,SUBTLEX-US + OpenSubtitles 2018
854,dawn,새벽,You'll hear the word 'dawn' often in everyday conversation.,other,B2,67.1,1420,22305,SUBTLEX-US + OpenSubtitles 2018
855,starts,시작,You'll hear the word 'starts' often in everyday conversation.,other,C1,67.09,2335,41012,SUBTLEX-US + OpenSubtitles 2018
856,remove,제거하다,You'll hear the word 'remove' often in everyday conversation.,other,B1,67.09,1084,19723,SUBTLEX-US + OpenSubtitles 2018
857,prize,우등상,You'll hear the word 'prize' often in everyday conversation.,other,B1,67.09,1177,17453,SUBTLEX-US + OpenSubtitles 2018
858,channel,채널,You'll hear the word 'channel' often in everyday conversation.,other,B1,67.09,1283,15362,SUBTLEX-US + OpenSubtitles 2018
859,road,도로,You'll hear the word 'road' often in everyday conversation.,other,A2,67.08,5709,85751,SUBTLEX-US + OpenSubtitles 2018
860,daniel,다니엘서,You'll hear the word 'daniel' often in everyday conversation.,other,B2,67.07,1116,31274,SUBTLEX-US + OpenSubtitles 2018
861,sue,고소하다,You'll hear the word 'sue' often in everyday conversation.,other,B2,67.07,1530,19615,SUBTLEX-US + OpenSubtitles 2018
862,intend,의도하다,You'll hear the word 'intend' often in everyday conversation.,other,B1,67.07,1212,16490,SUBTLEX-US + OpenSubtitles 2018
863,showed,보여주었다,You'll hear the word 'showed' often in everyday conversation.,other,C1,67.06,2425,38007,SUBTLEX-US + OpenSubtitles 2018
864,jerry,실내변기,You'll hear the word 'jerry' often in everyday conversation.,other,C1,67.06,3191,25252,SUBTLEX-US + OpenSubtitles 2018
865,desire,소망,You'll hear the word 'desire' often in everyday conversation.,other,B1,67.06,1044,20476,SUBTLEX-US + OpenSubtitles 2018
866,returned,돌아 온,You'll hear the word 'returned' often in everyday conversation.,other,B2,67.05,1263,25860,SUBTLEX-US + OpenSubtitles 2018
867,capable,훌륭하게,You'll hear the word 'capable' often in everyday conversation.,other,B1,67.05,1062,19848,SUBTLEX-US + OpenSubtitles 2018
868,naturally,자연히,You'll hear the word 'naturally' often in everyday conversation.,other,B1,67.04,1250,15531,SUBTLEX-US + OpenSubtitles 2018
869,explosion,급증,You'll hear the word 'explosion' often in everyday conversation.,other,B1,67.03,995,21582,SUBTLEX-US + OpenSubtitles 2018
870,directly,직접,You'll hear the word 'directly' often in everyday conversation.,other,B1,67.03,1084,19104,SUBTLEX-US + OpenSubtitles 2018
871,nasty,간악한,You'll hear the word 'nasty' often in everyday conversation.,other,B1,67.03,1151,17464,SUBTLEX-US + OpenSubtitles 2018
872,law,법,You'll hear the word 'law' often in everyday conversation.,other,A2,67.02,5932,78264,SUBTLEX-US + OpenSubtitles 2018
873,aboard,차내에,You'll hear the word 'aboard' often in everyday conversation.,other,B1,67.02,1358,13582,SUBTLEX-US + OpenSubtitles 2018
874,bucks,달러,You'll hear the word 'bucks' often in everyday conversation.,other,C1,67.01,2866,28842,SUBTLEX-US + OpenSubtitles 2018
875,refuse,거절하다,You'll hear the word 'refuse' often in everyday conversation.,other,B1,67.01,1070,19168,SUBTLEX-US + OpenSubtitles 2018
876,rare,귀한,You'll hear the word 'rare' often in everyday conversation.,other,B1,67.01,1107,18245,SUBTLEX-US + OpenSubtitles 2018
877,closer,최종회,You'll hear the word 'closer' often in everyday conversation.,other,C1,67.0,2330,39022,SUBTLEX-US + OpenSubtitles 2018
878,bump,범퍼,You'll hear the word 'bump' often in everyday conversation.,other,B1,67.0,1211,15894,SUBTLEX-US + OpenSubtitles 2018
879,tommy,영국 병정,You'll hear the word 'tommy' often in everyday conversation.,other,C1,66.99,2467,35690,SUBTLEX-US + OpenSubtitles 2018
880,members,수족,You'll hear the word 'members' often in everyday conversation.,other,B2,66.98,1224,25937,SUBTLEX-US + OpenSubtitles 2018
881,pulled,당겼다,You'll hear the word 'pulled' often in everyday conversation.,other,C1,66.97,2488,34816,SUBTLEX-US + OpenSubtitles 2018
882,senator,상원의원,You'll hear the word 'senator' often in everyday conversation.,other,B2,66.97,1691,15992,SUBTLEX-US + OpenSubtitles 2018
883,presence,면전,You'll hear the word 'presence' often in everyday conversation.,other,B1,66.96,1064,18788,SUBTLEX-US + OpenSubtitles 2018
884,bow,절하다,You'll hear the word 'bow' often in everyday conversation.,other,B1,66.96,1139,17027,SUBTLEX-US + OpenSubtitles 2018
885,dozen,12개,You'll hear the word 'dozen' often in everyday conversation.,other,B1,66.96,1231,15139,SUBTLEX-US + OpenSubtitles 2018
886,fool,어릿광대,You'll hear the word 'fool' often in everyday conversation.,other,A2,66.95,5706,80026,SUBTLEX-US + OpenSubtitles 2018
887,goddamn,망할,You'll hear the word 'goddamn' often in everyday conversation.,,C2,66.94,6064,39045,SUBTLEX-US + OpenSubtitles 2018
888,changing,변경하는,You'll hear the word 'changing' often in everyday conversation.,other,B2,66.93,1339,22102,SUBTLEX-US + OpenSubtitles 2018
889,mexico,멕시코,You'll hear the word 'mexico' often in everyday conversation.,other,B2,66.93,1580,17326,SUBTLEX-US + OpenSubtitles 2018
890,fault,결점,You'll hear the word 'fault' often in everyday conversation.,other,A2,66.92,5312,87420,SUBTLEX-US + OpenSubtitles 2018
891,certainly,정녕,You'll hear the word 'certainly' often in everyday conversation.,other,A2,66.92,6067,71435,SUBTLEX-US + OpenSubtitles 2018
892,bags,가방,You'll hear the word 'bags' often in everyday conversation.,other,B2,66.92,1456,19374,SUBTLEX-US + OpenSubtitles 2018
893,quick,빠르다,You'll hear the word 'quick' often in everyday conversation.,other,A2,66.91,5544,81548,SUBTLEX-US + OpenSubtitles 2018
894,offered,제공된,You'll hear the word 'offered' often in everyday conversation.,other,B2,66.91,1333,21983,SUBTLEX-US + OpenSubtitles 2018
895,starve,아사하다,You'll hear the word 'starve' often in everyday conversation.,,B2,66.91,1421,20004,SUBTLEX-US + OpenSubtitles 2018
896,nuts,시시해,You'll hear the word 'nuts' often in everyday conversation.,other,C1,66.9,2729,29037,SUBTLEX-US + OpenSubtitles 2018
897,data,데이터,You'll hear the word 'data' often in everyday conversation.,other,B2,66.9,1306,22478,SUBTLEX-US + OpenSubtitles 2018
898,iron,철,You'll hear the word 'iron' often in everyday conversation.,other,B1,66.9,964,21011,SUBTLEX-US + OpenSubtitles 2018
899,surface,표면,You'll hear the word 'surface' often in everyday conversation.,other,B1,66.89,990,20104,SUBTLEX-US + OpenSubtitles 2018
900,cure,가황,You'll hear the word 'cure' often in everyday conversation.,other,B1,66.88,1063,17999,SUBTLEX-US + OpenSubtitles 2018
901,glory,송영,You'll hear the word 'glory' often in everyday conversation.,other,B1,66.88,1120,16689,SUBTLEX-US + OpenSubtitles 2018
902,act,행하다,You'll hear the word 'act' often in everyday conversation.,other,A2,66.87,5565,79020,SUBTLEX-US + OpenSubtitles 2018
903,dropped,떨어진,You'll hear the word 'dropped' often in everyday conversation.,other,C1,66.87,2482,32997,SUBTLEX-US + OpenSubtitles 2018
904,snap,꽝당다,You'll hear the word 'snap' often in everyday conversation.,other,B2,66.87,1368,20701,SUBTLEX-US + OpenSubtitles 2018
905,decent,점잖다,You'll hear the word 'decent' often in everyday conversation.,other,B2,66.87,1433,19294,SUBTLEX-US + OpenSubtitles 2018
906,china,중국,You'll hear the word 'china' often in everyday conversation.,other,B2,66.86,1269,22926,SUBTLEX-US + OpenSubtitles 2018
907,treatment,대우,You'll hear the word 'treatment' often in everyday conversation.,other,B1,66.86,985,19950,SUBTLEX-US + OpenSubtitles 2018
908,sarah,사라,You'll hear the word 'sarah' often in everyday conversation.,other,C1,66.85,2200,38933,SUBTLEX-US + OpenSubtitles 2018
909,spanish,스페인어,You'll hear the word 'spanish' often in everyday conversation.,other,B2,66.85,1130,27061,SUBTLEX-US + OpenSubtitles 2018
910,insult,무례,You'll hear the word 'insult' often in everyday conversation.,other,B2,66.85,1371,20420,SUBTLEX-US + OpenSubtitles 2018
911,guarantee,보장,You'll hear the word 'guarantee' often in everyday conversation.,other,B1,66.85,1149,15782,SUBTLEX-US + OpenSubtitles 2018
912,greatest,가장 위대한,You'll hear the word 'greatest' often in everyday conversation.,other,C1,66.84,2464,32692,SUBTLEX-US + OpenSubtitles 2018
913,betray,배반하다,You'll hear the word 'betray' often in everyday conversation.,,B2,66.84,1195,24887,SUBTLEX-US + OpenSubtitles 2018
914,anger,분노,You'll hear the word 'anger' often in everyday conversation.,other,B1,66.84,1042,18065,SUBTLEX-US + OpenSubtitles 2018
915,knowing,알고 있는,You'll hear the word 'knowing' often in everyday conversation.,other,C1,66.83,2308,35876,SUBTLEX-US + OpenSubtitles 2018
916,buzz,웅성거림,You'll hear the word 'buzz' often in everyday conversation.,other,B2,66.83,1145,26273,SUBTLEX-US + OpenSubtitles 2018
917,report,보고하다,You'll hear the word 'report' often in everyday conversation.,other,A2,66.82,5508,77824,SUBTLEX-US + OpenSubtitles 2018
918,scar,낭떠러지,You'll hear the word 'scar' often in everyday conversation.,other,B2,66.82,1387,19723,SUBTLEX-US + OpenSubtitles 2018
919,leaves,블루진,You'll hear the word 'leaves' often in everyday conversation.,other,C1,66.81,2316,35150,SUBTLEX-US + OpenSubtitles 2018
920,mercy,자비,You'll hear the word 'mercy' often in everyday conversation.,other,B2,66.81,1296,21637,SUBTLEX-US + OpenSubtitles 2018
921,leading,유력,You'll hear the word 'leading' often in everyday conversation.,other,B1,66.81,1064,17295,SUBTLEX-US + OpenSubtitles 2018
922,teeth,이빨,You'll hear the word 'teeth' often in everyday conversation.,other,C1,66.8,2463,32009,SUBTLEX-US + OpenSubtitles 2018
923,series,수열,You'll hear the word 'series' often in everyday conversation.,other,B1,66.8,1028,18098,SUBTLEX-US + OpenSubtitles 2018
924,pass,지나가다,You'll hear the word 'pass' often in everyday conversation.,other,A2,66.79,5514,76635,SUBTLEX-US + OpenSubtitles 2018
925,colonel,단당,You'll hear the word 'colonel' often in everyday conversation.,other,C2,66.79,4940,48304,SUBTLEX-US + OpenSubtitles 2018
926,larry,가짜의,You'll hear the word 'larry' often in everyday conversation.,other,C1,66.79,2888,25197,SUBTLEX-US + OpenSubtitles 2018
927,bill,계산서,You'll hear the word 'bill' often in everyday conversation.,other,A2,66.77,6041,65959,SUBTLEX-US + OpenSubtitles 2018
928,minister,정승,You'll hear the word 'minister' often in everyday conversation.,other,B2,66.76,944,33653,SUBTLEX-US + OpenSubtitles 2018
929,led,이끌리는,You'll hear the word 'led' often in everyday conversation.,other,B2,66.76,1225,22806,SUBTLEX-US + OpenSubtitles 2018
930,convince,설득하다,You'll hear the word 'convince' often in everyday conversation.,other,B1,66.76,986,18823,SUBTLEX-US + OpenSubtitles 2018
931,defend,방위하다,You'll hear the word 'defend' often in everyday conversation.,other,B1,66.76,1008,18159,SUBTLEX-US + OpenSubtitles 2018
932,setting,설정,You'll hear the word 'setting' often in everyday conversation.,other,B1,66.76,1099,16012,SUBTLEX-US + OpenSubtitles 2018
933,terribly,몹시,You'll hear the word 'terribly' often in everyday conversation.,other,B1,66.76,1205,13954,SUBTLEX-US + OpenSubtitles 2018
934,authority,권위,You'll hear the word 'authority' often in everyday conversation.,other,B1,66.75,1082,16265,SUBTLEX-US + OpenSubtitles 2018
935,hop,도약,You'll hear the word 'hop' often in everyday conversation.,other,B1,66.75,1230,13430,SUBTLEX-US + OpenSubtitles 2018
936,arrived,도착했다,You'll hear the word 'arrived' often in everyday conversation.,other,C1,66.74,1949,43640,SUBTLEX-US + OpenSubtitles 2018
937,crush,붐빔,You'll hear the word 'crush' often in everyday conversation.,other,B1,66.74,1055,16815,SUBTLEX-US + OpenSubtitles 2018
938,checked,확인된,You'll hear the word 'checked' often in everyday conversation.,other,C1,66.73,2382,32333,SUBTLEX-US + OpenSubtitles 2018
939,approach,접근하다,You'll hear the word 'approach' often in everyday conversation.,other,B1,66.73,1070,16374,SUBTLEX-US + OpenSubtitles 2018
940,develop,발전하다,I need to develop this before we decide.,verb,A2,66.73,490,8036,SUBTLEX-US + OpenSubtitles 2018
941,alright,괜찮은,You'll hear the word 'alright' often in everyday conversation.,other,A2,66.72,4044,116629,SUBTLEX-US + OpenSubtitles 2018
942,highly,매우,You'll hear the word 'highly' often in everyday conversation.,other,B1,66.72,1081,16045,SUBTLEX-US + OpenSubtitles 2018
943,emotional,감정적인,You'll hear the word 'emotional' often in everyday conversation.,other,B1,66.72,1081,16018,SUBTLEX-US + OpenSubtitles 2018
944,steady,여물다,You'll hear the word 'steady' often in everyday conversation.,other,B1,66.72,1168,14241,SUBTLEX-US + OpenSubtitles 2018
945,except,이외,You'll hear the word 'except' often in everyday conversation.,other,A2,66.7,5727,68824,SUBTLEX-US + OpenSubtitles 2018
946,applause,박수,You'll hear the word 'applause' often in everyday conversation.,other,B1,66.7,576,40194,SUBTLEX-US + OpenSubtitles 2018
947,louis,루이스,You'll hear the word 'louis' often in everyday conversation.,other,B2,66.7,1321,19754,SUBTLEX-US + OpenSubtitles 2018
948,confess,고백하다,You'll hear the word 'confess' often in everyday conversation.,other,B2,66.69,1212,22360,SUBTLEX-US + OpenSubtitles 2018
949,ordinary,일상,You'll hear the word 'ordinary' often in everyday conversation.,other,B1,66.69,976,18352,SUBTLEX-US + OpenSubtitles 2018
950,sand,모래,You'll hear the word 'sand' often in everyday conversation.,other,B1,66.69,1061,16185,SUBTLEX-US + OpenSubtitles 2018
951,package,소포,You'll hear the word 'package' often in everyday conversation.,other,B1,66.69,1162,14169,SUBTLEX-US + OpenSubtitles 2018
952,odd,홀짝,You'll hear the word 'odd' often in everyday conversation.,other,B2,66.68,1226,21790,SUBTLEX-US + OpenSubtitles 2018
953,charming,매력있는,You'll hear the word 'charming' often in everyday conversation.,other,B2,66.68,1434,17277,SUBTLEX-US + OpenSubtitles 2018
954,former,권형,You'll hear the word 'former' often in everyday conversation.,other,B1,66.67,932,19422,SUBTLEX-US + OpenSubtitles 2018
955,court,궁정,You'll hear the word 'court' often in everyday conversation.,other,A2,66.66,5256,76328,SUBTLEX-US + OpenSubtitles 2018
956,bringing,가져오기,You'll hear the word 'bringing' often in everyday conversation.,other,C1,66.66,2282,33020,SUBTLEX-US + OpenSubtitles 2018
957,results,과실,You'll hear the word 'results' often in everyday conversation.,other,B2,66.66,1158,23478,SUBTLEX-US + OpenSubtitles 2018
958,basement,지계,You'll hear the word 'basement' often in everyday conversation.,other,B1,66.66,1104,15012,SUBTLEX-US + OpenSubtitles 2018
959,winning,결승의,You'll hear the word 'winning' often in everyday conversation.,other,B2,66.65,1282,20022,SUBTLEX-US + OpenSubtitles 2018
960,files,파일,You'll hear the word 'files' often in everyday conversation.,other,B2,66.65,1358,18385,SUBTLEX-US + OpenSubtitles 2018
961,sneak,후무리다,You'll hear the word 'sneak' often in everyday conversation.,other,B2,66.65,1409,17489,SUBTLEX-US + OpenSubtitles 2018
962,jungle,정글,You'll hear the word 'jungle' often in everyday conversation.,other,B1,66.65,1187,13426,SUBTLEX-US + OpenSubtitles 2018
963,return,돌아오다,You'll hear the word 'return' often in everyday conversation.,other,A2,66.64,4676,89451,SUBTLEX-US + OpenSubtitles 2018
964,mistake,잘못,You'll hear the word 'mistake' often in everyday conversation.,other,A2,66.64,5243,75712,SUBTLEX-US + OpenSubtitles 2018
965,taught,가르쳤다,You'll hear the word 'taught' often in everyday conversation.,other,C1,66.64,2236,33613,SUBTLEX-US + OpenSubtitles 2018
966,trace,추적하다,You'll hear the word 'trace' often in everyday conversation.,other,B1,66.64,989,17465,SUBTLEX-US + OpenSubtitles 2018
967,district,고을,You'll hear the word 'district' often in everyday conversation.,other,B1,66.64,1068,15566,SUBTLEX-US + OpenSubtitles 2018
968,wedding,결혼식,You'll hear the word 'wedding' often in everyday conversation.,other,A2,66.63,5173,76940,SUBTLEX-US + OpenSubtitles 2018
969,passion,격정,You'll hear the word 'passion' often in everyday conversation.,other,B1,66.63,1008,16878,SUBTLEX-US + OpenSubtitles 2018
970,reputation,평판,You'll hear the word 'reputation' often in everyday conversation.,other,B1,66.63,1016,16639,SUBTLEX-US + OpenSubtitles 2018
971,deny,부인하다,You'll hear the word 'deny' often in everyday conversation.,other,B1,66.63,1091,15012,SUBTLEX-US + OpenSubtitles 2018
972,council,평의,You'll hear the word 'council' often in everyday conversation.,other,B1,66.61,863,20941,SUBTLEX-US + OpenSubtitles 2018
973,rooms,방,You'll hear the word 'rooms' often in everyday conversation.,other,B2,66.6,1326,18562,SUBTLEX-US + OpenSubtitles 2018
974,failure,감퇴,You'll hear the word 'failure' often in everyday conversation.,other,B1,66.6,1021,16251,SUBTLEX-US + OpenSubtitles 2018
975,exhausted,고단하다,I'm exhausted after work.,other,B1,66.6,655,10362,SUBTLEX-US + OpenSubtitles 2018
976,voice,목소리,You'll hear the word 'voice' often in everyday conversation.,other,A2,66.59,4423,94384,SUBTLEX-US + OpenSubtitles 2018
977,zero,영점,You'll hear the word 'zero' often in everyday conversation.,other,B2,66.59,1210,21164,SUBTLEX-US + OpenSubtitles 2018
978,hug,껴안다,You'll hear the word 'hug' often in everyday conversation.,other,B2,66.59,1219,20899,SUBTLEX-US + OpenSubtitles 2018
979,cops,경찰,You'll hear the word 'cops' often in everyday conversation.,other,C2,66.58,4290,52981,SUBTLEX-US + OpenSubtitles 2018
980,falls,폭포,You'll hear the word 'falls' often in everyday conversation.,other,B2,66.58,1301,18897,SUBTLEX-US + OpenSubtitles 2018
981,rolling,굴림,You'll hear the word 'rolling' often in everyday conversation.,other,B1,66.58,1100,14377,SUBTLEX-US + OpenSubtitles 2018
982,entirely,온통,You'll hear the word 'entirely' often in everyday conversation.,other,B1,66.57,1026,15891,SUBTLEX-US + OpenSubtitles 2018
983,confidence,배짱,You'll hear the word 'confidence' often in everyday conversation.,other,B1,66.56,1004,16309,SUBTLEX-US + OpenSubtitles 2018
984,standing,서있는,You'll hear the word 'standing' often in everyday conversation.,other,C2,66.55,3994,57866,SUBTLEX-US + OpenSubtitles 2018
985,friendly,친한,You'll hear the word 'friendly' often in everyday conversation.,other,B2,66.55,1352,17536,SUBTLEX-US + OpenSubtitles 2018
986,families,가족,You'll hear the word 'families' often in everyday conversation.,other,B2,66.53,1139,22338,SUBTLEX-US + OpenSubtitles 2018
987,rip,격랑,You'll hear the word 'rip' often in everyday conversation.,other,B2,66.53,1307,18241,SUBTLEX-US + OpenSubtitles 2018
988,mental,정신적인,You'll hear the word 'mental' often in everyday conversation.,other,B1,66.53,1002,16088,SUBTLEX-US + OpenSubtitles 2018
989,miserable,비참한,You'll hear the word 'miserable' often in everyday conversation.,other,B1,66.53,1096,14078,SUBTLEX-US + OpenSubtitles 2018
990,worse,더욱 나쁜,You'll hear the word 'worse' often in everyday conversation.,other,A2,66.52,5002,75595,SUBTLEX-US + OpenSubtitles 2018
991,facts,사실,You'll hear the word 'facts' often in everyday conversation.,other,B2,66.51,1393,16365,SUBTLEX-US + OpenSubtitles 2018
992,paying,지불하는,You'll hear the word 'paying' often in everyday conversation.,other,C1,66.5,2207,31696,SUBTLEX-US + OpenSubtitles 2018
993,commit,헌신하다,You'll hear the word 'commit' often in everyday conversation.,other,B1,66.5,984,16236,SUBTLEX-US + OpenSubtitles 2018
994,worried,당혹한,You'll hear the word 'worried' often in everyday conversation.,other,A2,66.48,4831,78083,SUBTLEX-US + OpenSubtitles 2018
995,notes,각서,You'll hear the word 'notes' often in everyday conversation.,other,B2,66.47,1255,18614,SUBTLEX-US + OpenSubtitles 2018
996,solid,공고,You'll hear the word 'solid' often in everyday conversation.,other,B1,66.47,998,15581,SUBTLEX-US + OpenSubtitles 2018
997,delivery,교부,You'll hear the word 'delivery' often in everyday conversation.,other,B1,66.47,1017,15137,SUBTLEX-US + OpenSubtitles 2018
998,biggest,가장 큰,You'll hear the word 'biggest' often in everyday conversation.,other,C1,66.46,2085,33564,SUBTLEX-US + OpenSubtitles 2018
999,blast,폭발,You'll hear the word 'blast' often in everyday conversation.,other,B2,66.46,1200,19884,SUBTLEX-US + OpenSubtitles 2018
1000,steps,발길,You'll hear the word 'steps' often in everyday conversation.,other,B2,66.46,1259,18492,SUBTLEX-US + OpenSubtitles 2018
1001,reports,보고서,You'll hear the word 'reports' often in everyday conversation.,other,B2,66.46,1296,17743,SUBTLEX-US + OpenSubtitles 2018
1002,tail,꼬리,You'll hear the word 'tail' often in everyday conversation.,other,B2,66.46,1300,17608,SUBTLEX-US + OpenSubtitles 2018
1003,cage,옥사,You'll hear the word 'cage' often in everyday conversation.,other,B1,66.46,1118,13129,SUBTLEX-US + OpenSubtitles 2018
1004,notice,고지,Did you notice anything different?,other,A2,66.45,3218,46158,SUBTLEX-US + OpenSubtitles 2018
1005,aye,예,You'll hear the word 'aye' often in everyday conversation.,other,C1,66.45,2245,30029,SUBTLEX-US + OpenSubtitles 2018
1006,mass,질량,You'll hear the word 'mass' often in everyday conversation.,other,B1,66.45,908,17703,SUBTLEX-US + OpenSubtitles 2018
1007,weapons,무기,You'll hear the word 'weapons' often in everyday conversation.,other,C1,66.44,2065,33779,SUBTLEX-US + OpenSubtitles 2018
1008,noticed,알아챘다,You'll hear the word 'noticed' often in everyday conversation.,other,C1,66.44,2131,32301,SUBTLEX-US + OpenSubtitles 2018
1009,assault,강간,You'll hear the word 'assault' often in everyday conversation.,other,B2,66.44,1187,19933,SUBTLEX-US + OpenSubtitles 2018
1010,darkness,암흑,You'll hear the word 'darkness' often in everyday conversation.,other,B1,66.44,893,18029,SUBTLEX-US + OpenSubtitles 2018
1011,teaching,교습,You'll hear the word 'teaching' often in everyday conversation.,other,B1,66.44,1010,15100,SUBTLEX-US + OpenSubtitles 2018
1012,terms,조항,You'll hear the word 'terms' often in everyday conversation.,other,B2,66.43,1138,21034,SUBTLEX-US + OpenSubtitles 2018
1013,plain,평탄한,You'll hear the word 'plain' often in everyday conversation.,other,B1,66.43,1113,12952,SUBTLEX-US + OpenSubtitles 2018
1014,fallen,쓰러진,You'll hear the word 'fallen' often in everyday conversation.,other,B1,66.42,863,18795,SUBTLEX-US + OpenSubtitles 2018
1015,insist,주장하다,You'll hear the word 'insist' often in everyday conversation.,other,B1,66.41,993,15151,SUBTLEX-US + OpenSubtitles 2018
1016,wing,날아가다,You'll hear the word 'wing' often in everyday conversation.,other,B1,66.41,1064,13747,SUBTLEX-US + OpenSubtitles 2018
1017,device,장치,You'll hear the word 'device' often in everyday conversation.,other,B1,66.4,926,16734,SUBTLEX-US + OpenSubtitles 2018
1018,recall,리콜,You'll hear the word 'recall' often in everyday conversation.,other,B1,66.4,1024,14436,SUBTLEX-US + OpenSubtitles 2018
1019,heads,머리,You'll hear the word 'heads' often in everyday conversation.,other,C1,66.39,2177,30350,SUBTLEX-US + OpenSubtitles 2018
1020,possibility,가능,You'll hear the word 'possibility' often in everyday conversation.,other,B1,66.39,1035,14141,SUBTLEX-US + OpenSubtitles 2018
1021,opportunity,기회,That's the opportunity we were talking about.,noun,A2,66.38,2091,36711,SUBTLEX-US + OpenSubtitles 2018
1022,destiny,천명,You'll hear the word 'destiny' often in everyday conversation.,other,B2,66.38,1218,18532,SUBTLEX-US + OpenSubtitles 2018
1023,experiment,실험,You'll hear the word 'experiment' often in everyday conversation.,other,B1,66.38,967,15525,SUBTLEX-US + OpenSubtitles 2018
1024,champion,더없이,You'll hear the word 'champion' often in everyday conversation.,other,B1,66.38,1073,13290,SUBTLEX-US + OpenSubtitles 2018
1025,christian,문명인,You'll hear the word 'christian' often in everyday conversation.,other,B1,66.37,811,20041,SUBTLEX-US + OpenSubtitles 2018
1026,cast,던지다,You'll hear the word 'cast' often in everyday conversation.,other,B2,66.37,1180,19263,SUBTLEX-US + OpenSubtitles 2018
1027,media,미디어,You'll hear the word 'media' often in everyday conversation.,other,B2,66.36,1138,20306,SUBTLEX-US + OpenSubtitles 2018
1028,major,주요한,You'll hear the word 'major' often in everyday conversation.,other,A2,66.35,5407,61219,SUBTLEX-US + OpenSubtitles 2018
1029,forces,군대,You'll hear the word 'forces' often in everyday conversation.,other,B2,66.35,1064,22284,SUBTLEX-US + OpenSubtitles 2018
1030,conference,상의,You'll hear the word 'conference' often in everyday conversation.,other,B2,66.35,1296,16610,SUBTLEX-US + OpenSubtitles 2018
1031,admit,승인하다,"I have to admit, you were right.",other,A2,66.34,3176,44373,SUBTLEX-US + OpenSubtitles 2018
1032,songs,노래,You'll hear the word 'songs' often in everyday conversation.,other,B2,66.34,1132,20215,SUBTLEX-US + OpenSubtitles 2018
1033,incident,사건,You'll hear the word 'incident' often in everyday conversation.,other,B1,66.34,883,17339,SUBTLEX-US + OpenSubtitles 2018
1034,trail,자국,You'll hear the word 'trail' often in everyday conversation.,other,B1,66.34,1007,14317,SUBTLEX-US + OpenSubtitles 2018
1035,stock,가계,You'll hear the word 'stock' often in everyday conversation.,other,B2,66.33,1300,16373,SUBTLEX-US + OpenSubtitles 2018
1036,revenge,보복,You'll hear the word 'revenge' often in everyday conversation.,other,B2,66.32,977,24737,SUBTLEX-US + OpenSubtitles 2018
1037,mile,마일,You'll hear the word 'mile' often in everyday conversation.,other,B1,66.32,1071,12874,SUBTLEX-US + OpenSubtitles 2018
1038,attention,주의,You'll hear the word 'attention' often in everyday conversation.,other,A2,66.31,5065,65941,SUBTLEX-US + OpenSubtitles 2018
1039,cough,기침병,You'll hear the word 'cough' often in everyday conversation.,other,B2,66.31,883,28679,SUBTLEX-US + OpenSubtitles 2018
1040,squad,부대,You'll hear the word 'squad' often in everyday conversation.,other,B2,66.31,1200,18209,SUBTLEX-US + OpenSubtitles 2018
1041,considered,존경받는,You'll hear the word 'considered' often in everyday conversation.,other,B2,66.3,1182,18518,SUBTLEX-US + OpenSubtitles 2018
1042,border,국경,You'll hear the word 'border' often in everyday conversation.,other,B1,66.3,898,16567,SUBTLEX-US + OpenSubtitles 2018
1043,reward,사례금,You'll hear the word 'reward' often in everyday conversation.,other,B1,66.3,919,15944,SUBTLEX-US + OpenSubtitles 2018
1044,system,체계,You'll hear the word 'system' often in everyday conversation.,other,A2,66.29,4667,73678,SUBTLEX-US + OpenSubtitles 2018
1045,invited,초대된,You'll hear the word 'invited' often in everyday conversation.,other,C1,66.29,2064,30993,SUBTLEX-US + OpenSubtitles 2018
1046,butt,꽁초,You'll hear the word 'butt' often in everyday conversation.,other,C1,66.29,2362,25442,SUBTLEX-US + OpenSubtitles 2018
1047,photos,사진,You'll hear the word 'photos' often in everyday conversation.,other,B2,66.29,1016,23035,SUBTLEX-US + OpenSubtitles 2018
1048,missing,없어진,You'll hear the word 'missing' often in everyday conversation.,other,A2,66.28,4484,77326,SUBTLEX-US + OpenSubtitles 2018
1049,joke,농담,You'll hear the word 'joke' often in everyday conversation.,other,A2,66.28,4695,72254,SUBTLEX-US + OpenSubtitles 2018
1050,cliff,절벽,You'll hear the word 'cliff' often in everyday conversation.,other,B1,66.28,1100,12109,SUBTLEX-US + OpenSubtitles 2018
1051,lies,거짓말,You'll hear the word 'lies' often in everyday conversation.,other,C1,66.26,1883,34827,SUBTLEX-US + OpenSubtitles 2018
1052,stab,찌르기,You'll hear the word 'stab' often in everyday conversation.,other,B2,66.26,1067,21049,SUBTLEX-US + OpenSubtitles 2018
1053,fuel,연료,You'll hear the word 'fuel' often in everyday conversation.,other,B1,66.26,968,14436,SUBTLEX-US + OpenSubtitles 2018
1054,launch,출시하다,You'll hear the word 'launch' often in everyday conversation.,other,B1,66.26,1018,13420,SUBTLEX-US + OpenSubtitles 2018
1055,shift,이동하다,You'll hear the word 'shift' often in everyday conversation.,other,B2,66.24,1164,18253,SUBTLEX-US + OpenSubtitles 2018
1056,swing,그네,You'll hear the word 'swing' often in everyday conversation.,other,B2,66.24,1325,15079,SUBTLEX-US + OpenSubtitles 2018
1057,print,자국,You'll hear the word 'print' often in everyday conversation.,other,B1,66.24,1018,13293,SUBTLEX-US + OpenSubtitles 2018
1058,cleaning,소제,You'll hear the word 'cleaning' often in everyday conversation.,other,B2,66.23,1158,18286,SUBTLEX-US + OpenSubtitles 2018
1059,tests,시험,You'll hear the word 'tests' often in everyday conversation.,other,B2,66.23,1197,17462,SUBTLEX-US + OpenSubtitles 2018
1060,crawl,서행,You'll hear the word 'crawl' often in everyday conversation.,other,B2,66.23,1330,14931,SUBTLEX-US + OpenSubtitles 2018
1061,bound,되퇸,You'll hear the word 'bound' often in everyday conversation.,other,B1,66.23,950,14619,SUBTLEX-US + OpenSubtitles 2018
1062,proceed,항진,You'll hear the word 'proceed' often in everyday conversation.,other,B1,66.23,1066,12314,SUBTLEX-US + OpenSubtitles 2018
1063,across,건너서,You'll hear the word 'across' often in everyday conversation.,other,A2,66.22,4801,67595,SUBTLEX-US + OpenSubtitles 2018
1064,easier,더 쉬운,You'll hear the word 'easier' often in everyday conversation.,other,C1,66.22,2012,30876,SUBTLEX-US + OpenSubtitles 2018
1065,resist,참다,You'll hear the word 'resist' often in everyday conversation.,other,B1,66.22,924,15152,SUBTLEX-US + OpenSubtitles 2018
1066,cruel,무참,You'll hear the word 'cruel' often in everyday conversation.,other,B1,66.22,936,14872,SUBTLEX-US + OpenSubtitles 2018
1067,quality,품질,You'll hear the word 'quality' often in everyday conversation.,other,B1,66.22,947,14596,SUBTLEX-US + OpenSubtitles 2018
1068,honor,경의,You'll hear the word 'honor' often in everyday conversation.,other,A2,66.21,4990,63635,SUBTLEX-US + OpenSubtitles 2018
1069,supply,공급,You'll hear the word 'supply' often in everyday conversation.,other,B1,66.21,952,14396,SUBTLEX-US + OpenSubtitles 2018
1070,fifth,다섯째,You'll hear the word 'fifth' often in everyday conversation.,other,B1,66.21,985,13690,SUBTLEX-US + OpenSubtitles 2018
1071,balls,만용,You'll hear the word 'balls' often in everyday conversation.,other,C1,66.2,2048,29799,SUBTLEX-US + OpenSubtitles 2018
1072,patrol,순시,You'll hear the word 'patrol' often in everyday conversation.,other,B1,66.2,957,14231,SUBTLEX-US + OpenSubtitles 2018
1073,achieve,달성하다,I need to achieve this before we decide.,verb,A2,66.2,374,8816,SUBTLEX-US + OpenSubtitles 2018
1074,agent,작인,You'll hear the word 'agent' often in everyday conversation.,other,A2,66.19,5236,58608,SUBTLEX-US + OpenSubtitles 2018
1075,agreement,동의,You'll hear the word 'agreement' often in everyday conversation.,other,B1,66.19,892,15659,SUBTLEX-US + OpenSubtitles 2018
1076,nuclear,핵의,You'll hear the word 'nuclear' often in everyday conversation.,other,B1,66.19,968,13873,SUBTLEX-US + OpenSubtitles 2018
1077,cabin,선실,You'll hear the word 'cabin' often in everyday conversation.,other,B1,66.19,1003,13159,SUBTLEX-US + OpenSubtitles 2018
1078,current,기류,You'll hear the word 'current' often in everyday conversation.,other,B1,66.18,869,16251,SUBTLEX-US + OpenSubtitles 2018
1079,substantial,상당한,That sounds pretty substantial to me.,adjective,B1,66.18,182,2582,SUBTLEX-US + OpenSubtitles 2018
1080,skip,도약,You'll hear the word 'skip' often in everyday conversation.,other,B2,66.17,1283,15169,SUBTLEX-US + OpenSubtitles 2018
1081,navy,전 군함,You'll hear the word 'navy' often in everyday conversation.,other,B2,66.17,1316,14616,SUBTLEX-US + OpenSubtitles 2018
1082,mighty,세다,You'll hear the word 'mighty' often in everyday conversation.,other,B2,66.17,1355,14014,SUBTLEX-US + OpenSubtitles 2018
1083,particularly,별로,You'll hear the word 'particularly' often in everyday conversation.,other,B1,66.17,946,14220,SUBTLEX-US + OpenSubtitles 2018
1084,signs,모양,You'll hear the word 'signs' often in everyday conversation.,other,B2,66.16,1123,18381,SUBTLEX-US + OpenSubtitles 2018
1085,alert,경고,You'll hear the word 'alert' often in everyday conversation.,other,B2,66.16,1160,17492,SUBTLEX-US + OpenSubtitles 2018
1086,purse,기부금,You'll hear the word 'purse' often in everyday conversation.,other,B1,66.16,1016,12740,SUBTLEX-US + OpenSubtitles 2018
1087,ring,가락,You'll hear the word 'ring' often in everyday conversation.,other,A2,66.15,4738,66214,SUBTLEX-US + OpenSubtitles 2018
1088,letting,셋집,You'll hear the word 'letting' often in everyday conversation.,other,C1,66.15,1995,30057,SUBTLEX-US + OpenSubtitles 2018
1089,leo,사자궁,You'll hear the word 'leo' often in everyday conversation.,other,C1,66.15,2583,20521,SUBTLEX-US + OpenSubtitles 2018
1090,expert,감정인,You'll hear the word 'expert' often in everyday conversation.,other,B2,66.15,1128,18181,SUBTLEX-US + OpenSubtitles 2018
1091,politics,정견,You'll hear the word 'politics' often in everyday conversation.,other,B1,66.15,845,16636,SUBTLEX-US + OpenSubtitles 2018
1092,alcohol,알코올,You'll hear the word 'alcohol' often in everyday conversation.,other,B1,66.15,845,16625,SUBTLEX-US + OpenSubtitles 2018
1093,chat,담소,You'll hear the word 'chat' often in everyday conversation.,other,B1,66.15,849,16479,SUBTLEX-US + OpenSubtitles 2018
1094,babe,숫보기,You'll hear the word 'babe' often in everyday conversation.,other,C1,66.14,1991,29935,SUBTLEX-US + OpenSubtitles 2018
1095,appears,나타나다,You'll hear the word 'appears' often in everyday conversation.,other,B2,66.13,1074,19313,SUBTLEX-US + OpenSubtitles 2018
1096,radar,레이더,You'll hear the word 'radar' often in everyday conversation.,other,B2,66.13,1819,8868,SUBTLEX-US + OpenSubtitles 2018
1097,hunting,사냥,You'll hear the word 'hunting' often in everyday conversation.,other,B2,66.12,1082,19043,SUBTLEX-US + OpenSubtitles 2018
1098,andrew,안드레,You'll hear the word 'andrew' often in everyday conversation.,other,B2,66.12,1085,18966,SUBTLEX-US + OpenSubtitles 2018
1099,mask,가면,You'll hear the word 'mask' often in everyday conversation.,other,B2,66.12,1148,17442,SUBTLEX-US + OpenSubtitles 2018
1100,disaster,난민,You'll hear the word 'disaster' often in everyday conversation.,other,B1,66.12,881,15366,SUBTLEX-US + OpenSubtitles 2018
1101,guide,가이드,You'll hear the word 'guide' often in everyday conversation.,other,B1,66.12,910,14614,SUBTLEX-US + OpenSubtitles 2018
1102,impression,감명,You'll hear the word 'impression' often in everyday conversation.,other,B1,66.12,946,13849,SUBTLEX-US + OpenSubtitles 2018
1103,league,동맹,You'll hear the word 'league' often in everyday conversation.,other,B1,66.12,950,13742,SUBTLEX-US + OpenSubtitles 2018
1104,routine,관례,You'll hear the word 'routine' often in everyday conversation.,other,B1,66.12,1012,12497,SUBTLEX-US + OpenSubtitles 2018
1105,evidence,증거,You'll hear the word 'evidence' often in everyday conversation.,other,A2,66.11,4351,73673,SUBTLEX-US + OpenSubtitles 2018
1106,rock,록팬,You'll hear the word 'rock' often in everyday conversation.,other,A2,66.11,4538,68999,SUBTLEX-US + OpenSubtitles 2018
1107,relax,풀다,You'll hear the word 'relax' often in everyday conversation.,other,A2,66.11,4974,60324,SUBTLEX-US + OpenSubtitles 2018
1108,horses,말,You'll hear the word 'horses' often in everyday conversation.,other,C1,66.11,2087,27542,SUBTLEX-US + OpenSubtitles 2018
1109,dan,소형 부표,You'll hear the word 'dan' often in everyday conversation.,other,C1,66.1,1961,29956,SUBTLEX-US + OpenSubtitles 2018
1110,forever,무상,You'll hear the word 'forever' often in everyday conversation.,other,A2,66.09,4533,68510,SUBTLEX-US + OpenSubtitles 2018
1111,mention,언급하다,Did she mention my name?,other,A2,66.08,3033,40753,SUBTLEX-US + OpenSubtitles 2018
1112,improve,개선하다,I need to improve this before we decide.,verb,A2,66.08,413,7114,SUBTLEX-US + OpenSubtitles 2018
1113,blow,강타,You'll hear the word 'blow' often in everyday conversation.,other,A2,66.07,4976,58817,SUBTLEX-US + OpenSubtitles 2018
1114,suffering,수난,You'll hear the word 'suffering' often in everyday conversation.,other,B2,66.07,1011,20399,SUBTLEX-US + OpenSubtitles 2018
1115,federal,연방의,You'll hear the word 'federal' often in everyday conversation.,other,B2,66.07,1179,16290,SUBTLEX-US + OpenSubtitles 2018
1116,hammer,망치,You'll hear the word 'hammer' often in everyday conversation.,other,B1,66.07,880,14925,SUBTLEX-US + OpenSubtitles 2018
1117,convinced,확신한,You'll hear the word 'convinced' often in everyday conversation.,other,B2,66.06,1061,18875,SUBTLEX-US + OpenSubtitles 2018
1118,impressive,인상적,You'll hear the word 'impressive' often in everyday conversation.,other,B1,66.06,865,15272,SUBTLEX-US + OpenSubtitles 2018
1119,steel,강철,You'll hear the word 'steel' often in everyday conversation.,other,B1,66.06,953,13177,SUBTLEX-US + OpenSubtitles 2018
1120,virus,바이러스,You'll hear the word 'virus' often in everyday conversation.,other,B1,66.06,964,12984,SUBTLEX-US + OpenSubtitles 2018
1121,heal,아물다,You'll hear the word 'heal' often in everyday conversation.,other,B1,66.05,858,15350,SUBTLEX-US + OpenSubtitles 2018
1122,kinds,종류,You'll hear the word 'kinds' often in everyday conversation.,other,B2,66.04,1121,17172,SUBTLEX-US + OpenSubtitles 2018
1123,normally,보통은,You'll hear the word 'normally' often in everyday conversation.,other,B1,66.04,818,16348,SUBTLEX-US + OpenSubtitles 2018
1124,parties,파티,You'll hear the word 'parties' often in everyday conversation.,other,B2,66.03,1182,15865,SUBTLEX-US + OpenSubtitles 2018
1125,flash,순가,You'll hear the word 'flash' often in everyday conversation.,other,B1,66.03,848,15383,SUBTLEX-US + OpenSubtitles 2018
1126,gym,체육관,You'll hear the word 'gym' often in everyday conversation.,other,B1,66.03,927,13513,SUBTLEX-US + OpenSubtitles 2018
1127,anywhere,어디에나,You'll hear the word 'anywhere' often in everyday conversation.,other,A2,66.02,4513,65981,SUBTLEX-US + OpenSubtitles 2018
1128,understanding,양지,You'll hear the word 'understanding' often in everyday conversation.,other,B2,66.02,1122,17000,SUBTLEX-US + OpenSubtitles 2018
1129,loan,대차,You'll hear the word 'loan' often in everyday conversation.,other,B2,66.01,1143,16422,SUBTLEX-US + OpenSubtitles 2018
1130,wolf,늑대,You'll hear the word 'wolf' often in everyday conversation.,other,B2,66.0,1049,18566,SUBTLEX-US + OpenSubtitles 2018
1131,arrested,잡히다,You'll hear the word 'arrested' often in everyday conversation.,other,C1,65.99,1781,32506,SUBTLEX-US + OpenSubtitles 2018
1132,route,경로,You'll hear the word 'route' often in everyday conversation.,other,B2,65.99,1089,17472,SUBTLEX-US + OpenSubtitles 2018
1133,helps,도움,You'll hear the word 'helps' often in everyday conversation.,other,B2,65.98,1084,17480,SUBTLEX-US + OpenSubtitles 2018
1134,windows,창문,You'll hear the word 'windows' often in everyday conversation.,other,B2,65.98,1190,15229,SUBTLEX-US + OpenSubtitles 2018
1135,vice,사악,You'll hear the word 'vice' often in everyday conversation.,other,B1,65.98,950,12641,SUBTLEX-US + OpenSubtitles 2018
1136,flip,플립,You'll hear the word 'flip' often in everyday conversation.,other,B2,65.97,1193,15129,SUBTLEX-US + OpenSubtitles 2018
1137,demand,수요,You'll hear the word 'demand' often in everyday conversation.,other,B1,65.97,873,14303,SUBTLEX-US + OpenSubtitles 2018
1138,thunder,뇌성,You'll hear the word 'thunder' often in everyday conversation.,other,B1,65.95,744,17813,SUBTLEX-US + OpenSubtitles 2018
1139,exit,나감,You'll hear the word 'exit' often in everyday conversation.,other,B1,65.95,880,13974,SUBTLEX-US + OpenSubtitles 2018
1140,term,기일,You'll hear the word 'term' often in everyday conversation.,other,B1,65.95,892,13676,SUBTLEX-US + OpenSubtitles 2018
1141,objection,난점,You'll hear the word 'objection' often in everyday conversation.,other,B1,65.95,1108,9894,SUBTLEX-US + OpenSubtitles 2018
1142,flesh,살색,You'll hear the word 'flesh' often in everyday conversation.,other,B2,65.94,1129,16064,SUBTLEX-US + OpenSubtitles 2018
1143,nephew,조카,You'll hear the word 'nephew' often in everyday conversation.,other,B1,65.94,901,13367,SUBTLEX-US + OpenSubtitles 2018
1144,pipe,도관,You'll hear the word 'pipe' often in everyday conversation.,other,B1,65.94,989,11672,SUBTLEX-US + OpenSubtitles 2018
1145,peg,줄조르개,You'll hear the word 'peg' often in everyday conversation.,other,B2,65.93,2054,6586,SUBTLEX-US + OpenSubtitles 2018
1146,angel,천사,You'll hear the word 'angel' often in everyday conversation.,other,A2,65.91,5543,45896,SUBTLEX-US + OpenSubtitles 2018
1147,chip,깨다,You'll hear the word 'chip' often in everyday conversation.,other,B2,65.91,1205,14365,SUBTLEX-US + OpenSubtitles 2018
1148,deck,준비되어,You'll hear the word 'deck' often in everyday conversation.,other,B2,65.91,1247,13636,SUBTLEX-US + OpenSubtitles 2018
1149,wagon,수레,You'll hear the word 'wagon' often in everyday conversation.,other,B1,65.91,1071,10179,SUBTLEX-US + OpenSubtitles 2018
1150,valuable,가치적,You'll hear the word 'valuable' often in everyday conversation.,other,B1,65.9,858,14038,SUBTLEX-US + OpenSubtitles 2018
1151,trigger,촉발하다,You'll hear the word 'trigger' often in everyday conversation.,other,B1,65.9,892,13275,SUBTLEX-US + OpenSubtitles 2018
1152,emperor,황제,You'll hear the word 'emperor' often in everyday conversation.,other,B1,65.89,716,18282,SUBTLEX-US + OpenSubtitles 2018
1153,estate,토지,You'll hear the word 'estate' often in everyday conversation.,other,B2,65.89,1076,16813,SUBTLEX-US + OpenSubtitles 2018
1154,partners,파트너,You'll hear the word 'partners' often in everyday conversation.,other,B2,65.89,1232,13760,SUBTLEX-US + OpenSubtitles 2018
1155,swell,구릉,You'll hear the word 'swell' often in everyday conversation.,other,B1,65.89,1161,8920,SUBTLEX-US + OpenSubtitles 2018
1156,realized,깨달았다,You'll hear the word 'realized' often in everyday conversation.,other,C1,65.88,1834,29081,SUBTLEX-US + OpenSubtitles 2018
1157,sin,칠죄종,You'll hear the word 'sin' often in everyday conversation.,other,B2,65.88,955,19961,SUBTLEX-US + OpenSubtitles 2018
1158,movement,움직임,You'll hear the word 'movement' often in everyday conversation.,other,B1,65.88,757,16686,SUBTLEX-US + OpenSubtitles 2018
1159,stress,강세,You'll hear the word 'stress' often in everyday conversation.,other,B1,65.88,839,14400,SUBTLEX-US + OpenSubtitles 2018
1160,figured,무늬 있는,You'll hear the word 'figured' often in everyday conversation.,other,C2,65.87,3893,40590,SUBTLEX-US + OpenSubtitles 2018
1161,prime,소수의,You'll hear the word 'prime' often in everyday conversation.,other,B2,65.87,933,20480,SUBTLEX-US + OpenSubtitles 2018
1162,outfit,채비,You'll hear the word 'outfit' often in everyday conversation.,other,B2,65.87,1302,12518,SUBTLEX-US + OpenSubtitles 2018
1163,pieces,나부랭이,You'll hear the word 'pieces' often in everyday conversation.,other,C1,65.86,1783,30122,SUBTLEX-US + OpenSubtitles 2018
1164,chick,병아리,You'll hear the word 'chick' often in everyday conversation.,other,C1,65.86,2076,23957,SUBTLEX-US + OpenSubtitles 2018
1165,served,제공된,You'll hear the word 'served' often in everyday conversation.,other,B2,65.86,1007,18169,SUBTLEX-US + OpenSubtitles 2018
1166,slap,털썩,You'll hear the word 'slap' often in everyday conversation.,other,B2,65.86,1021,17865,SUBTLEX-US + OpenSubtitles 2018
1167,clients,고객,You'll hear the word 'clients' often in everyday conversation.,other,B2,65.86,1071,16613,SUBTLEX-US + OpenSubtitles 2018
1168,learning,박식,You'll hear the word 'learning' often in everyday conversation.,other,B2,65.84,1037,17252,SUBTLEX-US + OpenSubtitles 2018
1169,extraordinary,특별,You'll hear the word 'extraordinary' often in everyday conversation.,other,B1,65.84,771,15889,SUBTLEX-US + OpenSubtitles 2018
1170,fox,여우,You'll hear the word 'fox' often in everyday conversation.,other,B2,65.84,1164,14510,SUBTLEX-US + OpenSubtitles 2018
1171,powder,가루분,You'll hear the word 'powder' often in everyday conversation.,other,B1,65.84,955,11571,SUBTLEX-US + OpenSubtitles 2018
1172,during,의동안,You'll hear the word 'during' often in everyday conversation.,other,A2,65.83,3872,74298,SUBTLEX-US + OpenSubtitles 2018
1173,believed,믿어진,You'll hear the word 'believed' often in everyday conversation.,other,C1,65.83,1788,29337,SUBTLEX-US + OpenSubtitles 2018
1174,falling,강하,You'll hear the word 'falling' often in everyday conversation.,other,C1,65.83,1837,28291,SUBTLEX-US + OpenSubtitles 2018
1175,ordered,정연한,You'll hear the word 'ordered' often in everyday conversation.,other,C1,65.83,1885,27127,SUBTLEX-US + OpenSubtitles 2018
1176,charity,구호,You'll hear the word 'charity' often in everyday conversation.,other,B1,65.83,841,13935,SUBTLEX-US + OpenSubtitles 2018
1177,crisis,위기,You'll hear the word 'crisis' often in everyday conversation.,other,B1,65.83,849,13690,SUBTLEX-US + OpenSubtitles 2018
1178,issues,문제,You'll hear the word 'issues' often in everyday conversation.,other,B2,65.82,954,19278,SUBTLEX-US + OpenSubtitles 2018
1179,network,네트워크,You'll hear the word 'network' often in everyday conversation.,other,B1,65.82,843,13816,SUBTLEX-US + OpenSubtitles 2018
1180,sees,보다,You'll hear the word 'sees' often in everyday conversation.,other,C1,65.8,1899,26505,SUBTLEX-US + OpenSubtitles 2018
1181,africa,아프리카,You'll hear the word 'africa' often in everyday conversation.,other,B2,65.8,957,18950,SUBTLEX-US + OpenSubtitles 2018
1182,pin,바늘,You'll hear the word 'pin' often in everyday conversation.,other,B2,65.8,1158,14330,SUBTLEX-US + OpenSubtitles 2018
1183,stolen,도난된,You'll hear the word 'stolen' often in everyday conversation.,other,C1,65.79,1750,29618,SUBTLEX-US + OpenSubtitles 2018
1184,eggs,달걀,You'll hear the word 'eggs' often in everyday conversation.,other,C1,65.79,1971,24897,SUBTLEX-US + OpenSubtitles 2018
1185,houses,집,You'll hear the word 'houses' often in everyday conversation.,other,B2,65.79,975,18338,SUBTLEX-US + OpenSubtitles 2018
1186,sensitive,민감한,You'll hear the word 'sensitive' often in everyday conversation.,other,B2,65.79,1149,14396,SUBTLEX-US + OpenSubtitles 2018
1187,cave,동굴,You'll hear the word 'cave' often in everyday conversation.,other,B1,65.79,801,14613,SUBTLEX-US + OpenSubtitles 2018
1188,fix,달다,You'll hear the word 'fix' often in everyday conversation.,other,A2,65.78,4426,59349,SUBTLEX-US + OpenSubtitles 2018
1189,torture,고문,You'll hear the word 'torture' often in everyday conversation.,other,B2,65.78,1037,16646,SUBTLEX-US + OpenSubtitles 2018
1190,assure,안심시키다,You'll hear the word 'assure' often in everyday conversation.,other,B2,65.78,1078,15730,SUBTLEX-US + OpenSubtitles 2018
1191,chop,베다,You'll hear the word 'chop' often in everyday conversation.,other,B2,65.77,1079,15558,SUBTLEX-US + OpenSubtitles 2018
1192,civil,민간,You'll hear the word 'civil' often in everyday conversation.,other,B1,65.77,813,14131,SUBTLEX-US + OpenSubtitles 2018
1193,foolish,하찮은,You'll hear the word 'foolish' often in everyday conversation.,other,B1,65.77,893,12268,SUBTLEX-US + OpenSubtitles 2018
1194,properly,마땅히,You'll hear the word 'properly' often in everyday conversation.,other,B1,65.76,658,19152,SUBTLEX-US + OpenSubtitles 2018
1195,services,서비스,You'll hear the word 'services' often in everyday conversation.,other,B2,65.75,1053,15982,SUBTLEX-US + OpenSubtitles 2018
1196,wrap,휩싸이다,You'll hear the word 'wrap' often in everyday conversation.,other,B1,65.75,908,11865,SUBTLEX-US + OpenSubtitles 2018
1197,debt,부채,You'll hear the word 'debt' often in everyday conversation.,other,B1,65.74,725,16464,SUBTLEX-US + OpenSubtitles 2018
1198,pee,오줌,You'll hear the word 'pee' often in everyday conversation.,other,B2,65.74,1065,15613,SUBTLEX-US + OpenSubtitles 2018
1199,attack,공격,You'll hear the word 'attack' often in everyday conversation.,other,A2,65.73,3853,70583,SUBTLEX-US + OpenSubtitles 2018
1200,leads,이끌다,You'll hear the word 'leads' often in everyday conversation.,other,B2,65.73,1009,16844,SUBTLEX-US + OpenSubtitles 2018
1201,trunk,간선,You'll hear the word 'trunk' often in everyday conversation.,other,B2,65.72,1140,13970,SUBTLEX-US + OpenSubtitles 2018
1202,mark,부호,You'll hear the word 'mark' often in everyday conversation.,other,A2,65.71,4183,61805,SUBTLEX-US + OpenSubtitles 2018
1203,opened,열린,You'll hear the word 'opened' often in everyday conversation.,other,C1,65.71,1726,28868,SUBTLEX-US + OpenSubtitles 2018
1204,arrange,배열하다,You'll hear the word 'arrange' often in everyday conversation.,other,B1,65.71,809,13731,SUBTLEX-US + OpenSubtitles 2018
1205,narrator,나레이터,You'll hear the word 'narrator' often in everyday conversation.,other,B2,65.7,530,42916,SUBTLEX-US + OpenSubtitles 2018
1206,ceremony,의식,You'll hear the word 'ceremony' often in everyday conversation.,other,B1,65.7,807,13753,SUBTLEX-US + OpenSubtitles 2018
1207,brings,가져오다,You'll hear the word 'brings' often in everyday conversation.,other,C1,65.69,1791,27005,SUBTLEX-US + OpenSubtitles 2018
1208,urgent,절박하다,You'll hear the word 'urgent' often in everyday conversation.,other,B1,65.69,758,15006,SUBTLEX-US + OpenSubtitles 2018
1209,bum,부랑자,You'll hear the word 'bum' often in everyday conversation.,,B2,65.69,1128,13952,SUBTLEX-US + OpenSubtitles 2018
1210,generous,관대한,You'll hear the word 'generous' often in everyday conversation.,other,B1,65.69,852,12622,SUBTLEX-US + OpenSubtitles 2018
1211,accident,사고,You'll hear the word 'accident' often in everyday conversation.,other,A2,65.68,4146,61671,SUBTLEX-US + OpenSubtitles 2018
1212,agents,대리인,You'll hear the word 'agents' often in everyday conversation.,other,B2,65.68,1074,14888,SUBTLEX-US + OpenSubtitles 2018
1213,crying,울음,You'll hear the word 'crying' often in everyday conversation.,other,C2,65.67,2709,61698,SUBTLEX-US + OpenSubtitles 2018
1214,appreciate,알아주다,You'll hear the word 'appreciate' often in everyday conversation.,other,A2,65.67,4568,53259,SUBTLEX-US + OpenSubtitles 2018
1215,practically,실무적,You'll hear the word 'practically' often in everyday conversation.,other,B2,65.67,1165,13180,SUBTLEX-US + OpenSubtitles 2018
1216,bodies,몸,You'll hear the word 'bodies' often in everyday conversation.,other,C1,65.66,1694,28945,SUBTLEX-US + OpenSubtitles 2018
1217,managed,관리된,You'll hear the word 'managed' often in everyday conversation.,other,B2,65.66,846,20964,SUBTLEX-US + OpenSubtitles 2018
1218,selfish,얌체,You'll hear the word 'selfish' often in everyday conversation.,other,B1,65.66,811,13305,SUBTLEX-US + OpenSubtitles 2018
1219,rotten,궂다,You'll hear the word 'rotten' often in everyday conversation.,other,B1,65.66,891,11586,SUBTLEX-US + OpenSubtitles 2018
1220,campaign,캠페인,You'll hear the word 'campaign' often in everyday conversation.,other,B2,65.65,913,18614,SUBTLEX-US + OpenSubtitles 2018
1221,coincidence,부합,You'll hear the word 'coincidence' often in everyday conversation.,other,B2,65.65,998,16368,SUBTLEX-US + OpenSubtitles 2018
1222,choke,목멤,You'll hear the word 'choke' often in everyday conversation.,,B1,65.65,796,13639,SUBTLEX-US + OpenSubtitles 2018
1223,plays,연극,You'll hear the word 'plays' often in everyday conversation.,other,C1,65.64,1521,33550,SUBTLEX-US + OpenSubtitles 2018
1224,remains,유적,You'll hear the word 'remains' often in everyday conversation.,other,B2,65.64,890,19299,SUBTLEX-US + OpenSubtitles 2018
1225,surrender,굴복,You'll hear the word 'surrender' often in everyday conversation.,other,B2,65.64,976,16816,SUBTLEX-US + OpenSubtitles 2018
1226,stable,사람들,You'll hear the word 'stable' often in everyday conversation.,other,B1,65.64,828,12775,SUBTLEX-US + OpenSubtitles 2018
1227,fundamental,근본적인,That sounds pretty fundamental to me.,adjective,B2,65.64,167,3616,SUBTLEX-US + OpenSubtitles 2018
1228,mommy,엄마,You'll hear the word 'mommy' often in everyday conversation.,other,C2,65.63,3664,38622,SUBTLEX-US + OpenSubtitles 2018
1229,sending,송달,You'll hear the word 'sending' often in everyday conversation.,other,C1,65.63,1790,26184,SUBTLEX-US + OpenSubtitles 2018
1230,customers,고객,You'll hear the word 'customers' often in everyday conversation.,other,B2,65.63,972,16788,SUBTLEX-US + OpenSubtitles 2018
1231,tax,세금,You'll hear the word 'tax' often in everyday conversation.,other,B1,65.62,767,14092,SUBTLEX-US + OpenSubtitles 2018
1232,pulse,고동,You'll hear the word 'pulse' often in everyday conversation.,other,B2,65.62,1229,11827,SUBTLEX-US + OpenSubtitles 2018
1233,circus,곡마단,You'll hear the word 'circus' often in everyday conversation.,other,B1,65.62,886,11411,SUBTLEX-US + OpenSubtitles 2018
1234,gunshot,착탄거리,You'll hear the word 'gunshot' often in everyday conversation.,,B2,65.61,732,25268,SUBTLEX-US + OpenSubtitles 2018
1235,ships,배,You'll hear the word 'ships' often in everyday conversation.,other,B2,65.61,1002,15878,SUBTLEX-US + OpenSubtitles 2018
1236,doctors,의사,You'll hear the word 'doctors' often in everyday conversation.,other,C1,65.6,1855,24380,SUBTLEX-US + OpenSubtitles 2018
1237,transfer,옮다,You'll hear the word 'transfer' often in everyday conversation.,other,B2,65.6,1048,14771,SUBTLEX-US + OpenSubtitles 2018
1238,wreck,난파,You'll hear the word 'wreck' often in everyday conversation.,other,B2,65.6,1136,13097,SUBTLEX-US + OpenSubtitles 2018
1239,stayed,머물렀다,You'll hear the word 'stayed' often in everyday conversation.,other,C1,65.59,1668,28309,SUBTLEX-US + OpenSubtitles 2018
1240,bishop,비숍,You'll hear the word 'bishop' often in everyday conversation.,other,B1,65.59,855,11803,SUBTLEX-US + OpenSubtitles 2018
1241,dangerous,위독한,You'll hear the word 'dangerous' often in everyday conversation.,other,A2,65.58,3817,65974,SUBTLEX-US + OpenSubtitles 2018
1242,balance,균형,You'll hear the word 'balance' often in everyday conversation.,other,B1,65.58,764,13887,SUBTLEX-US + OpenSubtitles 2018
1243,nerve,기력,You'll hear the word 'nerve' often in everyday conversation.,other,B2,65.58,1172,12377,SUBTLEX-US + OpenSubtitles 2018
1244,research,연구,That's the research we were talking about.,noun,A2,65.57,1705,31161,SUBTLEX-US + OpenSubtitles 2018
1245,doors,문,You'll hear the word 'doors' often in everyday conversation.,other,C1,65.57,1755,26020,SUBTLEX-US + OpenSubtitles 2018
1246,coward,겁많은,You'll hear the word 'coward' often in everyday conversation.,other,B2,65.57,899,18167,SUBTLEX-US + OpenSubtitles 2018
1247,divorced,이혼한,You'll hear the word 'divorced' often in everyday conversation.,other,B1,65.57,821,12374,SUBTLEX-US + OpenSubtitles 2018
1248,cheers,갈채,You'll hear the word 'cheers' often in everyday conversation.,other,C1,65.56,1158,47819,SUBTLEX-US + OpenSubtitles 2018
1249,hits,조회수,You'll hear the word 'hits' often in everyday conversation.,other,B2,65.56,1020,15034,SUBTLEX-US + OpenSubtitles 2018
1250,sail,돛배,You'll hear the word 'sail' often in everyday conversation.,other,B2,65.56,1051,14407,SUBTLEX-US + OpenSubtitles 2018
1251,released,출시된,You'll hear the word 'released' often in everyday conversation.,other,B2,65.55,882,18533,SUBTLEX-US + OpenSubtitles 2018
1252,steam,증기,You'll hear the word 'steam' often in everyday conversation.,other,B1,65.55,894,10828,SUBTLEX-US + OpenSubtitles 2018
1253,ally,동맹,You'll hear the word 'ally' often in everyday conversation.,other,B2,65.55,1670,7195,SUBTLEX-US + OpenSubtitles 2018
1254,besides,그위에,You'll hear the word 'besides' often in everyday conversation.,other,A2,65.53,4328,53110,SUBTLEX-US + OpenSubtitles 2018
1255,fingers,수지,You'll hear the word 'fingers' often in everyday conversation.,other,C1,65.53,1696,26736,SUBTLEX-US + OpenSubtitles 2018
1256,drinks,음료,You'll hear the word 'drinks' often in everyday conversation.,other,C1,65.53,1744,25643,SUBTLEX-US + OpenSubtitles 2018
1257,despite,설렵,You'll hear the word 'despite' often in everyday conversation.,other,B1,65.53,663,16632,SUBTLEX-US + OpenSubtitles 2018
1258,option,옵션,You'll hear the word 'option' often in everyday conversation.,other,B1,65.53,744,14026,SUBTLEX-US + OpenSubtitles 2018
1259,financial,재정적인,You'll hear the word 'financial' often in everyday conversation.,other,B1,65.53,777,13153,SUBTLEX-US + OpenSubtitles 2018
1260,destroyed,결딴나다,You'll hear the word 'destroyed' often in everyday conversation.,other,C1,65.52,1573,29789,SUBTLEX-US + OpenSubtitles 2018
1261,buried,묻힌,You'll hear the word 'buried' often in everyday conversation.,other,C1,65.52,1738,25623,SUBTLEX-US + OpenSubtitles 2018
1262,punishment,처벌,You'll hear the word 'punishment' often in everyday conversation.,other,B1,65.52,706,15034,SUBTLEX-US + OpenSubtitles 2018
1263,upset,뒤집힌,You'll hear the word 'upset' often in everyday conversation.,other,A2,65.51,4094,57041,SUBTLEX-US + OpenSubtitles 2018
1264,bullshit,별소리,You'll hear the word 'bullshit' often in everyday conversation.,other,C2,65.51,3636,36377,SUBTLEX-US + OpenSubtitles 2018
1265,painful,괴로운,You'll hear the word 'painful' often in everyday conversation.,other,B1,65.51,773,13100,SUBTLEX-US + OpenSubtitles 2018
1266,dealer,상안,You'll hear the word 'dealer' often in everyday conversation.,other,B1,65.51,831,11801,SUBTLEX-US + OpenSubtitles 2018
1267,area,지역,You'll hear the word 'area' often in everyday conversation.,other,A2,65.5,3821,62755,SUBTLEX-US + OpenSubtitles 2018
1268,heading,헤딩,You'll hear the word 'heading' often in everyday conversation.,other,C1,65.5,1707,26098,SUBTLEX-US + OpenSubtitles 2018
1269,cameras,카메라,You'll hear the word 'cameras' often in everyday conversation.,other,B2,65.5,915,17026,SUBTLEX-US + OpenSubtitles 2018
1270,occasion,시절,You'll hear the word 'occasion' often in everyday conversation.,other,B1,65.5,858,11152,SUBTLEX-US + OpenSubtitles 2018
1271,empire,제국,You'll hear the word 'empire' often in everyday conversation.,other,B1,65.49,646,16875,SUBTLEX-US + OpenSubtitles 2018
1272,attend,참석하다,You'll hear the word 'attend' often in everyday conversation.,other,B1,65.49,744,13746,SUBTLEX-US + OpenSubtitles 2018
1273,continues,계속하다,You'll hear the word 'continues' often in everyday conversation.,other,C1,65.47,1089,49684,SUBTLEX-US + OpenSubtitles 2018
1274,sergeant,중사,You'll hear the word 'sergeant' often in everyday conversation.,other,C2,65.47,3253,42143,SUBTLEX-US + OpenSubtitles 2018
1275,alien,외계인,You'll hear the word 'alien' often in everyday conversation.,other,B2,65.47,889,17513,SUBTLEX-US + OpenSubtitles 2018
1276,forth,앞으로,You'll hear the word 'forth' often in everyday conversation.,other,B1,65.47,804,12049,SUBTLEX-US + OpenSubtitles 2018
1277,single,단일,You'll hear the word 'single' often in everyday conversation.,other,A2,65.46,3687,64614,SUBTLEX-US + OpenSubtitles 2018
1278,apartment,아파트,You'll hear the word 'apartment' often in everyday conversation.,other,A2,65.46,4235,52714,SUBTLEX-US + OpenSubtitles 2018
1279,previously,전신,You'll hear the word 'previously' often in everyday conversation.,other,B2,65.46,923,16487,SUBTLEX-US + OpenSubtitles 2018
1280,unique,특수,You'll hear the word 'unique' often in everyday conversation.,other,B1,65.46,696,14905,SUBTLEX-US + OpenSubtitles 2018
1281,prayer,간원,You'll hear the word 'prayer' often in everyday conversation.,other,B1,65.46,805,11982,SUBTLEX-US + OpenSubtitles 2018
1282,saint,시성하다,You'll hear the word 'saint' often in everyday conversation.,other,B2,65.45,945,15826,SUBTLEX-US + OpenSubtitles 2018
1283,superior,나은,You'll hear the word 'superior' often in everyday conversation.,other,B1,65.45,806,11904,SUBTLEX-US + OpenSubtitles 2018
1284,ears,귀,You'll hear the word 'ears' often in everyday conversation.,other,C1,65.44,1705,25168,SUBTLEX-US + OpenSubtitles 2018
1285,joseph,요셉,You'll hear the word 'joseph' often in everyday conversation.,other,B2,65.44,1019,14059,SUBTLEX-US + OpenSubtitles 2018
1286,offer,제공하다,You'll hear the word 'offer' often in everyday conversation.,other,A2,65.43,3810,60444,SUBTLEX-US + OpenSubtitles 2018
1287,powers,권력,You'll hear the word 'powers' often in everyday conversation.,other,C1,65.43,1826,22649,SUBTLEX-US + OpenSubtitles 2018
1288,beloved,사랑하는,You'll hear the word 'beloved' often in everyday conversation.,other,B1,65.43,652,16136,SUBTLEX-US + OpenSubtitles 2018
1289,patience,끈기,You'll hear the word 'patience' often in everyday conversation.,other,B1,65.43,784,12288,SUBTLEX-US + OpenSubtitles 2018
1290,satisfied,만족한,You'll hear the word 'satisfied' often in everyday conversation.,other,B1,65.43,791,12083,SUBTLEX-US + OpenSubtitles 2018
1291,twist,꼬다,You'll hear the word 'twist' often in everyday conversation.,other,B1,65.43,813,11606,SUBTLEX-US + OpenSubtitles 2018
1292,potential,잠세,You'll hear the word 'potential' often in everyday conversation.,other,B2,65.42,960,15193,SUBTLEX-US + OpenSubtitles 2018
1293,booth,부스,You'll hear the word 'booth' often in everyday conversation.,other,B2,65.42,1096,12479,SUBTLEX-US + OpenSubtitles 2018
1294,apology,사죄,You'll hear the word 'apology' often in everyday conversation.,other,B1,65.42,804,11723,SUBTLEX-US + OpenSubtitles 2018
1295,brief,짧다,You'll hear the word 'brief' often in everyday conversation.,other,B1,65.42,831,11171,SUBTLEX-US + OpenSubtitles 2018
1296,nights,밤에,You'll hear the word 'nights' often in everyday conversation.,other,C1,65.41,1727,24324,SUBTLEX-US + OpenSubtitles 2018
1297,actress,여배우,You'll hear the word 'actress' often in everyday conversation.,other,B1,65.41,817,11417,SUBTLEX-US + OpenSubtitles 2018
1298,tent,텐트,You'll hear the word 'tent' often in everyday conversation.,other,B1,65.41,907,9777,SUBTLEX-US + OpenSubtitles 2018
1299,fear,두려움,You'll hear the word 'fear' often in everyday conversation.,other,A2,65.4,3567,65759,SUBTLEX-US + OpenSubtitles 2018
1300,sake,위함,You'll hear the word 'sake' often in everyday conversation.,other,A2,65.4,3879,58068,SUBTLEX-US + OpenSubtitles 2018
1301,apparently,명백히,"Apparently, he's already left.",other,A2,65.4,2415,38705,SUBTLEX-US + OpenSubtitles 2018
1302,ate,먹었다,You'll hear the word 'ate' often in everyday conversation.,other,C1,65.4,1722,24218,SUBTLEX-US + OpenSubtitles 2018
1303,ease,간이,You'll hear the word 'ease' often in everyday conversation.,other,B2,65.4,1048,13147,SUBTLEX-US + OpenSubtitles 2018
1304,offense,범죄,You'll hear the word 'offense' often in everyday conversation.,other,B1,65.4,840,10906,SUBTLEX-US + OpenSubtitles 2018
1305,struggle,투쟁,You'll hear the word 'struggle' often in everyday conversation.,other,B1,65.39,682,14736,SUBTLEX-US + OpenSubtitles 2018
1306,status,위상,You'll hear the word 'status' often in everyday conversation.,other,B1,65.39,751,12743,SUBTLEX-US + OpenSubtitles 2018
1307,frozen,냉동의,You'll hear the word 'frozen' often in everyday conversation.,other,B1,65.39,782,11992,SUBTLEX-US + OpenSubtitles 2018
1308,fantasy,공상,You'll hear the word 'fantasy' often in everyday conversation.,other,B1,65.39,828,11031,SUBTLEX-US + OpenSubtitles 2018
1309,force,힘,You'll hear the word 'force' often in everyday conversation.,other,A2,65.38,3604,63737,SUBTLEX-US + OpenSubtitles 2018
1310,crime,범죄,You'll hear the word 'crime' often in everyday conversation.,other,A2,65.38,3633,63084,SUBTLEX-US + OpenSubtitles 2018
1311,dean,사제장,You'll hear the word 'dean' often in everyday conversation.,other,C1,65.38,1977,19581,SUBTLEX-US + OpenSubtitles 2018
1312,identity,정체성,You'll hear the word 'identity' often in everyday conversation.,other,B1,65.38,662,15281,SUBTLEX-US + OpenSubtitles 2018
1313,faint,약한,You'll hear the word 'faint' often in everyday conversation.,other,B1,65.38,776,12114,SUBTLEX-US + OpenSubtitles 2018
1314,strip,활주로,You'll hear the word 'strip' often in everyday conversation.,other,B1,65.38,804,11481,SUBTLEX-US + OpenSubtitles 2018
1315,assignment,배정,You'll hear the word 'assignment' often in everyday conversation.,other,B1,65.38,912,9538,SUBTLEX-US + OpenSubtitles 2018
1316,valid,유효한,That sounds pretty valid to me.,adjective,B2,65.38,164,3198,SUBTLEX-US + OpenSubtitles 2018
1317,film,영화,You'll hear the word 'film' often in everyday conversation.,other,A2,65.37,3328,71407,SUBTLEX-US + OpenSubtitles 2018
1318,normal,정상의,You'll hear the word 'normal' often in everyday conversation.,other,A2,65.37,3591,63676,SUBTLEX-US + OpenSubtitles 2018
1319,soldiers,군인,You'll hear the word 'soldiers' often in everyday conversation.,other,C1,65.37,1409,32098,SUBTLEX-US + OpenSubtitles 2018
1320,piss,오줌,You'll hear the word 'piss' often in everyday conversation.,other,C1,65.37,1592,26729,SUBTLEX-US + OpenSubtitles 2018
1321,instance,사례,You'll hear the word 'instance' often in everyday conversation.,other,B1,65.37,856,10371,SUBTLEX-US + OpenSubtitles 2018
1322,private,사적인,You'll hear the word 'private' often in everyday conversation.,other,A2,65.36,3924,55611,SUBTLEX-US + OpenSubtitles 2018
1323,impressed,감명하여,You'll hear the word 'impressed' often in everyday conversation.,other,B2,65.36,972,14417,SUBTLEX-US + OpenSubtitles 2018
1324,afterwards,나중에,You'll hear the word 'afterwards' often in everyday conversation.,other,B1,65.36,714,13540,SUBTLEX-US + OpenSubtitles 2018
1325,broad,넓다,You'll hear the word 'broad' often in everyday conversation.,other,B1,65.36,935,9082,SUBTLEX-US + OpenSubtitles 2018
1326,scene,경치,You'll hear the word 'scene' often in everyday conversation.,other,A2,65.35,3807,58017,SUBTLEX-US + OpenSubtitles 2018
1327,ray,만세,You'll hear the word 'ray' often in everyday conversation.,other,A2,65.35,4966,38995,SUBTLEX-US + OpenSubtitles 2018
1328,streets,거리,You'll hear the word 'streets' often in everyday conversation.,other,C1,65.35,1611,26067,SUBTLEX-US + OpenSubtitles 2018
1329,confirm,확인하다,You'll hear the word 'confirm' often in everyday conversation.,other,B1,65.35,736,12878,SUBTLEX-US + OpenSubtitles 2018
1330,guilt,죄책감,You'll hear the word 'guilt' often in everyday conversation.,other,B1,65.35,772,11973,SUBTLEX-US + OpenSubtitles 2018
1331,officially,공무상,You'll hear the word 'officially' often in everyday conversation.,other,B1,65.35,775,11933,SUBTLEX-US + OpenSubtitles 2018
1332,breathing,동경,You'll hear the word 'breathing' often in everyday conversation.,other,C1,65.34,1417,31306,SUBTLEX-US + OpenSubtitles 2018
1333,lifetime,평생의,You'll hear the word 'lifetime' often in everyday conversation.,other,B2,65.34,979,14079,SUBTLEX-US + OpenSubtitles 2018
1334,pattern,패턴,You'll hear the word 'pattern' often in everyday conversation.,other,B1,65.34,752,12398,SUBTLEX-US + OpenSubtitles 2018
1335,lawyer,법률가,You'll hear the word 'lawyer' often in everyday conversation.,other,A2,65.33,4069,51812,SUBTLEX-US + OpenSubtitles 2018
1336,squeeze,곤경,You'll hear the word 'squeeze' often in everyday conversation.,other,B2,65.33,1018,13229,SUBTLEX-US + OpenSubtitles 2018
1337,aim,가늠,You'll hear the word 'aim' often in everyday conversation.,other,B1,65.33,758,12152,SUBTLEX-US + OpenSubtitles 2018
1338,aid,돕다,You'll hear the word 'aid' often in everyday conversation.,other,B1,65.33,795,11353,SUBTLEX-US + OpenSubtitles 2018
1339,merely,다만,You'll hear the word 'merely' often in everyday conversation.,other,B1,65.33,795,11335,SUBTLEX-US + OpenSubtitles 2018
1340,angle,각도,You'll hear the word 'angle' often in everyday conversation.,other,B1,65.33,795,11315,SUBTLEX-US + OpenSubtitles 2018
1341,beg,보채다,You'll hear the word 'beg' often in everyday conversation.,other,A2,65.32,3809,56695,SUBTLEX-US + OpenSubtitles 2018
1342,actual,실재의,You'll hear the word 'actual' often in everyday conversation.,other,B2,65.32,886,16107,SUBTLEX-US + OpenSubtitles 2018
1343,considering,치고는,You'll hear the word 'considering' often in everyday conversation.,other,B2,65.31,973,13923,SUBTLEX-US + OpenSubtitles 2018
1344,gain,이득,You'll hear the word 'gain' often in everyday conversation.,other,B1,65.31,700,13538,SUBTLEX-US + OpenSubtitles 2018
1345,recording,녹음,You'll hear the word 'recording' often in everyday conversation.,other,B1,65.31,748,12286,SUBTLEX-US + OpenSubtitles 2018
1346,commercial,시엠,You'll hear the word 'commercial' often in everyday conversation.,other,B1,65.31,829,10539,SUBTLEX-US + OpenSubtitles 2018
1347,forward,선봉,You'll hear the word 'forward' often in everyday conversation.,other,A2,65.3,3689,59064,SUBTLEX-US + OpenSubtitles 2018
1348,stake,지분,You'll hear the word 'stake' often in everyday conversation.,other,B2,65.3,963,14060,SUBTLEX-US + OpenSubtitles 2018
1349,port,좌현,You'll hear the word 'port' often in everyday conversation.,other,B1,65.3,742,12355,SUBTLEX-US + OpenSubtitles 2018
1350,surgeon,군의관,You'll hear the word 'surgeon' often in everyday conversation.,other,B1,65.3,838,10278,SUBTLEX-US + OpenSubtitles 2018
1351,japan,옻칠,You'll hear the word 'japan' often in everyday conversation.,other,B2,65.29,802,18308,SUBTLEX-US + OpenSubtitles 2018
1352,sacred,모신,You'll hear the word 'sacred' often in everyday conversation.,other,B1,65.29,715,12939,SUBTLEX-US + OpenSubtitles 2018
1353,flow,유량,You'll hear the word 'flow' often in everyday conversation.,other,B1,65.29,736,12380,SUBTLEX-US + OpenSubtitles 2018
1354,third,3도,You'll hear the word 'third' often in everyday conversation.,other,A2,65.28,3801,55750,SUBTLEX-US + OpenSubtitles 2018
1355,religion,종교,You'll hear the word 'religion' often in everyday conversation.,other,B1,65.28,707,13083,SUBTLEX-US + OpenSubtitles 2018
1356,construction,건설,You'll hear the word 'construction' often in everyday conversation.,other,B1,65.28,710,13003,SUBTLEX-US + OpenSubtitles 2018
1357,underwear,내의,You'll hear the word 'underwear' often in everyday conversation.,other,B2,65.28,1105,11333,SUBTLEX-US + OpenSubtitles 2018
1358,tragedy,비극,You'll hear the word 'tragedy' often in everyday conversation.,other,B1,65.28,773,11506,SUBTLEX-US + OpenSubtitles 2018
1359,runs,실행,You'll hear the word 'runs' often in everyday conversation.,other,C1,65.27,1637,24284,SUBTLEX-US + OpenSubtitles 2018
1360,charm,마력,You'll hear the word 'charm' often in everyday conversation.,other,B1,65.27,794,10980,SUBTLEX-US + OpenSubtitles 2018
1361,meanwhile,그동안,You'll hear the word 'meanwhile' often in everyday conversation.,other,B1,65.27,812,10589,SUBTLEX-US + OpenSubtitles 2018
1362,walking,걷기,You'll hear the word 'walking' often in everyday conversation.,other,A2,65.25,3826,54115,SUBTLEX-US + OpenSubtitles 2018
1363,clinic,교정소,You'll hear the word 'clinic' often in everyday conversation.,other,B1,65.25,714,12658,SUBTLEX-US + OpenSubtitles 2018
1364,units,단위,You'll hear the word 'units' often in everyday conversation.,other,B2,65.25,1032,12323,SUBTLEX-US + OpenSubtitles 2018
1365,benefit,혜택,You'll hear the word 'benefit' often in everyday conversation.,other,B1,65.25,744,11951,SUBTLEX-US + OpenSubtitles 2018
1366,beard,수염,You'll hear the word 'beard' often in everyday conversation.,other,B1,65.25,748,11824,SUBTLEX-US + OpenSubtitles 2018
1367,space,공간,You'll hear the word 'space' often in everyday conversation.,other,A2,65.24,3369,64991,SUBTLEX-US + OpenSubtitles 2018
1368,hired,빌린,You'll hear the word 'hired' often in everyday conversation.,other,C1,65.24,1683,22838,SUBTLEX-US + OpenSubtitles 2018
1369,honeymoon,밀월,You'll hear the word 'honeymoon' often in everyday conversation.,other,B1,65.24,856,9650,SUBTLEX-US + OpenSubtitles 2018
1370,hundred,백의,You'll hear the word 'hundred' often in everyday conversation.,other,A2,65.23,4015,49823,SUBTLEX-US + OpenSubtitles 2018
1371,harder,더 어려운,You'll hear the word 'harder' often in everyday conversation.,other,C1,65.23,1544,25812,SUBTLEX-US + OpenSubtitles 2018
1372,planned,계획적,You'll hear the word 'planned' often in everyday conversation.,other,C1,65.22,1624,23797,SUBTLEX-US + OpenSubtitles 2018
1373,passport,패스포드,You'll hear the word 'passport' often in everyday conversation.,other,B1,65.22,654,14184,SUBTLEX-US + OpenSubtitles 2018
1374,joined,참여한,You'll hear the word 'joined' often in everyday conversation.,other,B2,65.21,841,16342,SUBTLEX-US + OpenSubtitles 2018
1375,events,행사,You'll hear the word 'events' often in everyday conversation.,other,B2,65.21,860,15804,SUBTLEX-US + OpenSubtitles 2018
1376,tunnel,터널,You'll hear the word 'tunnel' often in everyday conversation.,other,B2,65.2,937,13806,SUBTLEX-US + OpenSubtitles 2018
1377,frankly,솔직히,You'll hear the word 'frankly' often in everyday conversation.,other,B2,65.2,992,12691,SUBTLEX-US + OpenSubtitles 2018
1378,religious,거룩한,You'll hear the word 'religious' often in everyday conversation.,other,B1,65.2,707,12544,SUBTLEX-US + OpenSubtitles 2018
1379,tick,똑딱,You'll hear the word 'tick' often in everyday conversation.,other,B1,65.2,707,12541,SUBTLEX-US + OpenSubtitles 2018
1380,cash,맞돈,You'll hear the word 'cash' often in everyday conversation.,other,A2,65.19,3862,51670,SUBTLEX-US + OpenSubtitles 2018
1381,messages,메시지,You'll hear the word 'messages' often in everyday conversation.,other,B2,65.19,948,13545,SUBTLEX-US + OpenSubtitles 2018
1382,picking,채집물,You'll hear the word 'picking' often in everyday conversation.,other,C1,65.18,1703,21682,SUBTLEX-US + OpenSubtitles 2018
1383,mud,진흙,You'll hear the word 'mud' often in everyday conversation.,other,B1,65.18,758,11166,SUBTLEX-US + OpenSubtitles 2018
1384,humor,기질,You'll hear the word 'humor' often in everyday conversation.,other,B1,65.18,872,9084,SUBTLEX-US + OpenSubtitles 2018
1385,sacrifice,제물,You'll hear the word 'sacrifice' often in everyday conversation.,other,C1,65.16,1408,28426,SUBTLEX-US + OpenSubtitles 2018
1386,discovered,들키다,You'll hear the word 'discovered' often in everyday conversation.,other,C1,65.16,1467,26836,SUBTLEX-US + OpenSubtitles 2018
1387,cos,여현,You'll hear the word 'cos' often in everyday conversation.,other,C1,65.16,1535,25116,SUBTLEX-US + OpenSubtitles 2018
1388,trees,교목,You'll hear the word 'trees' often in everyday conversation.,other,C1,65.16,1565,24400,SUBTLEX-US + OpenSubtitles 2018
1389,motion,동작,You'll hear the word 'motion' often in everyday conversation.,other,B2,65.16,973,12791,SUBTLEX-US + OpenSubtitles 2018
1390,position,위치,You'll hear the word 'position' often in everyday conversation.,other,A2,65.15,3676,54449,SUBTLEX-US + OpenSubtitles 2018
1391,dramatic,극적인,You'll hear the word 'dramatic' often in everyday conversation.,other,B1,65.15,515,19416,SUBTLEX-US + OpenSubtitles 2018
1392,therapy,치료,You'll hear the word 'therapy' often in everyday conversation.,other,B2,65.15,944,13278,SUBTLEX-US + OpenSubtitles 2018
1393,fetch,오게하다,You'll hear the word 'fetch' often in everyday conversation.,other,B1,65.15,658,13505,SUBTLEX-US + OpenSubtitles 2018
1394,equal,평정하다,You'll hear the word 'equal' often in everyday conversation.,other,B1,65.15,695,12433,SUBTLEX-US + OpenSubtitles 2018
1395,share,공유하다,You'll hear the word 'share' often in everyday conversation.,other,A2,65.14,3545,56854,SUBTLEX-US + OpenSubtitles 2018
1396,arthur,아더,You'll hear the word 'arthur' often in everyday conversation.,other,C1,65.14,1687,21491,SUBTLEX-US + OpenSubtitles 2018
1397,babies,아기,You'll hear the word 'babies' often in everyday conversation.,other,C1,65.14,1704,21235,SUBTLEX-US + OpenSubtitles 2018
1398,deputy,대리,You'll hear the word 'deputy' often in everyday conversation.,other,B2,65.14,917,13795,SUBTLEX-US + OpenSubtitles 2018
1399,ward,감금,You'll hear the word 'ward' often in everyday conversation.,other,B1,65.14,733,11428,SUBTLEX-US + OpenSubtitles 2018
1400,establish,설립하다,I need to establish this before we decide.,verb,A2,65.14,323,5968,SUBTLEX-US + OpenSubtitles 2018
1401,rape,강간,You'll hear the word 'rape' often in everyday conversation.,other,B2,65.13,816,16303,SUBTLEX-US + OpenSubtitles 2018
1402,bars,바,You'll hear the word 'bars' often in everyday conversation.,other,B2,65.13,916,13738,SUBTLEX-US + OpenSubtitles 2018
1403,moral,우화,You'll hear the word 'moral' often in everyday conversation.,other,B2,65.12,903,13958,SUBTLEX-US + OpenSubtitles 2018
1404,depressed,볼황의,You'll hear the word 'depressed' often in everyday conversation.,other,B1,65.12,830,9400,SUBTLEX-US + OpenSubtitles 2018
1405,government,정부,You'll hear the word 'government' often in everyday conversation.,other,A2,65.11,3327,61646,SUBTLEX-US + OpenSubtitles 2018
1406,bible,성경,You'll hear the word 'bible' often in everyday conversation.,other,B2,65.11,935,13193,SUBTLEX-US + OpenSubtitles 2018
1407,pit,함정,You'll hear the word 'pit' often in everyday conversation.,other,B1,65.11,697,12154,SUBTLEX-US + OpenSubtitles 2018
1408,invitation,권유,You'll hear the word 'invitation' often in everyday conversation.,other,B1,65.11,759,10721,SUBTLEX-US + OpenSubtitles 2018
1409,liver,간,You'll hear the word 'liver' often in everyday conversation.,other,B1,65.11,757,10722,SUBTLEX-US + OpenSubtitles 2018
1410,bones,뼈,You'll hear the word 'bones' often in everyday conversation.,other,C1,65.1,1561,23635,SUBTLEX-US + OpenSubtitles 2018
1411,division,구획,You'll hear the word 'division' often in everyday conversation.,other,B2,65.1,946,12873,SUBTLEX-US + OpenSubtitles 2018
1412,rub,스칟,You'll hear the word 'rub' often in everyday conversation.,other,B2,65.09,1006,11702,SUBTLEX-US + OpenSubtitles 2018
1413,deaf,귀머거리의,You'll hear the word 'deaf' often in everyday conversation.,other,B1,65.09,741,10924,SUBTLEX-US + OpenSubtitles 2018
1414,beer,맥주,You'll hear the word 'beer' often in everyday conversation.,other,A2,65.08,3850,48641,SUBTLEX-US + OpenSubtitles 2018
1415,smash,대만원,You'll hear the word 'smash' often in everyday conversation.,other,B2,65.08,821,15699,SUBTLEX-US + OpenSubtitles 2018
1416,punish,응징하다,You'll hear the word 'punish' often in everyday conversation.,other,B1,65.08,660,12928,SUBTLEX-US + OpenSubtitles 2018
1417,pounds,파운드,You'll hear the word 'pounds' often in everyday conversation.,other,C1,65.07,1595,22483,SUBTLEX-US + OpenSubtitles 2018
1418,accent,사트리,You'll hear the word 'accent' often in everyday conversation.,other,B1,65.07,622,13993,SUBTLEX-US + OpenSubtitles 2018
1419,standard,기준,You'll hear the word 'standard' often in everyday conversation.,other,B2,65.07,940,12762,SUBTLEX-US + OpenSubtitles 2018
1420,shelter,보호,You'll hear the word 'shelter' often in everyday conversation.,other,B1,65.07,658,12892,SUBTLEX-US + OpenSubtitles 2018
1421,surveillance,감시,You'll hear the word 'surveillance' often in everyday conversation.,other,B2,65.07,952,12526,SUBTLEX-US + OpenSubtitles 2018
1422,gene,유전자,You'll hear the word 'gene' often in everyday conversation.,other,B1,65.07,743,10796,SUBTLEX-US + OpenSubtitles 2018
1423,stretch,퍼짐,You'll hear the word 'stretch' often in everyday conversation.,other,B1,65.07,748,10667,SUBTLEX-US + OpenSubtitles 2018
1424,dick,자지,You'll hear the word 'dick' often in everyday conversation.,,C2,65.06,2907,39115,SUBTLEX-US + OpenSubtitles 2018
1425,checking,방지,You'll hear the word 'checking' often in everyday conversation.,other,C1,65.05,1656,20978,SUBTLEX-US + OpenSubtitles 2018
1426,theme,논제,You'll hear the word 'theme' often in everyday conversation.,other,B2,65.05,710,19163,SUBTLEX-US + OpenSubtitles 2018
1427,laws,문물,You'll hear the word 'laws' often in everyday conversation.,other,B2,65.05,868,14196,SUBTLEX-US + OpenSubtitles 2018
1428,designed,설계된,You'll hear the word 'designed' often in everyday conversation.,other,B2,65.05,894,13591,SUBTLEX-US + OpenSubtitles 2018
1429,cock,격철,You'll hear the word 'cock' often in everyday conversation.,other,B2,65.04,740,17953,SUBTLEX-US + OpenSubtitles 2018
1430,sec,초,You'll hear the word 'sec' often in everyday conversation.,other,B2,65.04,877,13941,SUBTLEX-US + OpenSubtitles 2018
1431,incredibly,믿을 수 없게,You'll hear the word 'incredibly' often in everyday conversation.,other,B1,65.04,668,12408,SUBTLEX-US + OpenSubtitles 2018
1432,toss,낙마,You'll hear the word 'toss' often in everyday conversation.,other,B1,65.04,800,9531,SUBTLEX-US + OpenSubtitles 2018
1433,birds,조류,You'll hear the word 'birds' often in everyday conversation.,other,C1,65.03,1320,29028,SUBTLEX-US + OpenSubtitles 2018
1434,grew,성장했다,You'll hear the word 'grew' often in everyday conversation.,other,C1,65.03,1493,24208,SUBTLEX-US + OpenSubtitles 2018
1435,cable,강삭,You'll hear the word 'cable' often in everyday conversation.,other,B2,65.03,1127,9532,SUBTLEX-US + OpenSubtitles 2018
1436,yep,네,You'll hear the word 'yep' often in everyday conversation.,other,C2,65.02,2600,45096,SUBTLEX-US + OpenSubtitles 2018
1437,accepted,수락된,You'll hear the word 'accepted' often in everyday conversation.,other,B2,65.02,801,15736,SUBTLEX-US + OpenSubtitles 2018
1438,noble,귀족,You'll hear the word 'noble' often in everyday conversation.,other,B2,65.02,820,15171,SUBTLEX-US + OpenSubtitles 2018
1439,hopefully,잘만 되면,You'll hear the word 'hopefully' often in everyday conversation.,other,B1,65.01,597,14389,SUBTLEX-US + OpenSubtitles 2018
1440,advance,선진,You'll hear the word 'advance' often in everyday conversation.,other,B2,65.0,815,15126,SUBTLEX-US + OpenSubtitles 2018
1441,patch,깁는 헝겊,You'll hear the word 'patch' often in everyday conversation.,other,B2,65.0,1043,10549,SUBTLEX-US + OpenSubtitles 2018
1442,avenue,큰거리,You'll hear the word 'avenue' often in everyday conversation.,other,B1,65.0,861,8333,SUBTLEX-US + OpenSubtitles 2018
1443,doubt,의심,You'll hear the word 'doubt' often in everyday conversation.,other,A2,64.99,3420,55124,SUBTLEX-US + OpenSubtitles 2018
1444,carter,카터,You'll hear the word 'carter' often in everyday conversation.,other,C1,64.99,1675,19940,SUBTLEX-US + OpenSubtitles 2018
1445,germany,독일,You'll hear the word 'germany' often in everyday conversation.,other,B2,64.99,699,18972,SUBTLEX-US + OpenSubtitles 2018
1446,inform,알리다,You'll hear the word 'inform' often in everyday conversation.,other,B1,64.99,644,12745,SUBTLEX-US + OpenSubtitles 2018
1447,sore,성나다,You'll hear the word 'sore' often in everyday conversation.,other,B1,64.99,825,8820,SUBTLEX-US + OpenSubtitles 2018
1448,motive,동기,You'll hear the word 'motive' often in everyday conversation.,other,B1,64.98,675,11808,SUBTLEX-US + OpenSubtitles 2018
1449,turtle,호도애,You'll hear the word 'turtle' often in everyday conversation.,other,B1,64.98,871,8080,SUBTLEX-US + OpenSubtitles 2018
1450,legend,설명문,You'll hear the word 'legend' often in everyday conversation.,other,B2,64.97,875,13418,SUBTLEX-US + OpenSubtitles 2018
1451,laundry,빨래,You'll hear the word 'laundry' often in everyday conversation.,other,B2,64.97,975,11458,SUBTLEX-US + OpenSubtitles 2018
1452,respond,응답하다,You'll hear the word 'respond' often in everyday conversation.,other,B1,64.97,719,10704,SUBTLEX-US + OpenSubtitles 2018
1453,gear,기어,You'll hear the word 'gear' often in everyday conversation.,other,B2,64.96,840,14186,SUBTLEX-US + OpenSubtitles 2018
1454,knock,노크,You'll hear the word 'knock' often in everyday conversation.,other,A2,64.95,3504,51971,SUBTLEX-US + OpenSubtitles 2018
1455,saving,구제,You'll hear the word 'saving' often in everyday conversation.,other,C1,64.95,1536,22196,SUBTLEX-US + OpenSubtitles 2018
1456,landing,상륙,You'll hear the word 'landing' often in everyday conversation.,other,B2,64.95,888,12963,SUBTLEX-US + OpenSubtitles 2018
1457,paradise,극락,You'll hear the word 'paradise' often in everyday conversation.,other,B1,64.95,677,11584,SUBTLEX-US + OpenSubtitles 2018
1458,oxygen,산소,You'll hear the word 'oxygen' often in everyday conversation.,other,B1,64.95,708,10804,SUBTLEX-US + OpenSubtitles 2018
1459,pound,짓빻다,You'll hear the word 'pound' often in everyday conversation.,other,B1,64.95,752,9914,SUBTLEX-US + OpenSubtitles 2018
1460,satellite,위성,You'll hear the word 'satellite' often in everyday conversation.,other,B1,64.95,799,9059,SUBTLEX-US + OpenSubtitles 2018
1461,max,최대,You'll hear the word 'max' often in everyday conversation.,other,A2,64.94,3660,48534,SUBTLEX-US + OpenSubtitles 2018
1462,woods,숲,You'll hear the word 'woods' often in everyday conversation.,other,C1,64.94,1482,23211,SUBTLEX-US + OpenSubtitles 2018
1463,finds,발견하다,You'll hear the word 'finds' often in everyday conversation.,other,C1,64.94,1492,23019,SUBTLEX-US + OpenSubtitles 2018
1464,greater,더 큰,You'll hear the word 'greater' often in everyday conversation.,other,B2,64.94,819,14569,SUBTLEX-US + OpenSubtitles 2018
1465,hip,정보통의,You'll hear the word 'hip' often in everyday conversation.,other,B1,64.94,792,9131,SUBTLEX-US + OpenSubtitles 2018
1466,headed,머리가-인,You'll hear the word 'headed' often in everyday conversation.,other,C1,64.93,1570,21258,SUBTLEX-US + OpenSubtitles 2018
1467,lightning,번개,You'll hear the word 'lightning' often in everyday conversation.,other,B1,64.93,721,10394,SUBTLEX-US + OpenSubtitles 2018
1468,stole,영대,You'll hear the word 'stole' often in everyday conversation.,other,C2,64.92,2720,39897,SUBTLEX-US + OpenSubtitles 2018
1469,lips,입술,You'll hear the word 'lips' often in everyday conversation.,other,C1,64.92,1590,20725,SUBTLEX-US + OpenSubtitles 2018
1470,robot,로봇,You'll hear the word 'robot' often in everyday conversation.,other,B1,64.92,621,12886,SUBTLEX-US + OpenSubtitles 2018
1471,figures,수치,You'll hear the word 'figures' often in everyday conversation.,other,B2,64.91,949,11488,SUBTLEX-US + OpenSubtitles 2018
1472,daisy,데이지,You'll hear the word 'daisy' often in everyday conversation.,other,B1,64.91,767,9384,SUBTLEX-US + OpenSubtitles 2018
1473,nap,필승마,You'll hear the word 'nap' often in everyday conversation.,other,B1,64.91,767,9373,SUBTLEX-US + OpenSubtitles 2018
1474,killer,살인자,You'll hear the word 'killer' often in everyday conversation.,other,A2,64.9,3206,57555,SUBTLEX-US + OpenSubtitles 2018
1475,suspicious,수상,You'll hear the word 'suspicious' often in everyday conversation.,other,B2,64.9,815,14279,SUBTLEX-US + OpenSubtitles 2018
1476,dive,급강하,You'll hear the word 'dive' often in everyday conversation.,other,B1,64.9,727,10100,SUBTLEX-US + OpenSubtitles 2018
1477,appropriate,적절한,That sounds pretty appropriate to me.,adjective,A2,64.9,658,9500,SUBTLEX-US + OpenSubtitles 2018
1478,films,영화,You'll hear the word 'films' often in everyday conversation.,other,B2,64.89,750,16089,SUBTLEX-US + OpenSubtitles 2018
1479,gross,그로스,You'll hear the word 'gross' often in everyday conversation.,other,B2,64.89,829,13854,SUBTLEX-US + OpenSubtitles 2018
1480,reaction,반응,You'll hear the word 'reaction' often in everyday conversation.,other,B2,64.89,830,13825,SUBTLEX-US + OpenSubtitles 2018
1481,fabulous,굉장한,You'll hear the word 'fabulous' often in everyday conversation.,other,B2,64.89,1046,9853,SUBTLEX-US + OpenSubtitles 2018
1482,version,버전,You'll hear the word 'version' often in everyday conversation.,other,B2,64.88,828,13814,SUBTLEX-US + OpenSubtitles 2018
1483,players,선수,You'll hear the word 'players' often in everyday conversation.,other,B2,64.88,875,12735,SUBTLEX-US + OpenSubtitles 2018
1484,riding,승마,You'll hear the word 'riding' often in everyday conversation.,other,C1,64.87,1633,19398,SUBTLEX-US + OpenSubtitles 2018
1485,skills,기술,You'll hear the word 'skills' often in everyday conversation.,other,B2,64.87,743,16100,SUBTLEX-US + OpenSubtitles 2018
1486,limit,한도,You'll hear the word 'limit' often in everyday conversation.,other,B1,64.87,664,11384,SUBTLEX-US + OpenSubtitles 2018
1487,privacy,개인정보,You'll hear the word 'privacy' often in everyday conversation.,other,B1,64.87,774,9058,SUBTLEX-US + OpenSubtitles 2018
1488,laura,라우라,You'll hear the word 'laura' often in everyday conversation.,other,C1,64.86,1448,23050,SUBTLEX-US + OpenSubtitles 2018
1489,comment,댓글,You'll hear the word 'comment' often in everyday conversation.,other,B1,64.86,654,11561,SUBTLEX-US + OpenSubtitles 2018
1490,tend,간호하다,You'll hear the word 'tend' often in everyday conversation.,other,B1,64.86,681,10891,SUBTLEX-US + OpenSubtitles 2018
1491,baker,제빵사,You'll hear the word 'baker' often in everyday conversation.,other,B1,64.86,725,9940,SUBTLEX-US + OpenSubtitles 2018
1492,giggle,낄낄거리다,You'll hear the word 'giggle' often in everyday conversation.,,B1,64.85,477,18342,SUBTLEX-US + OpenSubtitles 2018
1493,mix,섞다,You'll hear the word 'mix' often in everyday conversation.,other,B2,64.85,834,13418,SUBTLEX-US + OpenSubtitles 2018
1494,industry,산업,You'll hear the word 'industry' often in everyday conversation.,other,B1,64.85,596,13143,SUBTLEX-US + OpenSubtitles 2018
1495,monitor,감시하다,You'll hear the word 'monitor' often in everyday conversation.,other,B1,64.85,669,11106,SUBTLEX-US + OpenSubtitles 2018
1496,spin,잣다,You'll hear the word 'spin' often in everyday conversation.,other,B2,64.84,860,12796,SUBTLEX-US + OpenSubtitles 2018
1497,packed,꽉 찬,You'll hear the word 'packed' often in everyday conversation.,other,B2,64.84,904,11868,SUBTLEX-US + OpenSubtitles 2018
1498,thousand,천,You'll hear the word 'thousand' often in everyday conversation.,other,A2,64.83,3534,47934,SUBTLEX-US + OpenSubtitles 2018
1499,depends,달려 있다,You'll hear the word 'depends' often in everyday conversation.,other,C1,64.83,1457,22413,SUBTLEX-US + OpenSubtitles 2018
1500,leak,누전,You'll hear the word 'leak' often in everyday conversation.,other,B2,64.83,780,14718,SUBTLEX-US + OpenSubtitles 2018
1501,link,연결,You'll hear the word 'link' often in everyday conversation.,other,B1,64.83,609,12591,SUBTLEX-US + OpenSubtitles 2018
1502,session,개회,You'll hear the word 'session' often in everyday conversation.,other,B1,64.82,678,10682,SUBTLEX-US + OpenSubtitles 2018
1503,wrist,손목 관절,You'll hear the word 'wrist' often in everyday conversation.,other,B1,64.82,749,9235,SUBTLEX-US + OpenSubtitles 2018
1504,belongs,속하다,You'll hear the word 'belongs' often in everyday conversation.,other,C1,64.81,1423,22870,SUBTLEX-US + OpenSubtitles 2018
1505,contact,교신,You'll hear the word 'contact' often in everyday conversation.,other,A2,64.79,3305,51750,SUBTLEX-US + OpenSubtitles 2018
1506,testify,확언하다,You'll hear the word 'testify' often in everyday conversation.,other,B2,64.79,862,12347,SUBTLEX-US + OpenSubtitles 2018
1507,tire,타이어,You'll hear the word 'tire' often in everyday conversation.,other,B1,64.79,691,10203,SUBTLEX-US + OpenSubtitles 2018
1508,carrying,운송,You'll hear the word 'carrying' often in everyday conversation.,other,C1,64.78,1452,21905,SUBTLEX-US + OpenSubtitles 2018
1509,thus,따라서,You'll hear the word 'thus' often in everyday conversation.,other,B1,64.78,628,11684,SUBTLEX-US + OpenSubtitles 2018
1510,facility,시설,You'll hear the word 'facility' often in everyday conversation.,other,B1,64.78,723,9502,SUBTLEX-US + OpenSubtitles 2018
1511,filled,채워진,You'll hear the word 'filled' often in everyday conversation.,other,C1,64.77,1386,23319,SUBTLEX-US + OpenSubtitles 2018
1512,costs,비용,You'll hear the word 'costs' often in everyday conversation.,other,B2,64.77,805,13561,SUBTLEX-US + OpenSubtitles 2018
1513,confession,고백,You'll hear the word 'confession' often in everyday conversation.,other,B2,64.77,841,12702,SUBTLEX-US + OpenSubtitles 2018
1514,behalf,대신,You'll hear the word 'behalf' often in everyday conversation.,other,B1,64.77,620,11840,SUBTLEX-US + OpenSubtitles 2018
1515,goods,물품,You'll hear the word 'goods' often in everyday conversation.,other,B1,64.77,628,11659,SUBTLEX-US + OpenSubtitles 2018
1516,minor,2류의,You'll hear the word 'minor' often in everyday conversation.,other,B1,64.77,662,10781,SUBTLEX-US + OpenSubtitles 2018
1517,foundation,재단,You'll hear the word 'foundation' often in everyday conversation.,other,B1,64.77,740,9122,SUBTLEX-US + OpenSubtitles 2018
1518,systems,시스템,You'll hear the word 'systems' often in everyday conversation.,other,B2,64.76,848,12464,SUBTLEX-US + OpenSubtitles 2018
1519,chew,씹음,You'll hear the word 'chew' often in everyday conversation.,other,B2,64.76,899,11429,SUBTLEX-US + OpenSubtitles 2018
1520,decisions,결정,You'll hear the word 'decisions' often in everyday conversation.,other,B2,64.75,781,13978,SUBTLEX-US + OpenSubtitles 2018
1521,electricity,전기,You'll hear the word 'electricity' often in everyday conversation.,other,B1,64.75,584,12789,SUBTLEX-US + OpenSubtitles 2018
1522,burst,충만하다,You'll hear the word 'burst' often in everyday conversation.,other,B1,64.75,613,11950,SUBTLEX-US + OpenSubtitles 2018
1523,muscle,근육,You'll hear the word 'muscle' often in everyday conversation.,other,B1,64.75,712,9544,SUBTLEX-US + OpenSubtitles 2018
1524,screaming,선정적,You'll hear the word 'screaming' often in everyday conversation.,other,C2,64.74,1945,59151,SUBTLEX-US + OpenSubtitles 2018
1525,favor,부탁,You'll hear the word 'favor' often in everyday conversation.,other,A2,64.74,3630,43593,SUBTLEX-US + OpenSubtitles 2018
1526,caused,발생된,You'll hear the word 'caused' often in everyday conversation.,other,C1,64.74,1318,24686,SUBTLEX-US + OpenSubtitles 2018
1527,laid,저장의,You'll hear the word 'laid' often in everyday conversation.,other,C1,64.74,1527,19791,SUBTLEX-US + OpenSubtitles 2018
1528,crystal,수정,You'll hear the word 'crystal' often in everyday conversation.,other,B2,64.74,823,12885,SUBTLEX-US + OpenSubtitles 2018
1529,encourage,격려하다,I need to encourage this before we decide.,verb,A2,64.74,308,5075,SUBTLEX-US + OpenSubtitles 2018
1530,south,남으로,You'll hear the word 'south' often in everyday conversation.,other,A2,64.73,3290,50364,SUBTLEX-US + OpenSubtitles 2018
1531,shots,샷,You'll hear the word 'shots' often in everyday conversation.,other,C1,64.73,1447,21399,SUBTLEX-US + OpenSubtitles 2018
1532,reckon,치다,You'll hear the word 'reckon' often in everyday conversation.,other,B2,64.73,717,15659,SUBTLEX-US + OpenSubtitles 2018
1533,headquarters,사령부,You'll hear the word 'headquarters' often in everyday conversation.,other,B2,64.73,839,12437,SUBTLEX-US + OpenSubtitles 2018
1534,humiliate,욕 보이다,You'll hear the word 'humiliate' often in everyday conversation.,,B2,64.73,861,11969,SUBTLEX-US + OpenSubtitles 2018
1535,dates,날짜,You'll hear the word 'dates' often in everyday conversation.,other,B2,64.73,931,10660,SUBTLEX-US + OpenSubtitles 2018
1536,within,안에,You'll hear the word 'within' often in everyday conversation.,other,A2,64.72,3017,56709,SUBTLEX-US + OpenSubtitles 2018
1537,guard,날밑,You'll hear the word 'guard' often in everyday conversation.,other,A2,64.72,3324,49219,SUBTLEX-US + OpenSubtitles 2018
1538,dealing,교제,You'll hear the word 'dealing' often in everyday conversation.,other,C1,64.72,1440,21356,SUBTLEX-US + OpenSubtitles 2018
1539,delivered,배달된,You'll hear the word 'delivered' often in everyday conversation.,other,B2,64.72,823,12713,SUBTLEX-US + OpenSubtitles 2018
1540,alice,앨리스,You'll hear the word 'alice' often in everyday conversation.,other,C1,64.71,1352,23311,SUBTLEX-US + OpenSubtitles 2018
1541,backup,정체,You'll hear the word 'backup' often in everyday conversation.,other,B2,64.71,862,11798,SUBTLEX-US + OpenSubtitles 2018
1542,loyalty,충성,You'll hear the word 'loyalty' often in everyday conversation.,other,B1,64.71,636,11017,SUBTLEX-US + OpenSubtitles 2018
1543,rubber,고무,You'll hear the word 'rubber' often in everyday conversation.,other,B1,64.71,781,8146,SUBTLEX-US + OpenSubtitles 2018
1544,identify,식별하다,You'll hear the word 'identify' often in everyday conversation.,other,B2,64.7,825,12538,SUBTLEX-US + OpenSubtitles 2018
1545,underneath,의 밑에,You'll hear the word 'underneath' often in everyday conversation.,other,B2,64.7,829,12477,SUBTLEX-US + OpenSubtitles 2018
1546,react,반응하다,You'll hear the word 'react' often in everyday conversation.,other,B1,64.7,599,11965,SUBTLEX-US + OpenSubtitles 2018
1547,loyal,충성의,You'll hear the word 'loyal' often in everyday conversation.,other,B1,64.7,612,11641,SUBTLEX-US + OpenSubtitles 2018
1548,offering,매출,You'll hear the word 'offering' often in everyday conversation.,other,B2,64.69,777,13655,SUBTLEX-US + OpenSubtitles 2018
1549,recommend,추천하다,You'll hear the word 'recommend' often in everyday conversation.,other,B1,64.69,714,9188,SUBTLEX-US + OpenSubtitles 2018
1550,hatch,해치,You'll hear the word 'hatch' often in everyday conversation.,other,B1,64.69,806,7681,SUBTLEX-US + OpenSubtitles 2018
1551,producer,연출가,You'll hear the word 'producer' often in everyday conversation.,other,B1,64.68,636,10843,SUBTLEX-US + OpenSubtitles 2018
1552,jazz,재즈,You'll hear the word 'jazz' often in everyday conversation.,other,B1,64.68,648,10525,SUBTLEX-US + OpenSubtitles 2018
1553,beginning,개시,You'll hear the word 'beginning' often in everyday conversation.,other,A2,64.67,3219,50069,SUBTLEX-US + OpenSubtitles 2018
1554,north,미주,You'll hear the word 'north' often in everyday conversation.,other,A2,64.67,3259,49107,SUBTLEX-US + OpenSubtitles 2018
1555,london,런던,You'll hear the word 'london' often in everyday conversation.,,C2,64.67,2347,42880,SUBTLEX-US + OpenSubtitles 2018
1556,reported,보고된,You'll hear the word 'reported' often in everyday conversation.,other,B2,64.67,771,13643,SUBTLEX-US + OpenSubtitles 2018
1557,signature,접지 번호,You'll hear the word 'signature' often in everyday conversation.,other,B1,64.67,622,11114,SUBTLEX-US + OpenSubtitles 2018
1558,chamber,공동,You'll hear the word 'chamber' often in everyday conversation.,other,B1,64.67,654,10376,SUBTLEX-US + OpenSubtitles 2018
1559,pitch,송진,You'll hear the word 'pitch' often in everyday conversation.,other,B2,64.66,848,11792,SUBTLEX-US + OpenSubtitles 2018
1560,possession,소유,You'll hear the word 'possession' often in everyday conversation.,other,B1,64.66,680,9686,SUBTLEX-US + OpenSubtitles 2018
1561,ought,해야 한다,You'll hear the word 'ought' often in everyday conversation.,other,A2,64.65,4118,34342,SUBTLEX-US + OpenSubtitles 2018
1562,throughout,내처,You'll hear the word 'throughout' often in everyday conversation.,other,B1,64.65,548,13270,SUBTLEX-US + OpenSubtitles 2018
1563,hut,오두막,You'll hear the word 'hut' often in everyday conversation.,other,B1,64.65,730,8687,SUBTLEX-US + OpenSubtitles 2018
1564,nervous,간결한,You'll hear the word 'nervous' often in everyday conversation.,other,A2,64.64,3425,44913,SUBTLEX-US + OpenSubtitles 2018
1565,massive,묵직한,You'll hear the word 'massive' often in everyday conversation.,other,B1,64.64,508,14789,SUBTLEX-US + OpenSubtitles 2018
1566,stall,실속,You'll hear the word 'stall' often in everyday conversation.,other,B1,64.64,729,8656,SUBTLEX-US + OpenSubtitles 2018
1567,distract,착란시키다,You'll hear the word 'distract' often in everyday conversation.,,B2,64.63,777,13141,SUBTLEX-US + OpenSubtitles 2018
1568,transport,도취,You'll hear the word 'transport' often in everyday conversation.,other,B1,64.63,614,11125,SUBTLEX-US + OpenSubtitles 2018
1569,marine,선박,You'll hear the word 'marine' often in everyday conversation.,other,B1,64.63,718,8827,SUBTLEX-US + OpenSubtitles 2018
1570,tattoo,문신,You'll hear the word 'tattoo' often in everyday conversation.,other,B2,64.62,757,13589,SUBTLEX-US + OpenSubtitles 2018
1571,existence,생존,You'll hear the word 'existence' often in everyday conversation.,other,B1,64.62,598,11448,SUBTLEX-US + OpenSubtitles 2018
1572,impossible,무리,You'll hear the word 'impossible' often in everyday conversation.,other,A2,64.61,3015,53527,SUBTLEX-US + OpenSubtitles 2018
1573,faces,얼굴,You'll hear the word 'faces' often in everyday conversation.,other,C1,64.61,1363,21771,SUBTLEX-US + OpenSubtitles 2018
1574,academy,학회,You'll hear the word 'academy' often in everyday conversation.,other,B1,64.61,633,10509,SUBTLEX-US + OpenSubtitles 2018
1575,typical,대표적인,You'll hear the word 'typical' often in everyday conversation.,other,B1,64.61,642,10266,SUBTLEX-US + OpenSubtitles 2018
1576,propose,제안하다,You'll hear the word 'propose' often in everyday conversation.,other,B1,64.61,663,9771,SUBTLEX-US + OpenSubtitles 2018
1577,poetry,시정,You'll hear the word 'poetry' often in everyday conversation.,other,B1,64.61,682,9374,SUBTLEX-US + OpenSubtitles 2018
1578,suit,고소,You'll hear the word 'suit' often in everyday conversation.,other,A2,64.6,3506,42499,SUBTLEX-US + OpenSubtitles 2018
1579,gas,가스,You'll hear the word 'gas' often in everyday conversation.,other,A2,64.6,3509,42423,SUBTLEX-US + OpenSubtitles 2018
1580,moves,움직임,You'll hear the word 'moves' often in everyday conversation.,other,C1,64.6,1420,20349,SUBTLEX-US + OpenSubtitles 2018
1581,barn,헛간,You'll hear the word 'barn' often in everyday conversation.,other,B2,64.6,714,14667,SUBTLEX-US + OpenSubtitles 2018
1582,bend,결삭,You'll hear the word 'bend' often in everyday conversation.,other,B2,64.6,857,11175,SUBTLEX-US + OpenSubtitles 2018
1583,individual,개인의,You'll hear the word 'individual' often in everyday conversation.,other,B1,64.6,596,11409,SUBTLEX-US + OpenSubtitles 2018
1584,pole,전극,You'll hear the word 'pole' often in everyday conversation.,other,B1,64.6,645,10136,SUBTLEX-US + OpenSubtitles 2018
1585,casino,소별장,You'll hear the word 'casino' often in everyday conversation.,other,B2,64.6,1039,8413,SUBTLEX-US + OpenSubtitles 2018
1586,guests,손님,You'll hear the word 'guests' often in everyday conversation.,other,C1,64.59,1311,22805,SUBTLEX-US + OpenSubtitles 2018
1587,hail,환호,You'll hear the word 'hail' often in everyday conversation.,other,B2,64.59,745,13690,SUBTLEX-US + OpenSubtitles 2018
1588,teams,팀,You'll hear the word 'teams' often in everyday conversation.,other,B2,64.59,790,12567,SUBTLEX-US + OpenSubtitles 2018
1589,temper,굳기,You'll hear the word 'temper' often in everyday conversation.,other,B1,64.59,654,9865,SUBTLEX-US + OpenSubtitles 2018
1590,lean,굽다,You'll hear the word 'lean' often in everyday conversation.,other,B1,64.59,671,9516,SUBTLEX-US + OpenSubtitles 2018
1591,motor,발동기,You'll hear the word 'motor' often in everyday conversation.,other,B1,64.59,672,9489,SUBTLEX-US + OpenSubtitles 2018
1592,magnificent,장관,You'll hear the word 'magnificent' often in everyday conversation.,other,B1,64.59,674,9453,SUBTLEX-US + OpenSubtitles 2018
1593,laughs,웃음,You'll hear the word 'laughs' often in everyday conversation.,other,C2,64.58,1238,104913,SUBTLEX-US + OpenSubtitles 2018
1594,banks,은행,You'll hear the word 'banks' often in everyday conversation.,other,B2,64.58,811,12029,SUBTLEX-US + OpenSubtitles 2018
1595,appeal,매료,You'll hear the word 'appeal' often in everyday conversation.,other,B1,64.58,663,9647,SUBTLEX-US + OpenSubtitles 2018
1596,freezing,결빙,You'll hear the word 'freezing' often in everyday conversation.,other,B1,64.58,680,9255,SUBTLEX-US + OpenSubtitles 2018
1597,wine,와인,You'll hear the word 'wine' often in everyday conversation.,other,A2,64.57,3078,50522,SUBTLEX-US + OpenSubtitles 2018
1598,watched,시청한,You'll hear the word 'watched' often in everyday conversation.,other,C1,64.57,1353,21542,SUBTLEX-US + OpenSubtitles 2018
1599,interfere,간섭하다,You'll hear the word 'interfere' often in everyday conversation.,other,B2,64.57,763,13042,SUBTLEX-US + OpenSubtitles 2018
1600,whip,원내총무,You'll hear the word 'whip' often in everyday conversation.,other,B2,64.57,843,11255,SUBTLEX-US + OpenSubtitles 2018
1601,upper,갑피,You'll hear the word 'upper' often in everyday conversation.,other,B1,64.57,645,9957,SUBTLEX-US + OpenSubtitles 2018
1602,revolution,혁명,You'll hear the word 'revolution' often in everyday conversation.,other,B2,64.56,659,16160,SUBTLEX-US + OpenSubtitles 2018
1603,abandoned,버려진,You'll hear the word 'abandoned' often in everyday conversation.,other,B2,64.56,678,15502,SUBTLEX-US + OpenSubtitles 2018
1604,grown,성장한,You'll hear the word 'grown' often in everyday conversation.,other,C1,64.55,1275,23266,SUBTLEX-US + OpenSubtitles 2018
1605,species,종류,You'll hear the word 'species' often in everyday conversation.,other,B2,64.55,696,14775,SUBTLEX-US + OpenSubtitles 2018
1606,prick,쭝긋 서다,You'll hear the word 'prick' often in everyday conversation.,,B2,64.55,815,11732,SUBTLEX-US + OpenSubtitles 2018
1607,instinct,본능,You'll hear the word 'instinct' often in everyday conversation.,other,B2,64.55,818,11659,SUBTLEX-US + OpenSubtitles 2018
1608,walker,아무려니!,You'll hear the word 'walker' often in everyday conversation.,other,B2,64.55,834,11341,SUBTLEX-US + OpenSubtitles 2018
1609,lamb,낳다,You'll hear the word 'lamb' often in everyday conversation.,other,B1,64.55,627,10254,SUBTLEX-US + OpenSubtitles 2018
1610,uses,사용,You'll hear the word 'uses' often in everyday conversation.,other,B2,64.54,778,12485,SUBTLEX-US + OpenSubtitles 2018
1611,election,선거,You'll hear the word 'election' often in everyday conversation.,other,B1,64.54,560,12060,SUBTLEX-US + OpenSubtitles 2018
1612,sweetie,단 과자,You'll hear the word 'sweetie' often in everyday conversation.,,C2,64.53,2743,31535,SUBTLEX-US + OpenSubtitles 2018
1613,reached,도달한,You'll hear the word 'reached' often in everyday conversation.,other,C1,64.53,1261,23358,SUBTLEX-US + OpenSubtitles 2018
1614,younger,더 어린,You'll hear the word 'younger' often in everyday conversation.,other,C1,64.52,1268,22961,SUBTLEX-US + OpenSubtitles 2018
1615,rick,짚가리,You'll hear the word 'rick' often in everyday conversation.,other,C1,64.52,1346,21055,SUBTLEX-US + OpenSubtitles 2018
1616,explode,작렬,You'll hear the word 'explode' often in everyday conversation.,other,B2,64.52,757,12836,SUBTLEX-US + OpenSubtitles 2018
1617,worrying,걱정되는,You'll hear the word 'worrying' often in everyday conversation.,other,B2,64.52,827,11246,SUBTLEX-US + OpenSubtitles 2018
1618,slightly,약간,You'll hear the word 'slightly' often in everyday conversation.,other,B1,64.52,576,11474,SUBTLEX-US + OpenSubtitles 2018
1619,palm,수척,You'll hear the word 'palm' often in everyday conversation.,other,B1,64.52,687,8801,SUBTLEX-US + OpenSubtitles 2018
1620,sob,흐느끼다,You'll hear the word 'sob' often in everyday conversation.,,B2,64.51,482,24888,SUBTLEX-US + OpenSubtitles 2018
1621,raised,높인,You'll hear the word 'raised' often in everyday conversation.,other,C1,64.51,1312,21712,SUBTLEX-US + OpenSubtitles 2018
1622,sisters,자매,You'll hear the word 'sisters' often in everyday conversation.,other,C1,64.51,1395,19817,SUBTLEX-US + OpenSubtitles 2018
1623,traitor,매국노,You'll hear the word 'traitor' often in everyday conversation.,,B2,64.51,655,15845,SUBTLEX-US + OpenSubtitles 2018
1624,beneath,못하여,You'll hear the word 'beneath' often in everyday conversation.,other,B1,64.51,593,10937,SUBTLEX-US + OpenSubtitles 2018
1625,dial,다이얼,You'll hear the word 'dial' often in everyday conversation.,other,B1,64.51,622,10158,SUBTLEX-US + OpenSubtitles 2018
1626,temporary,임시,You'll hear the word 'temporary' often in everyday conversation.,other,B1,64.51,673,9025,SUBTLEX-US + OpenSubtitles 2018
1627,pulling,당기는,You'll hear the word 'pulling' often in everyday conversation.,other,C1,64.5,1401,19630,SUBTLEX-US + OpenSubtitles 2018
1628,absolute,절대의,You'll hear the word 'absolute' often in everyday conversation.,other,B1,64.5,598,10696,SUBTLEX-US + OpenSubtitles 2018
1629,witch,마녀,You'll hear the word 'witch' often in everyday conversation.,other,C1,64.49,1425,19062,SUBTLEX-US + OpenSubtitles 2018
1630,defeat,격파,You'll hear the word 'defeat' often in everyday conversation.,other,B2,64.49,657,15537,SUBTLEX-US + OpenSubtitles 2018
1631,seal,도장,You'll hear the word 'seal' often in everyday conversation.,other,B2,64.49,752,12770,SUBTLEX-US + OpenSubtitles 2018
1632,timing,타이밍,You'll hear the word 'timing' often in everyday conversation.,other,B2,64.49,769,12320,SUBTLEX-US + OpenSubtitles 2018
1633,gambling,노름,You'll hear the word 'gambling' often in everyday conversation.,other,B2,64.49,846,10714,SUBTLEX-US + OpenSubtitles 2018
1634,praise,극찬,You'll hear the word 'praise' often in everyday conversation.,other,B1,64.48,557,11749,SUBTLEX-US + OpenSubtitles 2018
1635,packing,포장,You'll hear the word 'packing' often in everyday conversation.,other,B1,64.48,700,8376,SUBTLEX-US + OpenSubtitles 2018
1636,shave,면도,You'll hear the word 'shave' often in everyday conversation.,other,B1,64.48,727,7944,SUBTLEX-US + OpenSubtitles 2018
1637,motherfucker,쌍놈,You'll hear the word 'motherfucker' often in everyday conversation.,,C2,64.47,3231,23903,SUBTLEX-US + OpenSubtitles 2018
1638,math,수리,You'll hear the word 'math' often in everyday conversation.,other,B2,64.47,836,10739,SUBTLEX-US + OpenSubtitles 2018
1639,shocked,충격받은,You'll hear the word 'shocked' often in everyday conversation.,other,B1,64.47,598,10546,SUBTLEX-US + OpenSubtitles 2018
1640,threatening,공갈,You'll hear the word 'threatening' often in everyday conversation.,other,B1,64.47,599,10510,SUBTLEX-US + OpenSubtitles 2018
1641,remarkable,비상한,You'll hear the word 'remarkable' often in everyday conversation.,other,B1,64.47,641,9499,SUBTLEX-US + OpenSubtitles 2018
1642,buck,뛰어오르다,You'll hear the word 'buck' often in everyday conversation.,other,C1,64.46,1801,13211,SUBTLEX-US + OpenSubtitles 2018
1643,shown,보여진,You'll hear the word 'shown' often in everyday conversation.,other,B2,64.46,723,13295,SUBTLEX-US + OpenSubtitles 2018
1644,remind,상기시키다,Remind me to call him later.,other,A2,64.45,2037,28732,SUBTLEX-US + OpenSubtitles 2018
1645,walls,벽,You'll hear the word 'walls' often in everyday conversation.,other,C1,64.45,1261,22247,SUBTLEX-US + OpenSubtitles 2018
1646,hung,걸린,You'll hear the word 'hung' often in everyday conversation.,other,C1,64.45,1436,18378,SUBTLEX-US + OpenSubtitles 2018
1647,eve,이브,You'll hear the word 'eve' often in everyday conversation.,other,C1,64.45,1440,18346,SUBTLEX-US + OpenSubtitles 2018
1648,classes,수업,You'll hear the word 'classes' often in everyday conversation.,other,B2,64.45,812,11120,SUBTLEX-US + OpenSubtitles 2018
1649,cotton,면,You'll hear the word 'cotton' often in everyday conversation.,other,B1,64.45,730,7748,SUBTLEX-US + OpenSubtitles 2018
1650,chances,기회,You'll hear the word 'chances' often in everyday conversation.,other,C1,64.44,1472,17624,SUBTLEX-US + OpenSubtitles 2018
1651,instructions,훈령,You'll hear the word 'instructions' often in everyday conversation.,other,B2,64.43,798,11252,SUBTLEX-US + OpenSubtitles 2018
1652,critical,비판적,You'll hear the word 'critical' often in everyday conversation.,other,B1,64.43,625,9636,SUBTLEX-US + OpenSubtitles 2018
1653,delighted,기뻐하는,You'll hear the word 'delighted' often in everyday conversation.,other,B1,64.43,660,8873,SUBTLEX-US + OpenSubtitles 2018
1654,victims,피해자,You'll hear the word 'victims' often in everyday conversation.,other,C1,64.42,1196,23737,SUBTLEX-US + OpenSubtitles 2018
1655,secrets,비밀,You'll hear the word 'secrets' often in everyday conversation.,other,C1,64.42,1217,23070,SUBTLEX-US + OpenSubtitles 2018
1656,tied,묶인,You'll hear the word 'tied' often in everyday conversation.,other,C1,64.42,1364,19530,SUBTLEX-US + OpenSubtitles 2018
1657,helicopter,헬기,You'll hear the word 'helicopter' often in everyday conversation.,other,B2,64.42,810,10980,SUBTLEX-US + OpenSubtitles 2018
1658,procedure,절차,You'll hear the word 'procedure' often in everyday conversation.,other,B2,64.42,823,10698,SUBTLEX-US + OpenSubtitles 2018
1659,burden,짐,You'll hear the word 'burden' often in everyday conversation.,other,B1,64.42,579,10738,SUBTLEX-US + OpenSubtitles 2018
1660,southern,남쪽의,You'll hear the word 'southern' often in everyday conversation.,other,B1,64.41,592,10300,SUBTLEX-US + OpenSubtitles 2018
1661,queen,모기,You'll hear the word 'queen' often in everyday conversation.,other,A2,64.4,2789,53006,SUBTLEX-US + OpenSubtitles 2018
1662,hiding,은닉,You'll hear the word 'hiding' often in everyday conversation.,other,C2,64.4,2207,40387,SUBTLEX-US + OpenSubtitles 2018
1663,workers,노동자,You'll hear the word 'workers' often in everyday conversation.,other,B2,64.4,595,17054,SUBTLEX-US + OpenSubtitles 2018
1664,fans,팬,You'll hear the word 'fans' often in everyday conversation.,other,B2,64.4,711,13116,SUBTLEX-US + OpenSubtitles 2018
1665,destruction,멸망,You'll hear the word 'destruction' often in everyday conversation.,other,B1,64.4,587,10401,SUBTLEX-US + OpenSubtitles 2018
1666,divine,신의,You'll hear the word 'divine' often in everyday conversation.,other,B1,64.4,606,9926,SUBTLEX-US + OpenSubtitles 2018
1667,widow,미망인,You'll hear the word 'widow' often in everyday conversation.,other,B2,64.39,741,12303,SUBTLEX-US + OpenSubtitles 2018
1668,affairs,업무,You'll hear the word 'affairs' often in everyday conversation.,other,B2,64.39,747,12143,SUBTLEX-US + OpenSubtitles 2018
1669,testing,시련,You'll hear the word 'testing' often in everyday conversation.,other,B2,64.39,772,11541,SUBTLEX-US + OpenSubtitles 2018
1670,passing,목전의,You'll hear the word 'passing' often in everyday conversation.,other,C1,64.38,1327,19834,SUBTLEX-US + OpenSubtitles 2018
1671,costume,숙녀복,You'll hear the word 'costume' often in everyday conversation.,other,B2,64.38,732,12428,SUBTLEX-US + OpenSubtitles 2018
1672,tale,총수,You'll hear the word 'tale' often in everyday conversation.,other,B1,64.38,612,9672,SUBTLEX-US + OpenSubtitles 2018
1673,accuse,문책,You'll hear the word 'accuse' often in everyday conversation.,other,B1,64.37,573,10581,SUBTLEX-US + OpenSubtitles 2018
1674,fond,다정한,You'll hear the word 'fond' often in everyday conversation.,other,B1,64.37,629,9227,SUBTLEX-US + OpenSubtitles 2018
1675,lecture,강의,You'll hear the word 'lecture' often in everyday conversation.,other,B1,64.37,633,9130,SUBTLEX-US + OpenSubtitles 2018
1676,slam,전승하다,You'll hear the word 'slam' often in everyday conversation.,other,B2,64.36,660,14373,SUBTLEX-US + OpenSubtitles 2018
1677,plot,음모,You'll hear the word 'plot' often in everyday conversation.,other,B2,64.36,733,12245,SUBTLEX-US + OpenSubtitles 2018
1678,pump,펌프,You'll hear the word 'pump' often in everyday conversation.,other,B1,64.36,645,8846,SUBTLEX-US + OpenSubtitles 2018
1679,becomes,되다,You'll hear the word 'becomes' often in everyday conversation.,other,C1,64.35,1231,21768,SUBTLEX-US + OpenSubtitles 2018
1680,fort,성채,You'll hear the word 'fort' often in everyday conversation.,other,B2,64.35,807,10582,SUBTLEX-US + OpenSubtitles 2018
1681,audition,들음,You'll hear the word 'audition' often in everyday conversation.,other,B2,64.35,832,10130,SUBTLEX-US + OpenSubtitles 2018
1682,prom,무도회,You'll hear the word 'prom' often in everyday conversation.,other,B2,64.35,921,8687,SUBTLEX-US + OpenSubtitles 2018
1683,pace,보폭,You'll hear the word 'pace' often in everyday conversation.,other,B1,64.35,639,8887,SUBTLEX-US + OpenSubtitles 2018
1684,extreme,과격한,You'll hear the word 'extreme' often in everyday conversation.,other,B1,64.34,558,10829,SUBTLEX-US + OpenSubtitles 2018
1685,entry,기입,You'll hear the word 'entry' often in everyday conversation.,other,B1,64.34,620,9269,SUBTLEX-US + OpenSubtitles 2018
1686,twice,2회,You'll hear the word 'twice' often in everyday conversation.,other,A2,64.33,3191,41693,SUBTLEX-US + OpenSubtitles 2018
1687,double,갑절,You'll hear the word 'double' often in everyday conversation.,other,A2,64.33,3248,40677,SUBTLEX-US + OpenSubtitles 2018
1688,knowledge,지식,That's the knowledge we were talking about.,noun,A2,64.33,1302,22822,SUBTLEX-US + OpenSubtitles 2018
1689,warrior,무인,You'll hear the word 'warrior' often in everyday conversation.,other,B1,64.33,516,12054,SUBTLEX-US + OpenSubtitles 2018
1690,territory,영토,You'll hear the word 'territory' often in everyday conversation.,other,B2,64.33,748,11737,SUBTLEX-US + OpenSubtitles 2018
1691,hood,덮개,You'll hear the word 'hood' often in everyday conversation.,other,B2,64.33,785,10873,SUBTLEX-US + OpenSubtitles 2018
1692,active,활성,You'll hear the word 'active' often in everyday conversation.,other,B1,64.33,585,10024,SUBTLEX-US + OpenSubtitles 2018
1693,bitter,가엾은,You'll hear the word 'bitter' often in everyday conversation.,other,B1,64.33,586,10001,SUBTLEX-US + OpenSubtitles 2018
1694,accept,수락하다,You'll hear the word 'accept' often in everyday conversation.,other,A2,64.32,2692,53291,SUBTLEX-US + OpenSubtitles 2018
1695,sweetheart,연애하다,You'll hear the word 'sweetheart' often in everyday conversation.,other,A2,64.32,3390,37927,SUBTLEX-US + OpenSubtitles 2018
1696,committed,헌신적,You'll hear the word 'committed' often in everyday conversation.,other,C1,64.32,1225,21517,SUBTLEX-US + OpenSubtitles 2018
1697,unfortunate,불행하다,You'll hear the word 'unfortunate' often in everyday conversation.,other,B1,64.32,623,9101,SUBTLEX-US + OpenSubtitles 2018
1698,cattle,가축,You'll hear the word 'cattle' often in everyday conversation.,other,B1,64.32,674,8112,SUBTLEX-US + OpenSubtitles 2018
1699,stubborn,억척,You'll hear the word 'stubborn' often in everyday conversation.,,B1,64.31,554,10738,SUBTLEX-US + OpenSubtitles 2018
1700,comedy,희극,You'll hear the word 'comedy' often in everyday conversation.,other,B1,64.31,602,9514,SUBTLEX-US + OpenSubtitles 2018
1701,memories,기억,You'll hear the word 'memories' often in everyday conversation.,other,C1,64.3,1132,24000,SUBTLEX-US + OpenSubtitles 2018
1702,dies,죽다,You'll hear the word 'dies' often in everyday conversation.,other,C1,64.3,1270,20261,SUBTLEX-US + OpenSubtitles 2018
1703,conscience,양심,You'll hear the word 'conscience' often in everyday conversation.,other,B2,64.3,721,12150,SUBTLEX-US + OpenSubtitles 2018
1704,talented,유능하다,You'll hear the word 'talented' often in everyday conversation.,other,B1,64.3,581,9970,SUBTLEX-US + OpenSubtitles 2018
1705,anyhow,어쨌든,You'll hear the word 'anyhow' often in everyday conversation.,,B1,64.3,773,6523,SUBTLEX-US + OpenSubtitles 2018
1706,pills,알약,You'll hear the word 'pills' often in everyday conversation.,other,C1,64.29,1266,20181,SUBTLEX-US + OpenSubtitles 2018
1707,fourth,넷째,You'll hear the word 'fourth' often in everyday conversation.,other,C1,64.29,1351,18301,SUBTLEX-US + OpenSubtitles 2018
1708,carol,송가,You'll hear the word 'carol' often in everyday conversation.,other,C1,64.29,1513,15553,SUBTLEX-US + OpenSubtitles 2018
1709,sets,세트,You'll hear the word 'sets' often in everyday conversation.,other,B2,64.29,761,11151,SUBTLEX-US + OpenSubtitles 2018
1710,management,술책,You'll hear the word 'management' often in everyday conversation.,other,B1,64.29,595,9540,SUBTLEX-US + OpenSubtitles 2018
1711,implement,구현하다,I need to implement this before we decide.,verb,B2,64.29,63,1321,SUBTLEX-US + OpenSubtitles 2018
1712,roll,기복,You'll hear the word 'roll' often in everyday conversation.,other,A2,64.27,3227,39791,SUBTLEX-US + OpenSubtitles 2018
1713,tears,눈물,You'll hear the word 'tears' often in everyday conversation.,other,C1,64.27,1140,23377,SUBTLEX-US + OpenSubtitles 2018
1714,protest,항의,You'll hear the word 'protest' often in everyday conversation.,other,B1,64.27,586,9667,SUBTLEX-US + OpenSubtitles 2018
1715,rocky,태연한,You'll hear the word 'rocky' often in everyday conversation.,other,B2,64.27,848,9375,SUBTLEX-US + OpenSubtitles 2018
1716,log,통나무,You'll hear the word 'log' often in everyday conversation.,other,B1,64.27,610,9100,SUBTLEX-US + OpenSubtitles 2018
1717,west,서미 북,You'll hear the word 'west' often in everyday conversation.,other,A2,64.26,3088,42219,SUBTLEX-US + OpenSubtitles 2018
1718,homes,집,You'll hear the word 'homes' often in everyday conversation.,other,B2,64.26,722,11826,SUBTLEX-US + OpenSubtitles 2018
1719,relief,경감,You'll hear the word 'relief' often in everyday conversation.,other,B2,64.24,745,11188,SUBTLEX-US + OpenSubtitles 2018
1720,safely,안전하게,You'll hear the word 'safely' often in everyday conversation.,other,B1,64.24,566,10001,SUBTLEX-US + OpenSubtitles 2018
1721,mount,타다,You'll hear the word 'mount' often in everyday conversation.,other,B1,64.24,597,9239,SUBTLEX-US + OpenSubtitles 2018
1722,basis,근간,You'll hear the word 'basis' often in everyday conversation.,other,B1,64.24,609,8975,SUBTLEX-US + OpenSubtitles 2018
1723,worst,무찌르다,You'll hear the word 'worst' often in everyday conversation.,other,A2,64.23,2881,45845,SUBTLEX-US + OpenSubtitles 2018
1724,conditions,조건,You'll hear the word 'conditions' often in everyday conversation.,other,B2,64.23,647,13699,SUBTLEX-US + OpenSubtitles 2018
1725,capture,생포,You'll hear the word 'capture' often in everyday conversation.,other,B1,64.23,540,10679,SUBTLEX-US + OpenSubtitles 2018
1726,boot,장화,You'll hear the word 'boot' often in everyday conversation.,other,B1,64.23,619,8710,SUBTLEX-US + OpenSubtitles 2018
1727,tragic,비장,You'll hear the word 'tragic' often in everyday conversation.,other,B1,64.23,624,8607,SUBTLEX-US + OpenSubtitles 2018
1728,loving,사모,You'll hear the word 'loving' often in everyday conversation.,other,C1,64.22,1275,19152,SUBTLEX-US + OpenSubtitles 2018
1729,atmosphere,운치,You'll hear the word 'atmosphere' often in everyday conversation.,other,B1,64.22,500,11864,SUBTLEX-US + OpenSubtitles 2018
1730,gifts,선물,You'll hear the word 'gifts' often in everyday conversation.,other,B2,64.22,732,11365,SUBTLEX-US + OpenSubtitles 2018
1731,abandon,포기하다,You'll hear the word 'abandon' often in everyday conversation.,other,B1,64.22,513,11443,SUBTLEX-US + OpenSubtitles 2018
1732,intention,의도,You'll hear the word 'intention' often in everyday conversation.,other,B1,64.22,561,10035,SUBTLEX-US + OpenSubtitles 2018
1733,abstract,추상적인,That sounds pretty abstract to me.,adjective,B1,64.22,115,1640,SUBTLEX-US + OpenSubtitles 2018
1734,low,낮게,You'll hear the word 'low' often in everyday conversation.,other,A2,64.21,3024,42107,SUBTLEX-US + OpenSubtitles 2018
1735,tape,줄자,You'll hear the word 'tape' often in everyday conversation.,other,A2,64.21,3511,33904,SUBTLEX-US + OpenSubtitles 2018
1736,machines,기계,You'll hear the word 'machines' often in everyday conversation.,other,B2,64.21,707,11899,SUBTLEX-US + OpenSubtitles 2018
1737,miami,피한지,You'll hear the word 'miami' often in everyday conversation.,other,B2,64.21,812,9663,SUBTLEX-US + OpenSubtitles 2018
1738,needle,나침,You'll hear the word 'needle' often in everyday conversation.,other,B1,64.21,622,8546,SUBTLEX-US + OpenSubtitles 2018
1739,americans,미국인,You'll hear the word 'americans' often in everyday conversation.,other,C1,64.2,1293,18614,SUBTLEX-US + OpenSubtitles 2018
1740,reception,감득,You'll hear the word 'reception' often in everyday conversation.,other,B1,64.2,580,9439,SUBTLEX-US + OpenSubtitles 2018
1741,fit,조달하다,You'll hear the word 'fit' often in everyday conversation.,other,A2,64.19,2937,43502,SUBTLEX-US + OpenSubtitles 2018
1742,stops,정류장,You'll hear the word 'stops' often in everyday conversation.,other,C1,64.19,1112,23086,SUBTLEX-US + OpenSubtitles 2018
1743,millions,수백만,You'll hear the word 'millions' often in everyday conversation.,other,C1,64.19,1147,22009,SUBTLEX-US + OpenSubtitles 2018
1744,guards,경비원,You'll hear the word 'guards' often in everyday conversation.,other,C1,64.19,1237,19757,SUBTLEX-US + OpenSubtitles 2018
1745,closing,결산,You'll hear the word 'closing' often in everyday conversation.,other,C1,64.19,1348,17372,SUBTLEX-US + OpenSubtitles 2018
1746,function,기능,You'll hear the word 'function' often in everyday conversation.,other,B1,64.19,581,9333,SUBTLEX-US + OpenSubtitles 2018
1747,permit,허가하다,You'll hear the word 'permit' often in everyday conversation.,other,B1,64.18,617,8491,SUBTLEX-US + OpenSubtitles 2018
1748,awful,두려운,You'll hear the word 'awful' often in everyday conversation.,other,A2,64.17,3234,37405,SUBTLEX-US + OpenSubtitles 2018
1749,sack,마대,You'll hear the word 'sack' often in everyday conversation.,other,B2,64.17,730,11074,SUBTLEX-US + OpenSubtitles 2018
1750,permanent,영속하는,You'll hear the word 'permanent' often in everyday conversation.,other,B1,64.17,620,8395,SUBTLEX-US + OpenSubtitles 2018
1751,magic,기술,You'll hear the word 'magic' often in everyday conversation.,other,A2,64.16,2702,48484,SUBTLEX-US + OpenSubtitles 2018
1752,hollywood,헐리우드,You'll hear the word 'hollywood' often in everyday conversation.,other,C1,64.16,1427,15691,SUBTLEX-US + OpenSubtitles 2018
1753,technically,기술적으로,You'll hear the word 'technically' often in everyday conversation.,other,B2,64.16,739,10839,SUBTLEX-US + OpenSubtitles 2018
1754,worthy,훌륭한,You'll hear the word 'worthy' often in everyday conversation.,other,B1,64.16,530,10519,SUBTLEX-US + OpenSubtitles 2018
1755,scream,외치다,You'll hear the word 'scream' often in everyday conversation.,other,A2,64.15,2456,55435,SUBTLEX-US + OpenSubtitles 2018
1756,fed,먹였다,You'll hear the word 'fed' often in everyday conversation.,other,C1,64.15,1169,20972,SUBTLEX-US + OpenSubtitles 2018
1757,unable,할 수 없는,You'll hear the word 'unable' often in everyday conversation.,other,B1,64.15,523,10659,SUBTLEX-US + OpenSubtitles 2018
1758,rehearsal,낭송,You'll hear the word 'rehearsal' often in everyday conversation.,other,B2,64.15,777,9974,SUBTLEX-US + OpenSubtitles 2018
1759,western,서부극,You'll hear the word 'western' often in everyday conversation.,other,B2,64.14,679,12101,SUBTLEX-US + OpenSubtitles 2018
1760,intense,치열,You'll hear the word 'intense' often in everyday conversation.,other,B1,64.14,520,10734,SUBTLEX-US + OpenSubtitles 2018
1761,cherry,버찌,You'll hear the word 'cherry' often in everyday conversation.,other,B2,64.14,793,9607,SUBTLEX-US + OpenSubtitles 2018
1762,carpet,깔개,You'll hear the word 'carpet' often in everyday conversation.,other,B1,64.14,633,8025,SUBTLEX-US + OpenSubtitles 2018
1763,phones,전화기,You'll hear the word 'phones' often in everyday conversation.,other,B2,64.13,664,12424,SUBTLEX-US + OpenSubtitles 2018
1764,testimony,십계,You'll hear the word 'testimony' often in everyday conversation.,other,B2,64.13,769,10028,SUBTLEX-US + OpenSubtitles 2018
1765,eternal,허구,You'll hear the word 'eternal' often in everyday conversation.,other,B1,64.13,547,9873,SUBTLEX-US + OpenSubtitles 2018
1766,options,옵션,You'll hear the word 'options' often in everyday conversation.,other,B2,64.12,715,11104,SUBTLEX-US + OpenSubtitles 2018
1767,discovery,발견,You'll hear the word 'discovery' often in everyday conversation.,other,B1,64.12,584,8890,SUBTLEX-US + OpenSubtitles 2018
1768,foul,꽉막힌,You'll hear the word 'foul' often in everyday conversation.,other,B2,64.12,857,8510,SUBTLEX-US + OpenSubtitles 2018
1769,bacon,베이컨,You'll hear the word 'bacon' often in everyday conversation.,other,B1,64.12,607,8411,SUBTLEX-US + OpenSubtitles 2018
1770,plenty,많음,You'll hear the word 'plenty' often in everyday conversation.,other,A2,64.11,3181,36941,SUBTLEX-US + OpenSubtitles 2018
1771,claims,주장,You'll hear the word 'claims' often in everyday conversation.,other,B2,64.1,710,11103,SUBTLEX-US + OpenSubtitles 2018
1772,rage,격노,You'll hear the word 'rage' often in everyday conversation.,other,B1,64.1,577,8981,SUBTLEX-US + OpenSubtitles 2018
1773,dull,둔한,You'll hear the word 'dull' often in everyday conversation.,other,B1,64.1,637,7751,SUBTLEX-US + OpenSubtitles 2018
1774,harbor,간직하다,You'll hear the word 'harbor' often in everyday conversation.,other,B1,64.1,656,7428,SUBTLEX-US + OpenSubtitles 2018
1775,continue,계속하다,You'll hear the word 'continue' often in everyday conversation.,other,A2,64.09,2527,51279,SUBTLEX-US + OpenSubtitles 2018
1776,chuck,목정,You'll hear the word 'chuck' often in everyday conversation.,other,C1,64.09,1152,20757,SUBTLEX-US + OpenSubtitles 2018
1777,hearts,마음,You'll hear the word 'hearts' often in everyday conversation.,other,C1,64.09,1172,20232,SUBTLEX-US + OpenSubtitles 2018
1778,farewell,고별,You'll hear the word 'farewell' often in everyday conversation.,other,B1,64.09,492,11309,SUBTLEX-US + OpenSubtitles 2018
1779,lied,가곡,You'll hear the word 'lied' often in everyday conversation.,other,C2,64.08,2234,32979,SUBTLEX-US + OpenSubtitles 2018
1780,determined,결정된,You'll hear the word 'determined' often in everyday conversation.,other,B2,64.08,671,11890,SUBTLEX-US + OpenSubtitles 2018
1781,sheet,시트,You'll hear the word 'sheet' often in everyday conversation.,other,B1,64.08,600,8346,SUBTLEX-US + OpenSubtitles 2018
1782,excitement,격앙,You'll hear the word 'excitement' often in everyday conversation.,other,B1,64.08,630,7805,SUBTLEX-US + OpenSubtitles 2018
1783,flight,항공편,You'll hear the word 'flight' often in everyday conversation.,other,A2,64.07,3044,38504,SUBTLEX-US + OpenSubtitles 2018
1784,luke,루카,You'll hear the word 'luke' often in everyday conversation.,,C2,64.07,3071,20488,SUBTLEX-US + OpenSubtitles 2018
1785,butcher,학살자,You'll hear the word 'butcher' often in everyday conversation.,other,B1,64.07,569,8995,SUBTLEX-US + OpenSubtitles 2018
1786,visual,시각적인,You'll hear the word 'visual' often in everyday conversation.,other,B1,64.07,621,7890,SUBTLEX-US + OpenSubtitles 2018
1787,parade,행렬,You'll hear the word 'parade' often in everyday conversation.,other,B2,64.06,767,9655,SUBTLEX-US + OpenSubtitles 2018
1788,lick,핥다,You'll hear the word 'lick' often in everyday conversation.,other,B2,64.06,808,8957,SUBTLEX-US + OpenSubtitles 2018
1789,poker,포커,You'll hear the word 'poker' often in everyday conversation.,other,B2,64.06,827,8624,SUBTLEX-US + OpenSubtitles 2018
1790,combination,조합,You'll hear the word 'combination' often in everyday conversation.,other,B1,64.06,611,8040,SUBTLEX-US + OpenSubtitles 2018
1791,surprised,놀란,You'll hear the word 'surprised' often in everyday conversation.,other,A2,64.05,2808,43018,SUBTLEX-US + OpenSubtitles 2018
1792,silly,천진한,You'll hear the word 'silly' often in everyday conversation.,other,A2,64.05,2914,40758,SUBTLEX-US + OpenSubtitles 2018
1793,thee,그대,You'll hear the word 'thee' often in everyday conversation.,other,C1,64.05,1327,16410,SUBTLEX-US + OpenSubtitles 2018
1794,servant,하인,You'll hear the word 'servant' often in everyday conversation.,other,B2,64.05,619,13198,SUBTLEX-US + OpenSubtitles 2018
1795,russia,소련,You'll hear the word 'russia' often in everyday conversation.,other,B2,64.05,630,12828,SUBTLEX-US + OpenSubtitles 2018
1796,volunteer,자원봉사자,You'll hear the word 'volunteer' often in everyday conversation.,other,B2,64.05,720,10525,SUBTLEX-US + OpenSubtitles 2018
1797,ambassador,대사,You'll hear the word 'ambassador' often in everyday conversation.,other,B2,64.05,732,10309,SUBTLEX-US + OpenSubtitles 2018
1798,random,무작위의,You'll hear the word 'random' often in everyday conversation.,other,B1,64.05,524,10039,SUBTLEX-US + OpenSubtitles 2018
1799,affect,영향하다,You'll hear the word 'affect' often in everyday conversation.,other,B1,64.05,568,8941,SUBTLEX-US + OpenSubtitles 2018
1800,extra,가외로,You'll hear the word 'extra' often in everyday conversation.,other,A2,64.04,3017,38335,SUBTLEX-US + OpenSubtitles 2018
1801,becoming,되는,You'll hear the word 'becoming' often in everyday conversation.,other,C1,64.04,1167,19723,SUBTLEX-US + OpenSubtitles 2018
1802,treated,치료된,You'll hear the word 'treated' often in everyday conversation.,other,C1,64.04,1219,18542,SUBTLEX-US + OpenSubtitles 2018
1803,thy,그대의,You'll hear the word 'thy' often in everyday conversation.,other,C1,64.04,1243,18023,SUBTLEX-US + OpenSubtitles 2018
1804,billion,1조의,You'll hear the word 'billion' often in everyday conversation.,other,B2,64.04,568,14895,SUBTLEX-US + OpenSubtitles 2018
1805,related,연계적인,You'll hear the word 'related' often in everyday conversation.,other,B2,64.04,643,12408,SUBTLEX-US + OpenSubtitles 2018
1806,humanity,박애,You'll hear the word 'humanity' often in everyday conversation.,other,B1,64.04,495,10845,SUBTLEX-US + OpenSubtitles 2018
1807,stroke,발작,You'll hear the word 'stroke' often in everyday conversation.,other,B2,64.03,718,10456,SUBTLEX-US + OpenSubtitles 2018
1808,experienced,노련,You'll hear the word 'experienced' often in everyday conversation.,other,B1,64.03,510,10323,SUBTLEX-US + OpenSubtitles 2018
1809,badge,기장,You'll hear the word 'badge' often in everyday conversation.,other,B2,64.03,786,9133,SUBTLEX-US + OpenSubtitles 2018
1810,concept,개념,You'll hear the word 'concept' often in everyday conversation.,other,B1,64.03,553,9181,SUBTLEX-US + OpenSubtitles 2018
1811,lock,열쇠,You'll hear the word 'lock' often in everyday conversation.,other,A2,64.02,2885,40462,SUBTLEX-US + OpenSubtitles 2018
1812,speaks,말하다,You'll hear the word 'speaks' often in everyday conversation.,other,C1,64.02,1068,22181,SUBTLEX-US + OpenSubtitles 2018
1813,distant,아득히,You'll hear the word 'distant' often in everyday conversation.,other,B1,64.02,439,12801,SUBTLEX-US + OpenSubtitles 2018
1814,schools,학교,You'll hear the word 'schools' often in everyday conversation.,other,B2,64.02,714,10470,SUBTLEX-US + OpenSubtitles 2018
1815,pressure,압력,You'll hear the word 'pressure' often in everyday conversation.,other,A2,64.01,2818,41834,SUBTLEX-US + OpenSubtitles 2018
1816,writing,글월,You'll hear the word 'writing' often in everyday conversation.,other,A2,64.01,2852,41035,SUBTLEX-US + OpenSubtitles 2018
1817,prefer,선호하다,I'd prefer to stay here.,other,A2,64.01,1688,29606,SUBTLEX-US + OpenSubtitles 2018
1818,issue,문제,There's one small issue we need to fix.,other,A2,64.01,1741,28140,SUBTLEX-US + OpenSubtitles 2018
1819,spending,지출,You'll hear the word 'spending' often in everyday conversation.,other,C1,64.01,1264,17255,SUBTLEX-US + OpenSubtitles 2018
1820,cross,기만,You'll hear the word 'cross' often in everyday conversation.,other,A2,64.0,2807,41692,SUBTLEX-US + OpenSubtitles 2018
1821,coffin,납관하다,You'll hear the word 'coffin' often in everyday conversation.,other,B1,64.0,552,9039,SUBTLEX-US + OpenSubtitles 2018
1822,analysis,분석,You'll hear the word 'analysis' often in everyday conversation.,other,B1,64.0,563,8765,SUBTLEX-US + OpenSubtitles 2018
1823,bleed,출혈하다,You'll hear the word 'bleed' often in everyday conversation.,other,B1,64.0,590,8179,SUBTLEX-US + OpenSubtitles 2018
1824,further,더먼,You'll hear the word 'further' often in everyday conversation.,other,A2,63.99,2704,43839,SUBTLEX-US + OpenSubtitles 2018
1825,supplies,학용품,You'll hear the word 'supplies' often in everyday conversation.,other,B2,63.99,717,10271,SUBTLEX-US + OpenSubtitles 2018
1826,whale,고래,You'll hear the word 'whale' often in everyday conversation.,other,B1,63.99,623,7511,SUBTLEX-US + OpenSubtitles 2018
1827,track,경주로,You'll hear the word 'track' often in everyday conversation.,other,A2,63.98,2843,40578,SUBTLEX-US + OpenSubtitles 2018
1828,wild,야성,You'll hear the word 'wild' often in everyday conversation.,other,A2,63.98,2947,38522,SUBTLEX-US + OpenSubtitles 2018
1829,dock,도크,You'll hear the word 'dock' often in everyday conversation.,other,B2,63.98,741,9697,SUBTLEX-US + OpenSubtitles 2018
1830,pork,보조금,You'll hear the word 'pork' often in everyday conversation.,other,B1,63.98,537,9308,SUBTLEX-US + OpenSubtitles 2018
1831,effects,효과,You'll hear the word 'effects' often in everyday conversation.,other,B2,63.97,649,11765,SUBTLEX-US + OpenSubtitles 2018
1832,suspicion,의의,You'll hear the word 'suspicion' often in everyday conversation.,other,B1,63.97,541,9174,SUBTLEX-US + OpenSubtitles 2018
1833,homeless,노숙자,You'll hear the word 'homeless' often in everyday conversation.,other,B1,63.97,543,9106,SUBTLEX-US + OpenSubtitles 2018
1834,mister,나리,You'll hear the word 'mister' often in everyday conversation.,other,C2,63.96,2338,28739,SUBTLEX-US + OpenSubtitles 2018
1835,talks,대화,You'll hear the word 'talks' often in everyday conversation.,other,C1,63.96,1216,17763,SUBTLEX-US + OpenSubtitles 2018
1836,sucks,짜증나다,You'll hear the word 'sucks' often in everyday conversation.,other,C1,63.96,1248,17110,SUBTLEX-US + OpenSubtitles 2018
1837,necklace,목걸이,You'll hear the word 'necklace' often in everyday conversation.,other,B1,63.96,497,10321,SUBTLEX-US + OpenSubtitles 2018
1838,survival,잔존,You'll hear the word 'survival' often in everyday conversation.,other,B1,63.96,517,9752,SUBTLEX-US + OpenSubtitles 2018
1839,narrow,해협,You'll hear the word 'narrow' often in everyday conversation.,other,B1,63.96,528,9419,SUBTLEX-US + OpenSubtitles 2018
1840,nut,견과,You'll hear the word 'nut' often in everyday conversation.,other,B2,63.96,801,8577,SUBTLEX-US + OpenSubtitles 2018
1841,limited,국지전,You'll hear the word 'limited' often in everyday conversation.,other,B1,63.96,563,8575,SUBTLEX-US + OpenSubtitles 2018
1842,brad,곡종,You'll hear the word 'brad' often in everyday conversation.,other,C1,63.95,1541,12442,SUBTLEX-US + OpenSubtitles 2018
1843,cells,세포,You'll hear the word 'cells' often in everyday conversation.,other,B2,63.95,610,12693,SUBTLEX-US + OpenSubtitles 2018
1844,underground,지하,You'll hear the word 'underground' often in everyday conversation.,other,B2,63.95,614,12588,SUBTLEX-US + OpenSubtitles 2018
1845,profile,프로필,You'll hear the word 'profile' often in everyday conversation.,other,B2,63.95,670,11095,SUBTLEX-US + OpenSubtitles 2018
1846,internal,내적,You'll hear the word 'internal' often in everyday conversation.,other,B1,63.95,507,9988,SUBTLEX-US + OpenSubtitles 2018
1847,tense,팽팽한,You'll hear the word 'tense' often in everyday conversation.,other,B1,63.95,522,9542,SUBTLEX-US + OpenSubtitles 2018
1848,measure,측정하다,You'll hear the word 'measure' often in everyday conversation.,other,B1,63.95,537,9133,SUBTLEX-US + OpenSubtitles 2018
1849,interests,관심사,You'll hear the word 'interests' often in everyday conversation.,other,B2,63.94,677,10866,SUBTLEX-US + OpenSubtitles 2018
1850,chaos,혼돈,You'll hear the word 'chaos' often in everyday conversation.,other,B1,63.94,479,10764,SUBTLEX-US + OpenSubtitles 2018
1851,escape,도망,You'll hear the word 'escape' often in everyday conversation.,other,A2,63.93,2426,49664,SUBTLEX-US + OpenSubtitles 2018
1852,burn,개울,You'll hear the word 'burn' often in everyday conversation.,other,A2,63.93,2816,39874,SUBTLEX-US + OpenSubtitles 2018
1853,thou,너는,You'll hear the word 'thou' often in everyday conversation.,other,C1,63.93,1145,19007,SUBTLEX-US + OpenSubtitles 2018
1854,sally,출격하다,You'll hear the word 'sally' often in everyday conversation.,other,C1,63.93,1352,14857,SUBTLEX-US + OpenSubtitles 2018
1855,conduct,전도하다,You'll hear the word 'conduct' often in everyday conversation.,other,B1,63.93,566,8352,SUBTLEX-US + OpenSubtitles 2018
1856,herself,그녀 자신,You'll hear the word 'herself' often in everyday conversation.,other,A2,63.92,2675,42884,SUBTLEX-US + OpenSubtitles 2018
1857,ourselves,우리자신,You'll hear the word 'ourselves' often in everyday conversation.,other,A2,63.92,2676,42731,SUBTLEX-US + OpenSubtitles 2018
1858,steal,훔침,You'll hear the word 'steal' often in everyday conversation.,other,A2,63.92,2720,41720,SUBTLEX-US + OpenSubtitles 2018
1859,papa,아빠,You'll hear the word 'papa' often in everyday conversation.,other,C2,63.92,2180,31095,SUBTLEX-US + OpenSubtitles 2018
1860,brick,벽돌,You'll hear the word 'brick' often in everyday conversation.,other,B1,63.92,528,9209,SUBTLEX-US + OpenSubtitles 2018
1861,pillow,방석,You'll hear the word 'pillow' often in everyday conversation.,other,B1,63.92,581,7989,SUBTLEX-US + OpenSubtitles 2018
1862,suite,조곡,You'll hear the word 'suite' often in everyday conversation.,other,B2,63.92,849,7680,SUBTLEX-US + OpenSubtitles 2018
1863,placed,배치된,You'll hear the word 'placed' often in everyday conversation.,other,B2,63.91,623,12026,SUBTLEX-US + OpenSubtitles 2018
1864,lap,핥다,You'll hear the word 'lap' often in everyday conversation.,other,B2,63.91,716,9823,SUBTLEX-US + OpenSubtitles 2018
1865,valentine,선물 등,You'll hear the word 'valentine' often in everyday conversation.,other,B2,63.91,768,8845,SUBTLEX-US + OpenSubtitles 2018
1866,gum,덧신,You'll hear the word 'gum' often in everyday conversation.,other,B2,63.91,790,8477,SUBTLEX-US + OpenSubtitles 2018
1867,decide,결정하다,You'll hear the word 'decide' often in everyday conversation.,other,A2,63.9,2571,44806,SUBTLEX-US + OpenSubtitles 2018
1868,fresh,상쾌한,You'll hear the word 'fresh' often in everyday conversation.,other,A2,63.9,2781,40049,SUBTLEX-US + OpenSubtitles 2018
1869,cost,비용,You'll hear the word 'cost' often in everyday conversation.,other,A2,63.9,2803,39485,SUBTLEX-US + OpenSubtitles 2018
1870,gods,신,You'll hear the word 'gods' often in everyday conversation.,other,C1,63.9,1083,20335,SUBTLEX-US + OpenSubtitles 2018
1871,wanting,원하는,You'll hear the word 'wanting' often in everyday conversation.,other,C1,63.9,1251,16465,SUBTLEX-US + OpenSubtitles 2018
1872,promotion,진흥,You'll hear the word 'promotion' often in everyday conversation.,other,B1,63.9,557,8402,SUBTLEX-US + OpenSubtitles 2018
1873,alike,같게,You'll hear the word 'alike' often in everyday conversation.,other,B1,63.9,579,7933,SUBTLEX-US + OpenSubtitles 2018
1874,approve,승인하다,You'll hear the word 'approve' often in everyday conversation.,other,B1,63.9,580,7918,SUBTLEX-US + OpenSubtitles 2018
1875,search,검색,You'll hear the word 'search' often in everyday conversation.,other,A2,63.89,2467,47439,SUBTLEX-US + OpenSubtitles 2018
1876,final,최종의,You'll hear the word 'final' often in everyday conversation.,other,A2,63.89,2536,45614,SUBTLEX-US + OpenSubtitles 2018
1877,majesty,위엄,You'll hear the word 'majesty' often in everyday conversation.,other,C2,63.89,1885,38052,SUBTLEX-US + OpenSubtitles 2018
1878,puts,놓다,You'll hear the word 'puts' often in everyday conversation.,other,C1,63.89,1224,16846,SUBTLEX-US + OpenSubtitles 2018
1879,jesse,이새,You'll hear the word 'jesse' often in everyday conversation.,other,C1,63.89,1290,15612,SUBTLEX-US + OpenSubtitles 2018
1880,fields,분야,You'll hear the word 'fields' often in everyday conversation.,other,B2,63.89,609,12290,SUBTLEX-US + OpenSubtitles 2018
1881,injury,무례,You'll hear the word 'injury' often in everyday conversation.,other,B1,63.89,520,9265,SUBTLEX-US + OpenSubtitles 2018
1882,fund,기금,You'll hear the word 'fund' often in everyday conversation.,other,B1,63.89,541,8719,SUBTLEX-US + OpenSubtitles 2018
1883,immediate,직사,You'll hear the word 'immediate' often in everyday conversation.,other,B1,63.89,571,8061,SUBTLEX-US + OpenSubtitles 2018
1884,bureau,양소매책상,You'll hear the word 'bureau' often in everyday conversation.,other,B1,63.89,575,7996,SUBTLEX-US + OpenSubtitles 2018
1885,railroad,철도,You'll hear the word 'railroad' often in everyday conversation.,other,B1,63.89,710,5859,SUBTLEX-US + OpenSubtitles 2018
1886,hundreds,수백,You'll hear the word 'hundreds' often in everyday conversation.,other,C1,63.88,1108,19379,SUBTLEX-US + OpenSubtitles 2018
1887,actions,거동하다,You'll hear the word 'actions' often in everyday conversation.,other,B2,63.88,620,11940,SUBTLEX-US + OpenSubtitles 2018
1888,pearl,진주,You'll hear the word 'pearl' often in everyday conversation.,other,B2,63.88,799,8175,SUBTLEX-US + OpenSubtitles 2018
1889,personnel,요원,You'll hear the word 'personnel' often in everyday conversation.,other,B2,63.88,835,7676,SUBTLEX-US + OpenSubtitles 2018
1890,puppy,강아지,You'll hear the word 'puppy' often in everyday conversation.,other,B1,63.88,584,7764,SUBTLEX-US + OpenSubtitles 2018
1891,roar,포효,You'll hear the word 'roar' often in everyday conversation.,,B2,63.87,462,18295,SUBTLEX-US + OpenSubtitles 2018
1892,kitty,판돈,You'll hear the word 'kitty' often in everyday conversation.,other,C1,63.87,1388,13843,SUBTLEX-US + OpenSubtitles 2018
1893,shortly,이윽고,You'll hear the word 'shortly' often in everyday conversation.,other,B1,63.87,513,9364,SUBTLEX-US + OpenSubtitles 2018
1894,niece,조카딸,You'll hear the word 'niece' often in everyday conversation.,,B1,63.87,517,9217,SUBTLEX-US + OpenSubtitles 2018
1895,operator,교환수,You'll hear the word 'operator' often in everyday conversation.,other,B2,63.87,836,7633,SUBTLEX-US + OpenSubtitles 2018
1896,raise,올리다,You'll hear the word 'raise' often in everyday conversation.,other,A2,63.86,2815,38449,SUBTLEX-US + OpenSubtitles 2018
1897,opens,열다,You'll hear the word 'opens' often in everyday conversation.,other,C1,63.86,848,28532,SUBTLEX-US + OpenSubtitles 2018
1898,ape,고릴라,You'll hear the word 'ape' often in everyday conversation.,other,B1,63.86,702,5850,SUBTLEX-US + OpenSubtitles 2018
1899,contemporary,현대의,That sounds pretty contemporary to me.,adjective,B2,63.86,113,2300,SUBTLEX-US + OpenSubtitles 2018
1900,circumstances,사연,You'll hear the word 'circumstances' often in everyday conversation.,other,C1,63.85,1170,17621,SUBTLEX-US + OpenSubtitles 2018
1901,clay,인품,You'll hear the word 'clay' often in everyday conversation.,other,B2,63.85,614,11882,SUBTLEX-US + OpenSubtitles 2018
1902,engagement,고용,You'll hear the word 'engagement' often in everyday conversation.,other,B2,63.85,666,10535,SUBTLEX-US + OpenSubtitles 2018
1903,register,명부,You'll hear the word 'register' often in everyday conversation.,other,B1,63.85,561,8096,SUBTLEX-US + OpenSubtitles 2018
1904,luggage,수화물,You'll hear the word 'luggage' often in everyday conversation.,other,B1,63.85,568,7957,SUBTLEX-US + OpenSubtitles 2018
1905,graduate,졸업한,You'll hear the word 'graduate' often in everyday conversation.,other,B1,63.85,623,6927,SUBTLEX-US + OpenSubtitles 2018
1906,destroy,파괴하다,You'll hear the word 'destroy' often in everyday conversation.,other,A2,63.84,2535,44301,SUBTLEX-US + OpenSubtitles 2018
1907,murdered,살해된,You'll hear the word 'murdered' often in everyday conversation.,other,C2,63.84,1967,34599,SUBTLEX-US + OpenSubtitles 2018
1908,sales,매출,You'll hear the word 'sales' often in everyday conversation.,other,B2,63.84,648,10950,SUBTLEX-US + OpenSubtitles 2018
1909,deadly,치사,You'll hear the word 'deadly' often in everyday conversation.,other,B1,63.84,504,9410,SUBTLEX-US + OpenSubtitles 2018
1910,rocks,암석,You'll hear the word 'rocks' often in everyday conversation.,other,C1,63.83,1167,17459,SUBTLEX-US + OpenSubtitles 2018
1911,commission,거간,You'll hear the word 'commission' often in everyday conversation.,other,B2,63.83,703,9616,SUBTLEX-US + OpenSubtitles 2018
1912,connect,연결하다,You'll hear the word 'connect' often in everyday conversation.,other,B1,63.83,492,9723,SUBTLEX-US + OpenSubtitles 2018
1913,terror,테러,You'll hear the word 'terror' often in everyday conversation.,other,B1,63.83,522,8913,SUBTLEX-US + OpenSubtitles 2018
1914,practical,실리적,You'll hear the word 'practical' often in everyday conversation.,other,B1,63.83,577,7685,SUBTLEX-US + OpenSubtitles 2018
1915,rome,로마,You'll hear the word 'rome' often in everyday conversation.,other,C1,63.82,968,22884,SUBTLEX-US + OpenSubtitles 2018
1916,punk,썩은 나무,You'll hear the word 'punk' often in everyday conversation.,other,C1,63.82,1332,14300,SUBTLEX-US + OpenSubtitles 2018
1917,obey,복종하다,You'll hear the word 'obey' often in everyday conversation.,other,B2,63.82,577,12828,SUBTLEX-US + OpenSubtitles 2018
1918,deposit,예금하다,You'll hear the word 'deposit' often in everyday conversation.,other,B1,63.82,561,7951,SUBTLEX-US + OpenSubtitles 2018
1919,medical,의학의,You'll hear the word 'medical' often in everyday conversation.,other,A2,63.8,2776,37844,SUBTLEX-US + OpenSubtitles 2018
1920,mistakes,실수,You'll hear the word 'mistakes' often in everyday conversation.,other,C1,63.8,1116,18340,SUBTLEX-US + OpenSubtitles 2018
1921,blade,칼날,You'll hear the word 'blade' often in everyday conversation.,other,B2,63.8,672,10100,SUBTLEX-US + OpenSubtitles 2018
1922,massage,안마,You'll hear the word 'massage' often in everyday conversation.,other,B2,63.8,676,10030,SUBTLEX-US + OpenSubtitles 2018
1923,kidney,신장,You'll hear the word 'kidney' often in everyday conversation.,other,B2,63.8,709,9358,SUBTLEX-US + OpenSubtitles 2018
1924,compliment,따리,You'll hear the word 'compliment' often in everyday conversation.,other,B1,63.8,574,7587,SUBTLEX-US + OpenSubtitles 2018
1925,nearby,근처에,You'll hear the word 'nearby' often in everyday conversation.,other,B1,63.79,425,11769,SUBTLEX-US + OpenSubtitles 2018
1926,pages,페이지,You'll hear the word 'pages' often in everyday conversation.,other,B2,63.79,695,9543,SUBTLEX-US + OpenSubtitles 2018
1927,counter,계산계,You'll hear the word 'counter' often in everyday conversation.,other,B2,63.79,724,9006,SUBTLEX-US + OpenSubtitles 2018
1928,marks,점수,You'll hear the word 'marks' often in everyday conversation.,other,C1,63.78,1117,18117,SUBTLEX-US + OpenSubtitles 2018
1929,duke,공작,You'll hear the word 'duke' often in everyday conversation.,other,C1,63.78,1277,14892,SUBTLEX-US + OpenSubtitles 2018
1930,highest,가장 높은,You'll hear the word 'highest' often in everyday conversation.,other,B2,63.78,646,10590,SUBTLEX-US + OpenSubtitles 2018
1931,goddess,여신,You'll hear the word 'goddess' often in everyday conversation.,other,B1,63.78,475,9946,SUBTLEX-US + OpenSubtitles 2018
1932,hero,영웅,You'll hear the word 'hero' often in everyday conversation.,other,A2,63.77,2550,42093,SUBTLEX-US + OpenSubtitles 2018
1933,complete,완전한,You'll hear the word 'complete' often in everyday conversation.,other,A2,63.77,2636,40210,SUBTLEX-US + OpenSubtitles 2018
1934,hitting,치는,You'll hear the word 'hitting' often in everyday conversation.,other,C1,63.77,1200,16244,SUBTLEX-US + OpenSubtitles 2018
1935,informed,소식통의,You'll hear the word 'informed' often in everyday conversation.,other,B2,63.77,633,10853,SUBTLEX-US + OpenSubtitles 2018
1936,fleet,기단,You'll hear the word 'fleet' often in everyday conversation.,other,B2,63.77,644,10572,SUBTLEX-US + OpenSubtitles 2018
1937,handy,편리한,You'll hear the word 'handy' often in everyday conversation.,other,B1,63.77,623,6634,SUBTLEX-US + OpenSubtitles 2018
1938,precisely,정확하게,You'll hear the word 'precisely' often in everyday conversation.,other,B2,63.76,611,11346,SUBTLEX-US + OpenSubtitles 2018
1939,georgia,그루지야,You'll hear the word 'georgia' often in everyday conversation.,other,B2,63.76,918,6215,SUBTLEX-US + OpenSubtitles 2018
1940,singing,고창,You'll hear the word 'singing' often in everyday conversation.,other,A2,63.75,2281,49144,SUBTLEX-US + OpenSubtitles 2018
1941,trick,계교,You'll hear the word 'trick' often in everyday conversation.,other,A2,63.75,2706,38140,SUBTLEX-US + OpenSubtitles 2018
1942,cooperate,협력하다,You'll hear the word 'cooperate' often in everyday conversation.,other,B2,63.75,688,9491,SUBTLEX-US + OpenSubtitles 2018
1943,provided,제공된,You'll hear the word 'provided' often in everyday conversation.,other,B1,63.75,506,8929,SUBTLEX-US + OpenSubtitles 2018
1944,assistance,보조,You'll hear the word 'assistance' often in everyday conversation.,other,B1,63.75,559,7707,SUBTLEX-US + OpenSubtitles 2018
1945,corporal,상등병,You'll hear the word 'corporal' often in everyday conversation.,,B2,63.75,809,7450,SUBTLEX-US + OpenSubtitles 2018
1946,bark,짖다,You'll hear the word 'bark' often in everyday conversation.,other,B1,63.73,462,10089,SUBTLEX-US + OpenSubtitles 2018
1947,familiar,친한,That name sounds familiar.,other,A2,63.72,1770,23348,SUBTLEX-US + OpenSubtitles 2018
1948,tissue,조직,You'll hear the word 'tissue' often in everyday conversation.,other,B1,63.72,547,7818,SUBTLEX-US + OpenSubtitles 2018
1949,thumb,엄지손가락,You'll hear the word 'thumb' often in everyday conversation.,other,B1,63.72,623,6429,SUBTLEX-US + OpenSubtitles 2018
1950,jar,맞지 않다,You'll hear the word 'jar' often in everyday conversation.,other,B1,63.71,445,10501,SUBTLEX-US + OpenSubtitles 2018
1951,blessing,가호,You'll hear the word 'blessing' often in everyday conversation.,other,B1,63.71,495,8982,SUBTLEX-US + OpenSubtitles 2018
1952,spider,거미,You'll hear the word 'spider' often in everyday conversation.,other,B1,63.71,515,8488,SUBTLEX-US + OpenSubtitles 2018
1953,conquer,공략하다,You'll hear the word 'conquer' often in everyday conversation.,other,B1,63.7,473,9537,SUBTLEX-US + OpenSubtitles 2018
1954,misery,비참,You'll hear the word 'misery' often in everyday conversation.,other,B1,63.7,541,7820,SUBTLEX-US + OpenSubtitles 2018
1955,straighten,바로잡다,You'll hear the word 'straighten' often in everyday conversation.,,B2,63.7,816,7150,SUBTLEX-US + OpenSubtitles 2018
1956,beauty,미관,You'll hear the word 'beauty' often in everyday conversation.,other,A2,63.69,2589,39308,SUBTLEX-US + OpenSubtitles 2018
1957,interest,관심,You'll hear the word 'interest' often in everyday conversation.,other,A2,63.69,2598,39252,SUBTLEX-US + OpenSubtitles 2018
1958,threw,던졌다,You'll hear the word 'threw' often in everyday conversation.,other,C2,63.69,2082,29223,SUBTLEX-US + OpenSubtitles 2018
1959,shed,갈다,You'll hear the word 'shed' often in everyday conversation.,other,B2,63.69,585,11685,SUBTLEX-US + OpenSubtitles 2018
1960,rocket,로켓,You'll hear the word 'rocket' often in everyday conversation.,other,B2,63.69,617,10752,SUBTLEX-US + OpenSubtitles 2018
1961,toys,장난감,You'll hear the word 'toys' often in everyday conversation.,other,B2,63.69,674,9454,SUBTLEX-US + OpenSubtitles 2018
1962,persuade,설득하다,You'll hear the word 'persuade' often in everyday conversation.,other,B1,63.69,503,8655,SUBTLEX-US + OpenSubtitles 2018
1963,collar,경령,You'll hear the word 'collar' often in everyday conversation.,other,B1,63.69,545,7687,SUBTLEX-US + OpenSubtitles 2018
1964,marked,현저하다,You'll hear the word 'marked' often in everyday conversation.,other,B1,63.69,547,7684,SUBTLEX-US + OpenSubtitles 2018
1965,sunset,일몰,You'll hear the word 'sunset' often in everyday conversation.,other,B1,63.69,573,7155,SUBTLEX-US + OpenSubtitles 2018
1966,enemies,적,You'll hear the word 'enemies' often in everyday conversation.,other,C1,63.68,985,20563,SUBTLEX-US + OpenSubtitles 2018
1967,moments,순간,You'll hear the word 'moments' often in everyday conversation.,other,C1,63.68,1101,17531,SUBTLEX-US + OpenSubtitles 2018
1968,increase,늘다,You'll hear the word 'increase' often in everyday conversation.,other,B1,63.68,436,10629,SUBTLEX-US + OpenSubtitles 2018
1969,worship,경모,You'll hear the word 'worship' often in everyday conversation.,other,B2,63.68,639,10159,SUBTLEX-US + OpenSubtitles 2018
1970,barrel,통,You'll hear the word 'barrel' often in everyday conversation.,other,B1,63.68,559,7391,SUBTLEX-US + OpenSubtitles 2018
1971,phenomenon,현상,That's the phenomenon we were talking about.,noun,B1,63.68,235,3846,SUBTLEX-US + OpenSubtitles 2018
1972,remembered,기억된,You'll hear the word 'remembered' often in everyday conversation.,other,C1,63.67,1146,16359,SUBTLEX-US + OpenSubtitles 2018
1973,themselves,그들자신,You'll hear the word 'themselves' often in everyday conversation.,other,A2,63.66,2343,44832,SUBTLEX-US + OpenSubtitles 2018
1974,spain,스페인,You'll hear the word 'spain' often in everyday conversation.,other,B2,63.66,561,12200,SUBTLEX-US + OpenSubtitles 2018
1975,halfway,반쯤,You'll hear the word 'halfway' often in everyday conversation.,other,B2,63.66,678,9225,SUBTLEX-US + OpenSubtitles 2018
1976,stitch,깁다,You'll hear the word 'stitch' often in everyday conversation.,other,B2,63.66,718,8452,SUBTLEX-US + OpenSubtitles 2018
1977,worn,닳아빠지다,You'll hear the word 'worn' often in everyday conversation.,other,B1,63.66,514,8256,SUBTLEX-US + OpenSubtitles 2018
1978,plug,마개,You'll hear the word 'plug' often in everyday conversation.,other,B1,63.66,572,7045,SUBTLEX-US + OpenSubtitles 2018
1979,spray,분무하다,You'll hear the word 'spray' often in everyday conversation.,other,B2,63.65,663,9450,SUBTLEX-US + OpenSubtitles 2018
1980,conflict,갈등,You'll hear the word 'conflict' often in everyday conversation.,other,B1,63.65,491,8791,SUBTLEX-US + OpenSubtitles 2018
1981,adorable,귀여운,You'll hear the word 'adorable' often in everyday conversation.,other,B1,63.65,537,7682,SUBTLEX-US + OpenSubtitles 2018
1982,drug,약물,You'll hear the word 'drug' often in everyday conversation.,other,A2,63.64,2511,39946,SUBTLEX-US + OpenSubtitles 2018
1983,abuse,남용하다,You'll hear the word 'abuse' often in everyday conversation.,other,B2,63.64,584,11384,SUBTLEX-US + OpenSubtitles 2018
1984,silk,실크,You'll hear the word 'silk' often in everyday conversation.,other,B1,63.64,527,7875,SUBTLEX-US + OpenSubtitles 2018
1985,overnight,밤새도록,You'll hear the word 'overnight' often in everyday conversation.,other,B1,63.64,527,7860,SUBTLEX-US + OpenSubtitles 2018
1986,empty,텅빈,You'll hear the word 'empty' often in everyday conversation.,other,A2,63.63,2478,40555,SUBTLEX-US + OpenSubtitles 2018
1987,emergency,긴급,You'll hear the word 'emergency' often in everyday conversation.,other,A2,63.63,2776,34359,SUBTLEX-US + OpenSubtitles 2018
1988,communist,공산주의자,You'll hear the word 'communist' often in everyday conversation.,other,B2,63.63,617,10407,SUBTLEX-US + OpenSubtitles 2018
1989,terrified,겁먹은,You'll hear the word 'terrified' often in everyday conversation.,,B1,63.63,488,8744,SUBTLEX-US + OpenSubtitles 2018
1990,shrink,움츠리다,You'll hear the word 'shrink' often in everyday conversation.,other,B2,63.63,735,8047,SUBTLEX-US + OpenSubtitles 2018
1991,apart,떨어져,You'll hear the word 'apart' often in everyday conversation.,other,A2,63.62,2398,42417,SUBTLEX-US + OpenSubtitles 2018
1992,study,공부하다,You'll hear the word 'study' often in everyday conversation.,other,A2,63.62,2501,39882,SUBTLEX-US + OpenSubtitles 2018
1993,chose,선택했다,You'll hear the word 'chose' often in everyday conversation.,other,C1,63.62,955,20888,SUBTLEX-US + OpenSubtitles 2018
1994,bruise,타박상,You'll hear the word 'bruise' often in everyday conversation.,,B2,63.62,627,10109,SUBTLEX-US + OpenSubtitles 2018
1995,invisible,보이지 않는,You'll hear the word 'invisible' often in everyday conversation.,other,B2,63.61,630,9991,SUBTLEX-US + OpenSubtitles 2018
1996,constantly,노상,You'll hear the word 'constantly' often in everyday conversation.,other,B1,63.61,450,9765,SUBTLEX-US + OpenSubtitles 2018
1997,announcement,발표,You'll hear the word 'announcement' often in everyday conversation.,other,B1,63.61,525,7759,SUBTLEX-US + OpenSubtitles 2018
1998,knight,기사,You'll hear the word 'knight' often in everyday conversation.,other,C1,63.6,1395,11786,SUBTLEX-US + OpenSubtitles 2018
1999,magical,마법의,You'll hear the word 'magical' often in everyday conversation.,other,B1,63.6,464,9287,SUBTLEX-US + OpenSubtitles 2018
2000,wax,밀랍,You'll hear the word 'wax' often in everyday conversation.,other,B1,63.6,587,6566,SUBTLEX-US + OpenSubtitles 2018
2001,brass,놋쇠,You'll hear the word 'brass' often in everyday conversation.,other,B1,63.6,622,6019,SUBTLEX-US + OpenSubtitles 2018
2002,anytime,언제든지,You'll hear the word 'anytime' often in everyday conversation.,other,C1,63.59,1248,13761,SUBTLEX-US + OpenSubtitles 2018
2003,bounce,되튐,You'll hear the word 'bounce' often in everyday conversation.,other,B2,63.59,698,8455,SUBTLEX-US + OpenSubtitles 2018
2004,delicate,나른한,You'll hear the word 'delicate' often in everyday conversation.,other,B1,63.59,489,8544,SUBTLEX-US + OpenSubtitles 2018
2005,tag,를 달다,You'll hear the word 'tag' often in everyday conversation.,other,B2,63.59,708,8276,SUBTLEX-US + OpenSubtitles 2018
2006,helpless,무력한,You'll hear the word 'helpless' often in everyday conversation.,other,B1,63.59,568,6843,SUBTLEX-US + OpenSubtitles 2018
2007,carried,운반된,You'll hear the word 'carried' often in everyday conversation.,other,C1,63.58,1026,18366,SUBTLEX-US + OpenSubtitles 2018
2008,companies,회사,You'll hear the word 'companies' often in everyday conversation.,other,B2,63.58,581,11033,SUBTLEX-US + OpenSubtitles 2018
2009,misunderstand,오해하다,You'll hear the word 'misunderstand' often in everyday conversation.,,B2,63.58,590,10802,SUBTLEX-US + OpenSubtitles 2018
2010,stronger,더 강한,You'll hear the word 'stronger' often in everyday conversation.,other,C1,63.57,974,19713,SUBTLEX-US + OpenSubtitles 2018
2011,cutting,재단,You'll hear the word 'cutting' often in everyday conversation.,other,C1,63.57,1133,15726,SUBTLEX-US + OpenSubtitles 2018
2012,attached,부속의,You'll hear the word 'attached' often in everyday conversation.,other,B2,63.57,623,9884,SUBTLEX-US + OpenSubtitles 2018
2013,filling,채우기,You'll hear the word 'filling' often in everyday conversation.,other,B1,63.57,529,7500,SUBTLEX-US + OpenSubtitles 2018
2014,twin,쌍둥이의,You'll hear the word 'twin' often in everyday conversation.,other,B1,63.57,536,7358,SUBTLEX-US + OpenSubtitles 2018
2015,asleep,잠들어,You'll hear the word 'asleep' often in everyday conversation.,other,A2,63.56,2541,37535,SUBTLEX-US + OpenSubtitles 2018
2016,hurts,아프다,You'll hear the word 'hurts' often in everyday conversation.,other,C2,63.56,1907,30804,SUBTLEX-US + OpenSubtitles 2018
2017,warrant,보증하다,You'll hear the word 'warrant' often in everyday conversation.,other,C1,63.56,1060,17239,SUBTLEX-US + OpenSubtitles 2018
2018,terry,테리천,You'll hear the word 'terry' often in everyday conversation.,other,C1,63.56,1123,15820,SUBTLEX-US + OpenSubtitles 2018
2019,bid,값매기다,You'll hear the word 'bid' often in everyday conversation.,other,B2,63.56,657,9114,SUBTLEX-US + OpenSubtitles 2018
2020,height,고도,You'll hear the word 'height' often in everyday conversation.,other,B1,63.56,476,8753,SUBTLEX-US + OpenSubtitles 2018
2021,document,문서,You'll hear the word 'document' often in everyday conversation.,other,B1,63.56,515,7799,SUBTLEX-US + OpenSubtitles 2018
2022,peanut,땅콩,You'll hear the word 'peanut' often in everyday conversation.,other,B1,63.56,630,5757,SUBTLEX-US + OpenSubtitles 2018
2023,dragon,용자리,You'll hear the word 'dragon' often in everyday conversation.,other,C1,63.55,984,19123,SUBTLEX-US + OpenSubtitles 2018
2024,sharing,나눔,You'll hear the word 'sharing' often in everyday conversation.,other,B2,63.55,623,9785,SUBTLEX-US + OpenSubtitles 2018
2025,pushed,밀린,You'll hear the word 'pushed' often in everyday conversation.,other,C1,63.54,1045,17408,SUBTLEX-US + OpenSubtitles 2018
2026,injured,상처입은,You'll hear the word 'injured' often in everyday conversation.,other,B2,63.54,534,12251,SUBTLEX-US + OpenSubtitles 2018
2027,cole,서양평지,You'll hear the word 'cole' often in everyday conversation.,other,C1,63.54,1491,10307,SUBTLEX-US + OpenSubtitles 2018
2028,theatre,극장,You'll hear the word 'theatre' often in everyday conversation.,other,B2,63.54,582,10776,SUBTLEX-US + OpenSubtitles 2018
2029,centre,중추,You'll hear the word 'centre' often in everyday conversation.,other,B2,63.53,511,12987,SUBTLEX-US + OpenSubtitles 2018
2030,recover,회복하다,You'll hear the word 'recover' often in everyday conversation.,other,B1,63.53,437,9724,SUBTLEX-US + OpenSubtitles 2018
2031,traditional,전통적인,That sounds pretty traditional to me.,adjective,A2,63.53,415,8545,SUBTLEX-US + OpenSubtitles 2018
2032,stare,노려보아,You'll hear the word 'stare' often in everyday conversation.,other,B1,63.53,508,7782,SUBTLEX-US + OpenSubtitles 2018
2033,serving,1인분,You'll hear the word 'serving' often in everyday conversation.,other,B2,63.52,596,10281,SUBTLEX-US + OpenSubtitles 2018
2034,gossip,수다,You'll hear the word 'gossip' often in everyday conversation.,other,B1,63.52,454,9138,SUBTLEX-US + OpenSubtitles 2018
2035,rear,배후,You'll hear the word 'rear' often in everyday conversation.,other,B2,63.52,682,8441,SUBTLEX-US + OpenSubtitles 2018
2036,announce,고지하다,You'll hear the word 'announce' often in everyday conversation.,other,B1,63.52,498,7978,SUBTLEX-US + OpenSubtitles 2018
2037,chill,냉기,You'll hear the word 'chill' often in everyday conversation.,other,C1,63.51,1079,16337,SUBTLEX-US + OpenSubtitles 2018
2038,vanish,영이되다,You'll hear the word 'vanish' often in everyday conversation.,,B2,63.5,540,11729,SUBTLEX-US + OpenSubtitles 2018
2039,phase,단계,You'll hear the word 'phase' often in everyday conversation.,other,B2,63.5,652,8897,SUBTLEX-US + OpenSubtitles 2018
2040,rob,강탈하다,You'll hear the word 'rob' often in everyday conversation.,other,A2,63.49,2470,37585,SUBTLEX-US + OpenSubtitles 2018
2041,mountains,산악,You'll hear the word 'mountains' often in everyday conversation.,other,C1,63.49,951,19451,SUBTLEX-US + OpenSubtitles 2018
2042,stands,서다,You'll hear the word 'stands' often in everyday conversation.,other,C1,63.49,1093,15856,SUBTLEX-US + OpenSubtitles 2018
2043,profit,이윤,You'll hear the word 'profit' often in everyday conversation.,other,B2,63.49,594,10181,SUBTLEX-US + OpenSubtitles 2018
2044,korea,한국,You'll hear the word 'korea' often in everyday conversation.,other,B2,63.49,637,9178,SUBTLEX-US + OpenSubtitles 2018
2045,damaged,손상된,You'll hear the word 'damaged' often in everyday conversation.,other,B1,63.49,463,8754,SUBTLEX-US + OpenSubtitles 2018
2046,allow,허락하다,You'll hear the word 'allow' often in everyday conversation.,other,A2,63.48,2263,42649,SUBTLEX-US + OpenSubtitles 2018
2047,hardly,좀체,You'll hear the word 'hardly' often in everyday conversation.,other,A2,63.48,2613,34482,SUBTLEX-US + OpenSubtitles 2018
2048,sorrow,고난,You'll hear the word 'sorrow' often in everyday conversation.,other,B1,63.48,427,9771,SUBTLEX-US + OpenSubtitles 2018
2049,medication,약물,You'll hear the word 'medication' often in everyday conversation.,other,B2,63.48,652,8789,SUBTLEX-US + OpenSubtitles 2018
2050,jerk,포육,You'll hear the word 'jerk' often in everyday conversation.,other,C2,63.47,2071,25976,SUBTLEX-US + OpenSubtitles 2018
2051,sniff,코를 킁킁거리다,You'll hear the word 'sniff' often in everyday conversation.,other,B2,63.47,456,14846,SUBTLEX-US + OpenSubtitles 2018
2052,weed,상봉,You'll hear the word 'weed' often in everyday conversation.,other,B2,63.47,623,9356,SUBTLEX-US + OpenSubtitles 2018
2053,cares,관심,You'll hear the word 'cares' often in everyday conversation.,other,C2,63.46,2023,26777,SUBTLEX-US + OpenSubtitles 2018
2054,tin,양철,You'll hear the word 'tin' often in everyday conversation.,other,B1,63.46,479,8186,SUBTLEX-US + OpenSubtitles 2018
2055,relationships,연관,You'll hear the word 'relationships' often in everyday conversation.,other,B2,63.45,609,9541,SUBTLEX-US + OpenSubtitles 2018
2056,proposal,제안,You'll hear the word 'proposal' often in everyday conversation.,other,B1,63.45,448,8992,SUBTLEX-US + OpenSubtitles 2018
2057,hay,건초,You'll hear the word 'hay' often in everyday conversation.,other,B2,63.45,665,8409,SUBTLEX-US + OpenSubtitles 2018
2058,application,응용 프로그램,You'll hear the word 'application' often in everyday conversation.,other,B1,63.45,510,7420,SUBTLEX-US + OpenSubtitles 2018
2059,teachers,교사,You'll hear the word 'teachers' often in everyday conversation.,other,B2,63.44,581,10214,SUBTLEX-US + OpenSubtitles 2018
2060,employees,임직원,You'll hear the word 'employees' often in everyday conversation.,other,B2,63.44,610,9481,SUBTLEX-US + OpenSubtitles 2018
2061,crossing,교잡,You'll hear the word 'crossing' often in everyday conversation.,other,B1,63.44,451,8851,SUBTLEX-US + OpenSubtitles 2018
2062,puzzle,당혹하다,You'll hear the word 'puzzle' often in everyday conversation.,other,B1,63.44,478,8126,SUBTLEX-US + OpenSubtitles 2018
2063,severe,극심,You'll hear the word 'severe' often in everyday conversation.,other,B1,63.44,480,8032,SUBTLEX-US + OpenSubtitles 2018
2064,east,동쪽,You'll hear the word 'east' often in everyday conversation.,other,A2,63.43,2528,35109,SUBTLEX-US + OpenSubtitles 2018
2065,humans,인간,You'll hear the word 'humans' often in everyday conversation.,other,C1,63.43,831,22912,SUBTLEX-US + OpenSubtitles 2018
2066,thrown,던져진,You'll hear the word 'thrown' often in everyday conversation.,other,C1,63.43,1047,16290,SUBTLEX-US + OpenSubtitles 2018
2067,minds,마음,You'll hear the word 'minds' often in everyday conversation.,other,C1,63.43,1072,15707,SUBTLEX-US + OpenSubtitles 2018
2068,monk,수도사,You'll hear the word 'monk' often in everyday conversation.,other,B1,63.43,376,11475,SUBTLEX-US + OpenSubtitles 2018
2069,groom,신랑,You'll hear the word 'groom' often in everyday conversation.,other,B1,63.43,448,8851,SUBTLEX-US + OpenSubtitles 2018
2070,lighter,라이터,You'll hear the word 'lighter' often in everyday conversation.,other,B1,63.43,471,8236,SUBTLEX-US + OpenSubtitles 2018
2071,strain,기풍,You'll hear the word 'strain' often in everyday conversation.,other,B1,63.43,476,8122,SUBTLEX-US + OpenSubtitles 2018
2072,compromise,타협하다,You'll hear the word 'compromise' often in everyday conversation.,other,B1,63.43,485,7872,SUBTLEX-US + OpenSubtitles 2018
2073,confused,당황한,I'm a little confused right now.,other,A2,63.42,1653,21737,SUBTLEX-US + OpenSubtitles 2018
2074,kissing,키스,You'll hear the word 'kissing' often in everyday conversation.,other,C1,63.42,1189,13398,SUBTLEX-US + OpenSubtitles 2018
2075,creepy,괴상하다,You'll hear the word 'creepy' often in everyday conversation.,other,B2,63.42,569,10420,SUBTLEX-US + OpenSubtitles 2018
2076,retreat,은퇴,You'll hear the word 'retreat' often in everyday conversation.,other,B2,63.42,583,10003,SUBTLEX-US + OpenSubtitles 2018
2077,contrary,반하여,You'll hear the word 'contrary' often in everyday conversation.,other,B1,63.42,455,8629,SUBTLEX-US + OpenSubtitles 2018
2078,counting,개표,You'll hear the word 'counting' often in everyday conversation.,other,C1,63.41,1095,15069,SUBTLEX-US + OpenSubtitles 2018
2079,nest,둥지,You'll hear the word 'nest' often in everyday conversation.,other,B2,63.41,589,9806,SUBTLEX-US + OpenSubtitles 2018
2080,appetite,밥맛,You'll hear the word 'appetite' often in everyday conversation.,other,B1,63.41,502,7416,SUBTLEX-US + OpenSubtitles 2018
2081,observe,관찰하다,You'll hear the word 'observe' often in everyday conversation.,other,B1,63.41,510,7249,SUBTLEX-US + OpenSubtitles 2018
2082,nature,자연,You'll hear the word 'nature' often in everyday conversation.,other,A2,63.4,2337,38756,SUBTLEX-US + OpenSubtitles 2018
2083,simply,비단,You'll hear the word 'simply' often in everyday conversation.,other,A2,63.4,2362,38100,SUBTLEX-US + OpenSubtitles 2018
2084,porn,포르노,You'll hear the word 'porn' often in everyday conversation.,other,B2,63.4,592,9665,SUBTLEX-US + OpenSubtitles 2018
2085,technique,기교,You'll hear the word 'technique' often in everyday conversation.,other,B1,63.4,456,8469,SUBTLEX-US + OpenSubtitles 2018
2086,closely,면밀히,You'll hear the word 'closely' often in everyday conversation.,other,B1,63.4,468,8176,SUBTLEX-US + OpenSubtitles 2018
2087,scan,주사하다,You'll hear the word 'scan' often in everyday conversation.,other,B1,63.4,480,7861,SUBTLEX-US + OpenSubtitles 2018
2088,mixed,혼합된,You'll hear the word 'mixed' often in everyday conversation.,other,C1,63.39,1090,14977,SUBTLEX-US + OpenSubtitles 2018
2089,weakness,결점,You'll hear the word 'weakness' often in everyday conversation.,other,B1,63.39,454,8507,SUBTLEX-US + OpenSubtitles 2018
2090,countries,나라,You'll hear the word 'countries' often in everyday conversation.,other,B2,63.38,537,11055,SUBTLEX-US + OpenSubtitles 2018
2091,latin,라틴어,You'll hear the word 'latin' often in everyday conversation.,other,B2,63.38,566,10223,SUBTLEX-US + OpenSubtitles 2018
2092,serial,일련의,You'll hear the word 'serial' often in everyday conversation.,other,B2,63.38,577,9936,SUBTLEX-US + OpenSubtitles 2018
2093,racing,헛돎,You'll hear the word 'racing' often in everyday conversation.,other,B2,63.38,606,9262,SUBTLEX-US + OpenSubtitles 2018
2094,locate,찾다,You'll hear the word 'locate' often in everyday conversation.,other,B1,63.38,531,6706,SUBTLEX-US + OpenSubtitles 2018
2095,wizard,귀재,You'll hear the word 'wizard' often in everyday conversation.,other,B1,63.38,542,6493,SUBTLEX-US + OpenSubtitles 2018
2096,burns,화상,You'll hear the word 'burns' often in everyday conversation.,other,C1,63.37,1180,13175,SUBTLEX-US + OpenSubtitles 2018
2097,vital,생생하다,You'll hear the word 'vital' often in everyday conversation.,other,B2,63.37,580,9829,SUBTLEX-US + OpenSubtitles 2018
2098,vessel,맥관,You'll hear the word 'vessel' often in everyday conversation.,other,B1,63.37,477,7796,SUBTLEX-US + OpenSubtitles 2018
2099,affection,애정,You'll hear the word 'affection' often in everyday conversation.,other,B1,63.37,492,7467,SUBTLEX-US + OpenSubtitles 2018
2100,fur,거웃,You'll hear the word 'fur' often in everyday conversation.,other,B1,63.37,506,7143,SUBTLEX-US + OpenSubtitles 2018
2101,bald,벗어진,You'll hear the word 'bald' often in everyday conversation.,other,B1,63.37,524,6808,SUBTLEX-US + OpenSubtitles 2018
2102,possibly,까딱하면,You'll hear the word 'possibly' often in everyday conversation.,other,A2,63.36,2494,34442,SUBTLEX-US + OpenSubtitles 2018
2103,forms,양식,You'll hear the word 'forms' often in everyday conversation.,other,B2,63.36,580,9776,SUBTLEX-US + OpenSubtitles 2018
2104,witnesses,증인,You'll hear the word 'witnesses' often in everyday conversation.,other,C1,63.35,1005,16584,SUBTLEX-US + OpenSubtitles 2018
2105,protected,보호된,You'll hear the word 'protected' often in everyday conversation.,other,B2,63.35,554,10400,SUBTLEX-US + OpenSubtitles 2018
2106,tools,도구,You'll hear the word 'tools' often in everyday conversation.,other,B2,63.35,567,10020,SUBTLEX-US + OpenSubtitles 2018
2107,reverse,뒷면,You'll hear the word 'reverse' often in everyday conversation.,other,B2,63.35,604,9131,SUBTLEX-US + OpenSubtitles 2018
2108,advice,조언,You'll hear the word 'advice' often in everyday conversation.,other,A2,63.34,2450,34966,SUBTLEX-US + OpenSubtitles 2018
2109,disguise,변신,You'll hear the word 'disguise' often in everyday conversation.,,B2,63.34,587,9482,SUBTLEX-US + OpenSubtitles 2018
2110,hawk,매파,You'll hear the word 'hawk' often in everyday conversation.,other,B2,63.34,697,7360,SUBTLEX-US + OpenSubtitles 2018
2111,pal,친구,You'll hear the word 'pal' often in everyday conversation.,other,A2,63.33,2955,26374,SUBTLEX-US + OpenSubtitles 2018
2112,charlotte,샬럿,You'll hear the word 'charlotte' often in everyday conversation.,other,C1,63.33,1128,13759,SUBTLEX-US + OpenSubtitles 2018
2113,accounts,계정,You'll hear the word 'accounts' often in everyday conversation.,other,B2,63.33,534,10832,SUBTLEX-US + OpenSubtitles 2018
2114,bubble,거품,You'll hear the word 'bubble' often in everyday conversation.,other,B1,63.33,467,7876,SUBTLEX-US + OpenSubtitles 2018
2115,planet,운성,You'll hear the word 'planet' often in everyday conversation.,other,A2,63.32,1975,47564,SUBTLEX-US + OpenSubtitles 2018
2116,wings,날개,You'll hear the word 'wings' often in everyday conversation.,other,C1,63.32,1003,16298,SUBTLEX-US + OpenSubtitles 2018
2117,danger,위험,You'll hear the word 'danger' often in everyday conversation.,other,A2,63.31,2228,39518,SUBTLEX-US + OpenSubtitles 2018
2118,troops,편성하다,You'll hear the word 'troops' often in everyday conversation.,other,C1,63.31,983,16729,SUBTLEX-US + OpenSubtitles 2018
2119,grief,불운,You'll hear the word 'grief' often in everyday conversation.,other,B2,63.3,556,10054,SUBTLEX-US + OpenSubtitles 2018
2120,poet,시인,You'll hear the word 'poet' often in everyday conversation.,other,B1,63.3,470,7674,SUBTLEX-US + OpenSubtitles 2018
2121,gesture,거동,You'll hear the word 'gesture' often in everyday conversation.,other,B1,63.3,480,7426,SUBTLEX-US + OpenSubtitles 2018
2122,pancake,고형분,You'll hear the word 'pancake' often in everyday conversation.,,B2,63.3,698,7191,SUBTLEX-US + OpenSubtitles 2018
2123,helmet,투구,You'll hear the word 'helmet' often in everyday conversation.,other,B1,63.3,484,7341,SUBTLEX-US + OpenSubtitles 2018
2124,phoenix,봉황새,You'll hear the word 'phoenix' often in everyday conversation.,other,B1,63.3,556,5978,SUBTLEX-US + OpenSubtitles 2018
2125,expecting,기대하는,You'll hear the word 'expecting' often in everyday conversation.,other,C2,63.29,1846,27676,SUBTLEX-US + OpenSubtitles 2018
2126,stopping,멈칫,You'll hear the word 'stopping' often in everyday conversation.,other,C1,63.29,1066,14667,SUBTLEX-US + OpenSubtitles 2018
2127,fraud,협잡,You'll hear the word 'fraud' often in everyday conversation.,other,B2,63.29,552,10112,SUBTLEX-US + OpenSubtitles 2018
2128,coma,코마,You'll hear the word 'coma' often in everyday conversation.,,B2,63.29,642,8069,SUBTLEX-US + OpenSubtitles 2018
2129,thrill,스릴,You'll hear the word 'thrill' often in everyday conversation.,other,B2,63.29,672,7550,SUBTLEX-US + OpenSubtitles 2018
2130,cream,유지,You'll hear the word 'cream' often in everyday conversation.,other,A2,63.28,2605,30813,SUBTLEX-US + OpenSubtitles 2018
2131,victor,승리자,You'll hear the word 'victor' often in everyday conversation.,other,C1,63.28,917,18213,SUBTLEX-US + OpenSubtitles 2018
2132,miller,제분업자,You'll hear the word 'miller' often in everyday conversation.,other,C1,63.28,1177,12581,SUBTLEX-US + OpenSubtitles 2018
2133,fuss,야단법석,You'll hear the word 'fuss' often in everyday conversation.,,B1,63.28,429,8692,SUBTLEX-US + OpenSubtitles 2018
2134,drift,이동,You'll hear the word 'drift' often in everyday conversation.,other,B2,63.28,619,8480,SUBTLEX-US + OpenSubtitles 2018
2135,spiritual,영적인,You'll hear the word 'spiritual' often in everyday conversation.,other,B1,63.28,457,7910,SUBTLEX-US + OpenSubtitles 2018
2136,curtain,커튼,You'll hear the word 'curtain' often in everyday conversation.,other,B1,63.28,528,6374,SUBTLEX-US + OpenSubtitles 2018
2137,grace,미덕,You'll hear the word 'grace' often in everyday conversation.,other,A2,63.27,2237,38458,SUBTLEX-US + OpenSubtitles 2018
2138,kidnap,채가다,You'll hear the word 'kidnap' often in everyday conversation.,,C2,63.27,1804,28352,SUBTLEX-US + OpenSubtitles 2018
2139,studying,학사,You'll hear the word 'studying' often in everyday conversation.,other,C1,63.27,987,16217,SUBTLEX-US + OpenSubtitles 2018
2140,shared,공유된,You'll hear the word 'shared' often in everyday conversation.,other,B2,63.27,534,10484,SUBTLEX-US + OpenSubtitles 2018
2141,nerves,신경,You'll hear the word 'nerves' often in everyday conversation.,other,B2,63.27,559,9761,SUBTLEX-US + OpenSubtitles 2018
2142,owned,소유된,You'll hear the word 'owned' often in everyday conversation.,other,B2,63.27,599,8858,SUBTLEX-US + OpenSubtitles 2018
2143,sympathy,공감,You'll hear the word 'sympathy' often in everyday conversation.,other,B1,63.27,493,7015,SUBTLEX-US + OpenSubtitles 2018
2144,eagle,수리표,You'll hear the word 'eagle' often in everyday conversation.,other,B2,63.26,586,9058,SUBTLEX-US + OpenSubtitles 2018
2145,introduced,소개된,You'll hear the word 'introduced' often in everyday conversation.,other,B2,63.26,593,8900,SUBTLEX-US + OpenSubtitles 2018
2146,regarding,의점에서는,You'll hear the word 'regarding' often in everyday conversation.,other,B1,63.26,432,8508,SUBTLEX-US + OpenSubtitles 2018
2147,lesbian,동성연애자,You'll hear the word 'lesbian' often in everyday conversation.,other,B2,63.26,623,8289,SUBTLEX-US + OpenSubtitles 2018
2148,screw,나사,You'll hear the word 'screw' often in everyday conversation.,other,A2,63.24,2416,33665,SUBTLEX-US + OpenSubtitles 2018
2149,compared,비교된,You'll hear the word 'compared' often in everyday conversation.,other,B2,63.24,537,10181,SUBTLEX-US + OpenSubtitles 2018
2150,breast,유방,You'll hear the word 'breast' often in everyday conversation.,other,B1,63.24,463,7568,SUBTLEX-US + OpenSubtitles 2018
2151,faithful,참되다,You'll hear the word 'faithful' often in everyday conversation.,other,B1,63.24,465,7503,SUBTLEX-US + OpenSubtitles 2018
2152,alternative,대안,You'll hear the word 'alternative' often in everyday conversation.,other,B1,63.24,476,7253,SUBTLEX-US + OpenSubtitles 2018
2153,examine,조사하다,You'll hear the word 'examine' often in everyday conversation.,other,B1,63.24,504,6694,SUBTLEX-US + OpenSubtitles 2018
2154,settled,일정,You'll hear the word 'settled' often in everyday conversation.,other,C1,63.23,991,15766,SUBTLEX-US + OpenSubtitles 2018
2155,documents,서류,You'll hear the word 'documents' often in everyday conversation.,other,B2,63.23,478,12070,SUBTLEX-US + OpenSubtitles 2018
2156,required,요하다,You'll hear the word 'required' often in everyday conversation.,other,B2,63.23,547,9862,SUBTLEX-US + OpenSubtitles 2018
2157,unexpected,의외,You'll hear the word 'unexpected' often in everyday conversation.,other,B1,63.23,448,7899,SUBTLEX-US + OpenSubtitles 2018
2158,ladder,연줄,You'll hear the word 'ladder' often in everyday conversation.,other,B1,63.23,475,7260,SUBTLEX-US + OpenSubtitles 2018
2159,chosen,선택한,You'll hear the word 'chosen' often in everyday conversation.,other,C1,63.22,927,17293,SUBTLEX-US + OpenSubtitles 2018
2160,employee,고용인,You'll hear the word 'employee' often in everyday conversation.,other,B2,63.22,590,8759,SUBTLEX-US + OpenSubtitles 2018
2161,intended,의도된,You'll hear the word 'intended' often in everyday conversation.,other,B2,63.22,601,8563,SUBTLEX-US + OpenSubtitles 2018
2162,salary,녹봉,You'll hear the word 'salary' often in everyday conversation.,other,B2,63.21,548,9710,SUBTLEX-US + OpenSubtitles 2018
2163,drain,출비,You'll hear the word 'drain' often in everyday conversation.,other,B2,63.21,587,8779,SUBTLEX-US + OpenSubtitles 2018
2164,indeed,설마,You'll hear the word 'indeed' often in everyday conversation.,other,A2,63.2,2065,41591,SUBTLEX-US + OpenSubtitles 2018
2165,slept,잠을 잤다,You'll hear the word 'slept' often in everyday conversation.,other,C2,63.2,1810,27077,SUBTLEX-US + OpenSubtitles 2018
2166,basically,기본적으로,"Basically, we need more time.",other,A2,63.2,1327,26461,SUBTLEX-US + OpenSubtitles 2018
2167,operations,운영,You'll hear the word 'operations' often in everyday conversation.,other,B2,63.2,600,8461,SUBTLEX-US + OpenSubtitles 2018
2168,mankind,인류,You'll hear the word 'mankind' often in everyday conversation.,other,B1,63.2,447,7803,SUBTLEX-US + OpenSubtitles 2018
2169,sooner,더 빨리,You'll hear the word 'sooner' often in everyday conversation.,other,C2,63.19,1891,25236,SUBTLEX-US + OpenSubtitles 2018
2170,bills,청구서,You'll hear the word 'bills' often in everyday conversation.,other,C1,63.19,1096,13286,SUBTLEX-US + OpenSubtitles 2018
2171,plants,식물,You'll hear the word 'plants' often in everyday conversation.,other,B2,63.19,488,11419,SUBTLEX-US + OpenSubtitles 2018
2172,goat,여소,You'll hear the word 'goat' often in everyday conversation.,other,B2,63.19,537,9922,SUBTLEX-US + OpenSubtitles 2018
2173,profession,공언,You'll hear the word 'profession' often in everyday conversation.,other,B1,63.19,461,7420,SUBTLEX-US + OpenSubtitles 2018
2174,compete,경쟁하다,You'll hear the word 'compete' often in everyday conversation.,other,B1,63.19,461,7406,SUBTLEX-US + OpenSubtitles 2018
2175,telegram,전보,You'll hear the word 'telegram' often in everyday conversation.,,B1,63.19,534,5961,SUBTLEX-US + OpenSubtitles 2018
2176,pushing,미는,You'll hear the word 'pushing' often in everyday conversation.,other,C1,63.18,978,15648,SUBTLEX-US + OpenSubtitles 2018
2177,custody,감금,You'll hear the word 'custody' often in everyday conversation.,other,C1,63.18,982,15562,SUBTLEX-US + OpenSubtitles 2018
2178,canada,캐나다,You'll hear the word 'canada' often in everyday conversation.,other,B2,63.18,550,9533,SUBTLEX-US + OpenSubtitles 2018
2179,multiple,다중적,You'll hear the word 'multiple' often in everyday conversation.,other,B2,63.18,555,9370,SUBTLEX-US + OpenSubtitles 2018
2180,necessarily,기필코,You'll hear the word 'necessarily' often in everyday conversation.,other,B2,63.18,575,8933,SUBTLEX-US + OpenSubtitles 2018
2181,wishes,소원,You'll hear the word 'wishes' often in everyday conversation.,other,C1,63.17,940,16453,SUBTLEX-US + OpenSubtitles 2018
2182,rusty,녹슨,You'll hear the word 'rusty' often in everyday conversation.,other,B2,63.17,657,7276,SUBTLEX-US + OpenSubtitles 2018
2183,hopeless,절감의,You'll hear the word 'hopeless' often in everyday conversation.,,B1,63.17,456,7445,SUBTLEX-US + OpenSubtitles 2018
2184,melt,녹이다,You'll hear the word 'melt' often in everyday conversation.,other,B1,63.17,467,7185,SUBTLEX-US + OpenSubtitles 2018
2185,phrase,성구,You'll hear the word 'phrase' often in everyday conversation.,other,B1,63.17,492,6650,SUBTLEX-US + OpenSubtitles 2018
2186,dressed,옷을 입은,You'll hear the word 'dressed' often in everyday conversation.,other,A2,63.16,2394,32547,SUBTLEX-US + OpenSubtitles 2018
2187,investigate,조사하다,You'll hear the word 'investigate' often in everyday conversation.,other,B2,63.16,494,11034,SUBTLEX-US + OpenSubtitles 2018
2188,erase,말살하다,You'll hear the word 'erase' often in everyday conversation.,other,B2,63.16,568,8971,SUBTLEX-US + OpenSubtitles 2018
2189,glorious,장려한,You'll hear the word 'glorious' often in everyday conversation.,other,B1,63.16,474,6982,SUBTLEX-US + OpenSubtitles 2018
2190,confusing,당황케하는,You'll hear the word 'confusing' often in everyday conversation.,other,B1,63.16,502,6410,SUBTLEX-US + OpenSubtitles 2018
2191,sons,아들,You'll hear the word 'sons' often in everyday conversation.,other,C1,63.15,921,16815,SUBTLEX-US + OpenSubtitles 2018
2192,jokes,농담,You'll hear the word 'jokes' often in everyday conversation.,other,C1,63.15,1040,14047,SUBTLEX-US + OpenSubtitles 2018
2193,mortal,인간의,You'll hear the word 'mortal' often in everyday conversation.,other,B2,63.15,608,8056,SUBTLEX-US + OpenSubtitles 2018
2194,kindness,친절,You'll hear the word 'kindness' often in everyday conversation.,other,B1,63.15,463,7173,SUBTLEX-US + OpenSubtitles 2018
2195,associate,연관시키다,You'll hear the word 'associate' often in everyday conversation.,other,B1,63.15,485,6697,SUBTLEX-US + OpenSubtitles 2018
2196,recovery,간척,You'll hear the word 'recovery' often in everyday conversation.,other,B1,63.14,467,7052,SUBTLEX-US + OpenSubtitles 2018
2197,wins,승리,You'll hear the word 'wins' often in everyday conversation.,other,C1,63.13,988,14921,SUBTLEX-US + OpenSubtitles 2018
2198,humble,겸손한,You'll hear the word 'humble' often in everyday conversation.,other,B2,63.13,566,8877,SUBTLEX-US + OpenSubtitles 2018
2199,arrangement,배열,You'll hear the word 'arrangement' often in everyday conversation.,other,B1,63.13,482,6715,SUBTLEX-US + OpenSubtitles 2018
2200,nope,아니,You'll hear the word 'nope' often in everyday conversation.,other,C2,63.12,1783,26427,SUBTLEX-US + OpenSubtitles 2018
2201,lance,창,You'll hear the word 'lance' often in everyday conversation.,,B2,63.12,592,8268,SUBTLEX-US + OpenSubtitles 2018
2202,storage,저장,You'll hear the word 'storage' often in everyday conversation.,other,B1,63.12,453,7281,SUBTLEX-US + OpenSubtitles 2018
2203,motorcycle,오토바이,You'll hear the word 'motorcycle' often in everyday conversation.,other,B1,63.12,456,7221,SUBTLEX-US + OpenSubtitles 2018
2204,tub,동이,You'll hear the word 'tub' often in everyday conversation.,other,B2,63.12,664,6944,SUBTLEX-US + OpenSubtitles 2018
2205,conclusion,결론,You'll hear the word 'conclusion' often in everyday conversation.,other,B1,63.12,465,7018,SUBTLEX-US + OpenSubtitles 2018
2206,cheer,쾌활,You'll hear the word 'cheer' often in everyday conversation.,other,A2,63.11,1705,52220,SUBTLEX-US + OpenSubtitles 2018
2207,account,계정,You'll hear the word 'account' often in everyday conversation.,other,A2,63.11,2280,34088,SUBTLEX-US + OpenSubtitles 2018
2208,kills,죽이다,You'll hear the word 'kills' often in everyday conversation.,other,C1,63.11,1015,14233,SUBTLEX-US + OpenSubtitles 2018
2209,naughty,못된 나쁜,You'll hear the word 'naughty' often in everyday conversation.,other,B2,63.11,523,9829,SUBTLEX-US + OpenSubtitles 2018
2210,radiation,발광,You'll hear the word 'radiation' often in everyday conversation.,other,B1,63.11,421,8107,SUBTLEX-US + OpenSubtitles 2018
2211,shrimp,새우,You'll hear the word 'shrimp' often in everyday conversation.,other,B1,63.11,495,6381,SUBTLEX-US + OpenSubtitles 2018
2212,local,지역의,You'll hear the word 'local' often in everyday conversation.,other,A2,63.1,2131,37344,SUBTLEX-US + OpenSubtitles 2018
2213,connected,관련하여,You'll hear the word 'connected' often in everyday conversation.,other,C1,63.1,881,17429,SUBTLEX-US + OpenSubtitles 2018
2214,virgin,처녀인,You'll hear the word 'virgin' often in everyday conversation.,other,C1,63.1,961,15276,SUBTLEX-US + OpenSubtitles 2018
2215,grip,핸들,You'll hear the word 'grip' often in everyday conversation.,other,B2,63.1,579,8435,SUBTLEX-US + OpenSubtitles 2018
2216,reservation,보류,You'll hear the word 'reservation' often in everyday conversation.,other,B1,63.1,526,5770,SUBTLEX-US + OpenSubtitles 2018
2217,colour,본심,You'll hear the word 'colour' often in everyday conversation.,other,B2,63.09,465,11591,SUBTLEX-US + OpenSubtitles 2018
2218,sweep,장대,You'll hear the word 'sweep' often in everyday conversation.,other,B2,63.09,593,8085,SUBTLEX-US + OpenSubtitles 2018
2219,dip,담그다,You'll hear the word 'dip' often in everyday conversation.,other,B2,63.09,598,7982,SUBTLEX-US + OpenSubtitles 2018
2220,internet,인터넷,You'll hear the word 'internet' often in everyday conversation.,other,B2,63.08,334,18765,SUBTLEX-US + OpenSubtitles 2018
2221,education,교육,That's the education we were talking about.,noun,A2,63.08,1002,16326,SUBTLEX-US + OpenSubtitles 2018
2222,seats,좌석,You'll hear the word 'seats' often in everyday conversation.,other,C1,63.08,1110,12199,SUBTLEX-US + OpenSubtitles 2018
2223,payment,급부,You'll hear the word 'payment' often in everyday conversation.,other,B2,63.08,538,9305,SUBTLEX-US + OpenSubtitles 2018
2224,lame,절름발이의,You'll hear the word 'lame' often in everyday conversation.,other,B2,63.08,562,8681,SUBTLEX-US + OpenSubtitles 2018
2225,arrival,내도,You'll hear the word 'arrival' often in everyday conversation.,other,B1,63.08,422,7898,SUBTLEX-US + OpenSubtitles 2018
2226,lawn,잔디,You'll hear the word 'lawn' often in everyday conversation.,other,B2,63.08,687,6453,SUBTLEX-US + OpenSubtitles 2018
2227,village,마을,You'll hear the word 'village' often in everyday conversation.,other,A2,63.07,1712,50792,SUBTLEX-US + OpenSubtitles 2018
2228,forbidden,금단의,You'll hear the word 'forbidden' often in everyday conversation.,other,B1,63.07,387,8938,SUBTLEX-US + OpenSubtitles 2018
2229,collapse,붕괴하다,You'll hear the word 'collapse' often in everyday conversation.,other,B1,63.07,397,8611,SUBTLEX-US + OpenSubtitles 2018
2230,determine,결정하다,You'll hear the word 'determine' often in everyday conversation.,other,B1,63.07,428,7695,SUBTLEX-US + OpenSubtitles 2018
2231,physics,물리학,You'll hear the word 'physics' often in everyday conversation.,other,B1,63.07,482,6452,SUBTLEX-US + OpenSubtitles 2018
2232,itself,그것 자체,You'll hear the word 'itself' often in everyday conversation.,other,A2,63.06,2029,39330,SUBTLEX-US + OpenSubtitles 2018
2233,levels,수준,You'll hear the word 'levels' often in everyday conversation.,other,B2,63.06,527,9454,SUBTLEX-US + OpenSubtitles 2018
2234,plead,답변하다,You'll hear the word 'plead' often in everyday conversation.,,B2,63.06,569,8435,SUBTLEX-US + OpenSubtitles 2018
2235,stir,뒤섞다,You'll hear the word 'stir' often in everyday conversation.,other,B1,63.06,459,6896,SUBTLEX-US + OpenSubtitles 2018
2236,clip,클립,You'll hear the word 'clip' often in everyday conversation.,other,B1,63.06,462,6846,SUBTLEX-US + OpenSubtitles 2018
2237,although,비록 ~이지만,You'll hear the word 'although' often in everyday conversation.,conjunction,A2,63.05,2143,36046,SUBTLEX-US + OpenSubtitles 2018
2238,beyond,너머,You'll hear the word 'beyond' often in everyday conversation.,other,A2,63.05,2201,34595,SUBTLEX-US + OpenSubtitles 2018
2239,paperwork,서류 작업,You'll hear the word 'paperwork' often in everyday conversation.,other,B2,63.05,531,9301,SUBTLEX-US + OpenSubtitles 2018
2240,unconscious,무의식의,You'll hear the word 'unconscious' often in everyday conversation.,other,B2,63.05,583,8112,SUBTLEX-US + OpenSubtitles 2018
2241,stiff,시체,You'll hear the word 'stiff' often in everyday conversation.,other,B2,63.05,621,7380,SUBTLEX-US + OpenSubtitles 2018
2242,grunt,해병대원,You'll hear the word 'grunt' often in everyday conversation.,,C2,63.04,736,93800,SUBTLEX-US + OpenSubtitles 2018
2243,military,군사의,You'll hear the word 'military' often in everyday conversation.,other,A2,63.04,2108,36733,SUBTLEX-US + OpenSubtitles 2018
2244,comfortable,안락하다,You'll hear the word 'comfortable' often in everyday conversation.,other,A2,63.04,2408,30156,SUBTLEX-US + OpenSubtitles 2018
2245,likely,아마,It's likely to rain later.,other,A2,63.04,1314,24527,SUBTLEX-US + OpenSubtitles 2018
2246,atlantic,대서양의,You'll hear the word 'atlantic' often in everyday conversation.,other,B1,63.04,504,5960,SUBTLEX-US + OpenSubtitles 2018
2247,searching,수색,You'll hear the word 'searching' often in everyday conversation.,other,C1,63.03,856,17430,SUBTLEX-US + OpenSubtitles 2018
2248,blowing,취주,You'll hear the word 'blowing' often in everyday conversation.,other,C1,63.03,921,15705,SUBTLEX-US + OpenSubtitles 2018
2249,nicely,꼼꼼하게,You'll hear the word 'nicely' often in everyday conversation.,other,B2,63.03,510,9761,SUBTLEX-US + OpenSubtitles 2018
2250,crow,환성,You'll hear the word 'crow' often in everyday conversation.,other,B1,63.03,396,8429,SUBTLEX-US + OpenSubtitles 2018
2251,infection,감염증,You'll hear the word 'infection' often in everyday conversation.,other,B1,63.03,446,7108,SUBTLEX-US + OpenSubtitles 2018
2252,accidentally,우연히,You'll hear the word 'accidentally' often in everyday conversation.,other,B1,63.03,449,7018,SUBTLEX-US + OpenSubtitles 2018
2253,crowd,군중,You'll hear the word 'crowd' often in everyday conversation.,other,A2,63.02,1963,40354,SUBTLEX-US + OpenSubtitles 2018
2254,credit,신용장,You'll hear the word 'credit' often in everyday conversation.,other,A2,63.02,2340,31029,SUBTLEX-US + OpenSubtitles 2018
2255,core,자심,You'll hear the word 'core' often in everyday conversation.,other,B2,63.02,501,9939,SUBTLEX-US + OpenSubtitles 2018
2256,neat,간결한,You'll hear the word 'neat' often in everyday conversation.,other,B2,63.02,635,7027,SUBTLEX-US + OpenSubtitles 2018
2257,outer,과녁 밖,You'll hear the word 'outer' often in everyday conversation.,other,B1,63.02,463,6677,SUBTLEX-US + OpenSubtitles 2018
2258,nancy,호모,You'll hear the word 'nancy' often in everyday conversation.,other,C1,63.01,1087,12149,SUBTLEX-US + OpenSubtitles 2018
2259,meetings,회의,You'll hear the word 'meetings' often in everyday conversation.,other,B2,63.01,530,9099,SUBTLEX-US + OpenSubtitles 2018
2260,beam,도리,You'll hear the word 'beam' often in everyday conversation.,other,B2,63.01,535,9004,SUBTLEX-US + OpenSubtitles 2018
2261,lung,폐,You'll hear the word 'lung' often in everyday conversation.,other,B1,63.01,435,7269,SUBTLEX-US + OpenSubtitles 2018
2262,stuffed,채워진,You'll hear the word 'stuffed' often in everyday conversation.,other,B1,63.01,441,7114,SUBTLEX-US + OpenSubtitles 2018
2263,deed,증권,You'll hear the word 'deed' often in everyday conversation.,other,B1,63.01,478,6333,SUBTLEX-US + OpenSubtitles 2018
2264,boots,부츠,You'll hear the word 'boots' often in everyday conversation.,other,C1,63.0,977,14143,SUBTLEX-US + OpenSubtitles 2018
2265,computers,컴퓨터,You'll hear the word 'computers' often in everyday conversation.,other,B2,63.0,551,8561,SUBTLEX-US + OpenSubtitles 2018
2266,missile,미사일,You'll hear the word 'missile' often in everyday conversation.,other,B2,63.0,670,6395,SUBTLEX-US + OpenSubtitles 2018
2267,strike,쬐다,You'll hear the word 'strike' often in everyday conversation.,other,A2,62.99,2328,30801,SUBTLEX-US + OpenSubtitles 2018
2268,visitors,방문자,You'll hear the word 'visitors' often in everyday conversation.,other,B2,62.99,506,9662,SUBTLEX-US + OpenSubtitles 2018
2269,bothered,괴로운,You'll hear the word 'bothered' often in everyday conversation.,other,B2,62.99,531,8977,SUBTLEX-US + OpenSubtitles 2018
2270,emotion,감정,You'll hear the word 'emotion' often in everyday conversation.,other,B1,62.99,423,7482,SUBTLEX-US + OpenSubtitles 2018
2271,philosophy,철학,You'll hear the word 'philosophy' often in everyday conversation.,other,B1,62.99,448,6877,SUBTLEX-US + OpenSubtitles 2018
2272,dated,날짜 있는,You'll hear the word 'dated' often in everyday conversation.,other,B2,62.98,598,7478,SUBTLEX-US + OpenSubtitles 2018
2273,tension,긴장,You'll hear the word 'tension' often in everyday conversation.,other,B1,62.98,436,7107,SUBTLEX-US + OpenSubtitles 2018
2274,broadcast,방송,You'll hear the word 'broadcast' often in everyday conversation.,other,B1,62.98,457,6639,SUBTLEX-US + OpenSubtitles 2018
2275,director,중역,You'll hear the word 'director' often in everyday conversation.,other,A2,62.97,1834,43294,SUBTLEX-US + OpenSubtitles 2018
2276,trained,훈련된,You'll hear the word 'trained' often in everyday conversation.,other,C1,62.97,962,14156,SUBTLEX-US + OpenSubtitles 2018
2277,studies,연구,You'll hear the word 'studies' often in everyday conversation.,other,B2,62.97,477,10402,SUBTLEX-US + OpenSubtitles 2018
2278,speed,속도,You'll hear the word 'speed' often in everyday conversation.,other,A2,62.96,2113,34963,SUBTLEX-US + OpenSubtitles 2018
2279,pack,다발,You'll hear the word 'pack' often in everyday conversation.,other,A2,62.96,2235,32110,SUBTLEX-US + OpenSubtitles 2018
2280,thomas,토마스,You'll hear the word 'thomas' often in everyday conversation.,,C2,62.96,1636,27442,SUBTLEX-US + OpenSubtitles 2018
2281,rag,래그,You'll hear the word 'rag' often in everyday conversation.,other,B2,62.96,554,8294,SUBTLEX-US + OpenSubtitles 2018
2282,reporting,보고,You'll hear the word 'reporting' often in everyday conversation.,other,B2,62.96,589,7562,SUBTLEX-US + OpenSubtitles 2018
2283,eastern,동쪽의,You'll hear the word 'eastern' often in everyday conversation.,other,B1,62.96,414,7614,SUBTLEX-US + OpenSubtitles 2018
2284,invasion,침략,You'll hear the word 'invasion' often in everyday conversation.,other,B1,62.96,443,6875,SUBTLEX-US + OpenSubtitles 2018
2285,lobby,로비,You'll hear the word 'lobby' often in everyday conversation.,other,B2,62.96,659,6408,SUBTLEX-US + OpenSubtitles 2018
2286,breaks,휴식,You'll hear the word 'breaks' often in everyday conversation.,other,C1,62.95,960,14045,SUBTLEX-US + OpenSubtitles 2018
2287,budget,한묶음,You'll hear the word 'budget' often in everyday conversation.,other,B2,62.95,521,9026,SUBTLEX-US + OpenSubtitles 2018
2288,strangle,교살하다,You'll hear the word 'strangle' often in everyday conversation.,,B2,62.95,558,8160,SUBTLEX-US + OpenSubtitles 2018
2289,operating,수술실,You'll hear the word 'operating' often in everyday conversation.,other,B2,62.95,582,7681,SUBTLEX-US + OpenSubtitles 2018
2290,natural,자연의,You'll hear the word 'natural' often in everyday conversation.,other,A2,62.94,2160,33540,SUBTLEX-US + OpenSubtitles 2018
2291,belong,에속하다,You'll hear the word 'belong' often in everyday conversation.,other,A2,62.94,2263,31225,SUBTLEX-US + OpenSubtitles 2018
2292,cats,고양이,You'll hear the word 'cats' often in everyday conversation.,other,C1,62.94,1006,13076,SUBTLEX-US + OpenSubtitles 2018
2293,illness,질병,You'll hear the word 'illness' often in everyday conversation.,other,B1,62.94,371,8825,SUBTLEX-US + OpenSubtitles 2018
2294,executive,경영진,You'll hear the word 'executive' often in everyday conversation.,other,B2,62.94,541,8515,SUBTLEX-US + OpenSubtitles 2018
2295,electrical,전기의,You'll hear the word 'electrical' often in everyday conversation.,other,B1,62.94,440,6880,SUBTLEX-US + OpenSubtitles 2018
2296,lets,허락하다,You'll hear the word 'lets' often in everyday conversation.,other,C1,62.93,918,14876,SUBTLEX-US + OpenSubtitles 2018
2297,albert,앨버트공,You'll hear the word 'albert' often in everyday conversation.,other,C1,62.93,949,14140,SUBTLEX-US + OpenSubtitles 2018
2298,groups,그룹,You'll hear the word 'groups' often in everyday conversation.,other,B2,62.93,471,10365,SUBTLEX-US + OpenSubtitles 2018
2299,jewelry,보석류,You'll hear the word 'jewelry' often in everyday conversation.,other,B2,62.93,564,7964,SUBTLEX-US + OpenSubtitles 2018
2300,relative,인척,You'll hear the word 'relative' often in everyday conversation.,other,B1,62.93,397,7928,SUBTLEX-US + OpenSubtitles 2018
2301,nickname,별명,You'll hear the word 'nickname' often in everyday conversation.,other,B1,62.93,429,7100,SUBTLEX-US + OpenSubtitles 2018
2302,salesman,외판원,You'll hear the word 'salesman' often in everyday conversation.,,B1,62.93,532,5170,SUBTLEX-US + OpenSubtitles 2018
2303,characters,문자,You'll hear the word 'characters' often in everyday conversation.,other,B2,62.92,486,9847,SUBTLEX-US + OpenSubtitles 2018
2304,dining,외식,You'll hear the word 'dining' often in everyday conversation.,other,B2,62.92,598,7250,SUBTLEX-US + OpenSubtitles 2018
2305,tournament,마상시합,You'll hear the word 'tournament' often in everyday conversation.,other,B1,62.92,464,6273,SUBTLEX-US + OpenSubtitles 2018
2306,currently,목하,You'll hear the word 'currently' often in everyday conversation.,other,B1,62.91,351,9421,SUBTLEX-US + OpenSubtitles 2018
2307,roommate,동숙인,You'll hear the word 'roommate' often in everyday conversation.,other,B2,62.91,581,7535,SUBTLEX-US + OpenSubtitles 2018
2308,tables,표,You'll hear the word 'tables' often in everyday conversation.,other,B2,62.91,599,7196,SUBTLEX-US + OpenSubtitles 2018
2309,bore,총구멍,You'll hear the word 'bore' often in everyday conversation.,other,B1,62.91,436,6828,SUBTLEX-US + OpenSubtitles 2018
2310,vega,베가,You'll hear the word 'vega' often in everyday conversation.,other,C2,62.9,2170,17442,SUBTLEX-US + OpenSubtitles 2018
2311,feast,잔치,You'll hear the word 'feast' often in everyday conversation.,other,B1,62.9,384,8205,SUBTLEX-US + OpenSubtitles 2018
2312,discipline,규율,You'll hear the word 'discipline' often in everyday conversation.,other,B2,62.9,563,7845,SUBTLEX-US + OpenSubtitles 2018
2313,tricks,요령,You'll hear the word 'tricks' often in everyday conversation.,other,C1,62.89,969,13428,SUBTLEX-US + OpenSubtitles 2018
2314,vic,자형 편대,You'll hear the word 'vic' often in everyday conversation.,other,C1,62.89,1026,12342,SUBTLEX-US + OpenSubtitles 2018
2315,earl,백작,You'll hear the word 'earl' often in everyday conversation.,other,C1,62.89,1054,11808,SUBTLEX-US + OpenSubtitles 2018
2316,clothing,의료,You'll hear the word 'clothing' often in everyday conversation.,other,B2,62.89,556,7940,SUBTLEX-US + OpenSubtitles 2018
2317,plague,말썽,You'll hear the word 'plague' often in everyday conversation.,other,B2,62.89,555,7939,SUBTLEX-US + OpenSubtitles 2018
2318,arrow,화살표,You'll hear the word 'arrow' often in everyday conversation.,other,B1,62.89,401,7670,SUBTLEX-US + OpenSubtitles 2018
2319,herd,무리,You'll hear the word 'herd' often in everyday conversation.,other,B1,62.89,432,6848,SUBTLEX-US + OpenSubtitles 2018
2320,pat,다독거리다,You'll hear the word 'pat' often in everyday conversation.,other,C1,62.88,1003,12641,SUBTLEX-US + OpenSubtitles 2018
2321,soviet,소비에트,You'll hear the word 'soviet' often in everyday conversation.,other,B2,62.88,450,10746,SUBTLEX-US + OpenSubtitles 2018
2322,pale,창백하다,You'll hear the word 'pale' often in everyday conversation.,other,B1,62.88,409,7382,SUBTLEX-US + OpenSubtitles 2018
2323,dallas,댈러스,You'll hear the word 'dallas' often in everyday conversation.,other,B2,62.88,711,5473,SUBTLEX-US + OpenSubtitles 2018
2324,perfectly,완전히,You'll hear the word 'perfectly' often in everyday conversation.,other,A2,62.87,2206,31201,SUBTLEX-US + OpenSubtitles 2018
2325,rank,계급,You'll hear the word 'rank' often in everyday conversation.,other,B1,62.87,433,6755,SUBTLEX-US + OpenSubtitles 2018
2326,civilian,공민,You'll hear the word 'civilian' often in everyday conversation.,other,B1,62.87,479,5833,SUBTLEX-US + OpenSubtitles 2018
2327,polish,닦다,You'll hear the word 'polish' often in everyday conversation.,other,B2,62.86,500,9090,SUBTLEX-US + OpenSubtitles 2018
2328,scholarship,학식,You'll hear the word 'scholarship' often in everyday conversation.,other,B1,62.86,507,5324,SUBTLEX-US + OpenSubtitles 2018
2329,holmes,홈스명탐정,You'll hear the word 'holmes' often in everyday conversation.,other,C1,62.85,1295,8509,SUBTLEX-US + OpenSubtitles 2018
2330,dignity,관록,You'll hear the word 'dignity' often in everyday conversation.,other,B2,62.85,551,7850,SUBTLEX-US + OpenSubtitles 2018
2331,aggressive,공격적,You'll hear the word 'aggressive' often in everyday conversation.,other,B1,62.85,405,7383,SUBTLEX-US + OpenSubtitles 2018
2332,carriage,객차,You'll hear the word 'carriage' often in everyday conversation.,other,B1,62.85,413,7172,SUBTLEX-US + OpenSubtitles 2018
2333,formal,딱딱하다,You'll hear the word 'formal' often in everyday conversation.,other,B1,62.85,426,6824,SUBTLEX-US + OpenSubtitles 2018
2334,strawberry,양딸기,You'll hear the word 'strawberry' often in everyday conversation.,other,B1,62.85,482,5688,SUBTLEX-US + OpenSubtitles 2018
2335,execution,수행,You'll hear the word 'execution' often in everyday conversation.,other,B2,62.84,554,7738,SUBTLEX-US + OpenSubtitles 2018
2336,disappoint,실망시키다,You'll hear the word 'disappoint' often in everyday conversation.,other,B1,62.84,447,6340,SUBTLEX-US + OpenSubtitles 2018
2337,travel,여행,You'll hear the word 'travel' often in everyday conversation.,other,A2,62.83,1900,38064,SUBTLEX-US + OpenSubtitles 2018
2338,disgust,역겨움,You'll hear the word 'disgust' often in everyday conversation.,,C2,62.83,1614,26009,SUBTLEX-US + OpenSubtitles 2018
2339,arts,예술,You'll hear the word 'arts' often in everyday conversation.,other,B2,62.83,470,9831,SUBTLEX-US + OpenSubtitles 2018
2340,constant,상수,You'll hear the word 'constant' often in everyday conversation.,other,B2,62.83,506,8796,SUBTLEX-US + OpenSubtitles 2018
2341,trailer,만초,You'll hear the word 'trailer' often in everyday conversation.,other,B2,62.83,579,7200,SUBTLEX-US + OpenSubtitles 2018
2342,graduation,졸업,You'll hear the word 'graduation' often in everyday conversation.,other,B1,62.83,507,5220,SUBTLEX-US + OpenSubtitles 2018
2343,begins,시작하다,You'll hear the word 'begins' often in everyday conversation.,other,C1,62.82,844,15758,SUBTLEX-US + OpenSubtitles 2018
2344,theft,도둑질,You'll hear the word 'theft' often in everyday conversation.,other,B1,62.82,372,8209,SUBTLEX-US + OpenSubtitles 2018
2345,coal,석탄,You'll hear the word 'coal' often in everyday conversation.,other,B1,62.82,384,7825,SUBTLEX-US + OpenSubtitles 2018
2346,frustrated,바질바질,I'm getting really frustrated.,other,B1,62.82,255,4753,SUBTLEX-US + OpenSubtitles 2018
2347,several,몇몇,You'll hear the word 'several' often in everyday conversation.,other,A2,62.81,1981,35232,SUBTLEX-US + OpenSubtitles 2018
2348,manager,관리자,You'll hear the word 'manager' often in everyday conversation.,other,A2,62.81,2038,33775,SUBTLEX-US + OpenSubtitles 2018
2349,tie,기반,You'll hear the word 'tie' often in everyday conversation.,other,A2,62.81,2267,28920,SUBTLEX-US + OpenSubtitles 2018
2350,avoid,피하다,I'm trying to avoid traffic.,other,A2,62.81,1239,23374,SUBTLEX-US + OpenSubtitles 2018
2351,degrees,학위,You'll hear the word 'degrees' often in everyday conversation.,other,C1,62.81,918,13842,SUBTLEX-US + OpenSubtitles 2018
2352,northern,북진의,You'll hear the word 'northern' often in everyday conversation.,other,B1,62.81,362,8488,SUBTLEX-US + OpenSubtitles 2018
2353,mere,단순한,You'll hear the word 'mere' often in everyday conversation.,other,B1,62.81,402,7287,SUBTLEX-US + OpenSubtitles 2018
2354,bare,결핍된,You'll hear the word 'bare' often in everyday conversation.,other,B1,62.81,425,6720,SUBTLEX-US + OpenSubtitles 2018
2355,shout,소리침,You'll hear the word 'shout' often in everyday conversation.,other,A2,62.8,1583,48964,SUBTLEX-US + OpenSubtitles 2018
2356,oil,기름,You'll hear the word 'oil' often in everyday conversation.,other,A2,62.8,2127,31646,SUBTLEX-US + OpenSubtitles 2018
2357,registered,기명의,You'll hear the word 'registered' often in everyday conversation.,other,B2,62.8,517,8379,SUBTLEX-US + OpenSubtitles 2018
2358,liquid,맑은,You'll hear the word 'liquid' often in everyday conversation.,other,B1,62.8,395,7435,SUBTLEX-US + OpenSubtitles 2018
2359,presents,선물,You'll hear the word 'presents' often in everyday conversation.,other,C1,62.79,973,12544,SUBTLEX-US + OpenSubtitles 2018
2360,oath,맹세,You'll hear the word 'oath' often in everyday conversation.,other,B2,62.79,523,8172,SUBTLEX-US + OpenSubtitles 2018
2361,principle,원칙,You'll hear the word 'principle' often in everyday conversation.,other,B1,62.79,404,7132,SUBTLEX-US + OpenSubtitles 2018
2362,hills,언덕,You'll hear the word 'hills' often in everyday conversation.,other,C1,62.78,1027,11575,SUBTLEX-US + OpenSubtitles 2018
2363,soil,토양,You'll hear the word 'soil' often in everyday conversation.,other,B2,62.78,456,9984,SUBTLEX-US + OpenSubtitles 2018
2364,shield,방패,You'll hear the word 'shield' often in everyday conversation.,other,B2,62.78,486,9079,SUBTLEX-US + OpenSubtitles 2018
2365,added,추가된,You'll hear the word 'added' often in everyday conversation.,other,B2,62.78,492,8891,SUBTLEX-US + OpenSubtitles 2018
2366,handling,손질,You'll hear the word 'handling' often in everyday conversation.,other,B2,62.78,579,7022,SUBTLEX-US + OpenSubtitles 2018
2367,magician,요술쟁이,You'll hear the word 'magician' often in everyday conversation.,other,B1,62.78,435,6357,SUBTLEX-US + OpenSubtitles 2018
2368,specifically,명수,You'll hear the word 'specifically' often in everyday conversation.,other,B2,62.77,524,8092,SUBTLEX-US + OpenSubtitles 2018
2369,identified,확인된,You'll hear the word 'identified' often in everyday conversation.,other,B2,62.77,524,8056,SUBTLEX-US + OpenSubtitles 2018
2370,congratulate,경축하다,You'll hear the word 'congratulate' often in everyday conversation.,,B1,62.77,427,6525,SUBTLEX-US + OpenSubtitles 2018
2371,priority,우선순위,You'll hear the word 'priority' often in everyday conversation.,other,B2,62.76,519,8157,SUBTLEX-US + OpenSubtitles 2018
2372,concerns,우려,You'll hear the word 'concerns' often in everyday conversation.,other,B2,62.76,521,8115,SUBTLEX-US + OpenSubtitles 2018
2373,stream,스트리밍,You'll hear the word 'stream' often in everyday conversation.,other,B1,62.76,418,6688,SUBTLEX-US + OpenSubtitles 2018
2374,journal,학술지,You'll hear the word 'journal' often in everyday conversation.,other,B1,62.76,453,5943,SUBTLEX-US + OpenSubtitles 2018
2375,global,글로벌,You'll hear the word 'global' often in everyday conversation.,other,B1,62.75,321,9793,SUBTLEX-US + OpenSubtitles 2018
2376,resources,자력,You'll hear the word 'resources' often in everyday conversation.,other,B2,62.75,470,9388,SUBTLEX-US + OpenSubtitles 2018
2377,straw,밀짚,You'll hear the word 'straw' often in everyday conversation.,other,B1,62.75,425,6470,SUBTLEX-US + OpenSubtitles 2018
2378,threatened,위협받는,You'll hear the word 'threatened' often in everyday conversation.,other,C1,62.73,845,14987,SUBTLEX-US + OpenSubtitles 2018
2379,trusted,신뢰할 수 있는,You'll hear the word 'trusted' often in everyday conversation.,other,C1,62.73,856,14722,SUBTLEX-US + OpenSubtitles 2018
2380,believes,믿다,You'll hear the word 'believes' often in everyday conversation.,other,C1,62.73,885,13985,SUBTLEX-US + OpenSubtitles 2018
2381,walks,산책,You'll hear the word 'walks' often in everyday conversation.,other,C1,62.73,936,12837,SUBTLEX-US + OpenSubtitles 2018
2382,areas,지역,You'll hear the word 'areas' often in everyday conversation.,other,B2,62.73,456,9709,SUBTLEX-US + OpenSubtitles 2018
2383,entertain,간직하다,You'll hear the word 'entertain' often in everyday conversation.,other,B1,62.73,444,6003,SUBTLEX-US + OpenSubtitles 2018
2384,chemistry,화학,You'll hear the word 'chemistry' often in everyday conversation.,other,B1,62.73,444,5989,SUBTLEX-US + OpenSubtitles 2018
2385,fantastic,원대,You'll hear the word 'fantastic' often in everyday conversation.,other,A2,62.72,2029,32288,SUBTLEX-US + OpenSubtitles 2018
2386,opinion,의견,You'll hear the word 'opinion' often in everyday conversation.,other,A2,62.72,2143,29749,SUBTLEX-US + OpenSubtitles 2018
2387,belief,믿음,You'll hear the word 'belief' often in everyday conversation.,other,B1,62.72,388,7284,SUBTLEX-US + OpenSubtitles 2018
2388,cuff,수갑,You'll hear the word 'cuff' often in everyday conversation.,other,B2,62.72,592,6547,SUBTLEX-US + OpenSubtitles 2018
2389,asks,묻다,You'll hear the word 'asks' often in everyday conversation.,other,C1,62.71,852,14655,SUBTLEX-US + OpenSubtitles 2018
2390,leap,뛰기,You'll hear the word 'leap' often in everyday conversation.,other,B2,62.71,513,8029,SUBTLEX-US + OpenSubtitles 2018
2391,crab,게살,You'll hear the word 'crab' often in everyday conversation.,other,B2,62.71,525,7768,SUBTLEX-US + OpenSubtitles 2018
2392,candle,등불,You'll hear the word 'candle' often in everyday conversation.,other,B1,62.71,409,6692,SUBTLEX-US + OpenSubtitles 2018
2393,dime,10센트,You'll hear the word 'dime' often in everyday conversation.,other,B2,62.71,615,6143,SUBTLEX-US + OpenSubtitles 2018
2394,disappeared,사라졌다,You'll hear the word 'disappeared' often in everyday conversation.,other,C2,62.7,1469,27695,SUBTLEX-US + OpenSubtitles 2018
2395,rattle,수다,You'll hear the word 'rattle' often in everyday conversation.,,B2,62.7,414,11001,SUBTLEX-US + OpenSubtitles 2018
2396,mock,모방,You'll hear the word 'mock' often in everyday conversation.,other,B2,62.7,510,8061,SUBTLEX-US + OpenSubtitles 2018
2397,roast,볶다,You'll hear the word 'roast' often in everyday conversation.,other,B2,62.7,551,7187,SUBTLEX-US + OpenSubtitles 2018
2398,convention,관습,You'll hear the word 'convention' often in everyday conversation.,other,B2,62.7,629,5906,SUBTLEX-US + OpenSubtitles 2018
2399,suits,정장,You'll hear the word 'suits' often in everyday conversation.,other,C1,62.69,895,13469,SUBTLEX-US + OpenSubtitles 2018
2400,relieved,안도한,You'll hear the word 'relieved' often in everyday conversation.,other,B2,62.69,524,7707,SUBTLEX-US + OpenSubtitles 2018
2401,significant,중요한,That sounds pretty significant to me.,adjective,A2,62.69,331,7382,SUBTLEX-US + OpenSubtitles 2018
2402,eternity,만년,You'll hear the word 'eternity' often in everyday conversation.,other,B1,62.69,409,6636,SUBTLEX-US + OpenSubtitles 2018
2403,hawaii,하와이,You'll hear the word 'hawaii' often in everyday conversation.,other,B2,62.69,610,6172,SUBTLEX-US + OpenSubtitles 2018
2404,national,국가의,You'll hear the word 'national' often in everyday conversation.,other,A2,62.68,1946,33697,SUBTLEX-US + OpenSubtitles 2018
2405,loaded,짐실은,You'll hear the word 'loaded' often in everyday conversation.,other,C1,62.68,948,12268,SUBTLEX-US + OpenSubtitles 2018
2406,cities,도시,You'll hear the word 'cities' often in everyday conversation.,other,B2,62.68,448,9655,SUBTLEX-US + OpenSubtitles 2018
2407,ultimate,근본의,You'll hear the word 'ultimate' often in everyday conversation.,other,B2,62.68,460,9313,SUBTLEX-US + OpenSubtitles 2018
2408,investment,투자,You'll hear the word 'investment' often in everyday conversation.,other,B2,62.68,497,8308,SUBTLEX-US + OpenSubtitles 2018
2409,orbit,안와,You'll hear the word 'orbit' often in everyday conversation.,other,B1,62.68,356,8094,SUBTLEX-US + OpenSubtitles 2018
2410,hesitate,주저하다,You'll hear the word 'hesitate' often in everyday conversation.,other,B1,62.68,377,7431,SUBTLEX-US + OpenSubtitles 2018
2411,approval,결재,You'll hear the word 'approval' often in everyday conversation.,other,B1,62.68,428,6165,SUBTLEX-US + OpenSubtitles 2018
2412,curiosity,호기심,You'll hear the word 'curiosity' often in everyday conversation.,other,B1,62.68,446,5792,SUBTLEX-US + OpenSubtitles 2018
2413,enjoyed,즐겼다,You'll hear the word 'enjoyed' often in everyday conversation.,other,C1,62.67,926,12603,SUBTLEX-US + OpenSubtitles 2018
2414,owns,소유하다,You'll hear the word 'owns' often in everyday conversation.,other,C1,62.67,976,11717,SUBTLEX-US + OpenSubtitles 2018
2415,leaders,지도층,You'll hear the word 'leaders' often in everyday conversation.,other,B2,62.67,453,9449,SUBTLEX-US + OpenSubtitles 2018
2416,absurd,황당,You'll hear the word 'absurd' often in everyday conversation.,other,B2,62.67,495,8303,SUBTLEX-US + OpenSubtitles 2018
2417,formula,공식,You'll hear the word 'formula' often in everyday conversation.,other,B1,62.67,401,6745,SUBTLEX-US + OpenSubtitles 2018
2418,heat,가열,You'll hear the word 'heat' often in everyday conversation.,other,A2,62.66,2075,30263,SUBTLEX-US + OpenSubtitles 2018
2419,bold,가파른,You'll hear the word 'bold' often in everyday conversation.,other,B1,62.66,386,7100,SUBTLEX-US + OpenSubtitles 2018
2420,flu,독감,You'll hear the word 'flu' often in everyday conversation.,other,B1,62.66,445,5765,SUBTLEX-US + OpenSubtitles 2018
2421,embrace,포용하다,You'll hear the word 'embrace' often in everyday conversation.,other,B2,62.65,458,9183,SUBTLEX-US + OpenSubtitles 2018
2422,rely,의존하다,You'll hear the word 'rely' often in everyday conversation.,other,B1,62.65,366,7632,SUBTLEX-US + OpenSubtitles 2018
2423,clubs,클럽,You'll hear the word 'clubs' often in everyday conversation.,other,B2,62.65,531,7379,SUBTLEX-US + OpenSubtitles 2018
2424,thrilled,흥분한,You'll hear the word 'thrilled' often in everyday conversation.,other,B2,62.65,564,6775,SUBTLEX-US + OpenSubtitles 2018
2425,gosh,기필코,You'll hear the word 'gosh' often in everyday conversation.,,C2,62.64,1525,25335,SUBTLEX-US + OpenSubtitles 2018
2426,cart,운반차,You'll hear the word 'cart' often in everyday conversation.,other,B2,62.64,485,8394,SUBTLEX-US + OpenSubtitles 2018
2427,pierce,찌르기,You'll hear the word 'pierce' often in everyday conversation.,other,C1,62.64,1323,7320,SUBTLEX-US + OpenSubtitles 2018
2428,depression,우울증,You'll hear the word 'depression' often in everyday conversation.,other,B1,62.64,413,6362,SUBTLEX-US + OpenSubtitles 2018
2429,tremendous,대단한,You'll hear the word 'tremendous' often in everyday conversation.,other,B1,62.64,431,5971,SUBTLEX-US + OpenSubtitles 2018
2430,mule,노새,You'll hear the word 'mule' often in everyday conversation.,other,B1,62.64,485,5012,SUBTLEX-US + OpenSubtitles 2018
2431,artists,예술가,You'll hear the word 'artists' often in everyday conversation.,other,B2,62.63,412,10655,SUBTLEX-US + OpenSubtitles 2018
2432,requires,필요로 하다,You'll hear the word 'requires' often in everyday conversation.,other,B2,62.63,489,8269,SUBTLEX-US + OpenSubtitles 2018
2433,minimum,극소,You'll hear the word 'minimum' often in everyday conversation.,other,B1,62.63,417,6209,SUBTLEX-US + OpenSubtitles 2018
2434,enjoying,즐기는,You'll hear the word 'enjoying' often in everyday conversation.,other,C1,62.62,868,13542,SUBTLEX-US + OpenSubtitles 2018
2435,lawyers,변호사,You'll hear the word 'lawyers' often in everyday conversation.,other,C1,62.62,975,11345,SUBTLEX-US + OpenSubtitles 2018
2436,resistance,저항,You'll hear the word 'resistance' often in everyday conversation.,other,B2,62.62,431,9888,SUBTLEX-US + OpenSubtitles 2018
2437,disgrace,무안,You'll hear the word 'disgrace' often in everyday conversation.,,B2,62.62,508,7734,SUBTLEX-US + OpenSubtitles 2018
2438,twisted,꺾이다,You'll hear the word 'twisted' often in everyday conversation.,other,B2,62.62,540,7092,SUBTLEX-US + OpenSubtitles 2018
2439,fortunate,운이 좋은,You'll hear the word 'fortunate' often in everyday conversation.,other,B1,62.62,419,6127,SUBTLEX-US + OpenSubtitles 2018
2440,sides,면,You'll hear the word 'sides' often in everyday conversation.,other,C1,62.61,827,14403,SUBTLEX-US + OpenSubtitles 2018
2441,adults,성인,You'll hear the word 'adults' often in everyday conversation.,other,B2,62.61,488,8185,SUBTLEX-US + OpenSubtitles 2018
2442,serve,봉사하다,You'll hear the word 'serve' often in everyday conversation.,other,A2,62.59,1935,32190,SUBTLEX-US + OpenSubtitles 2018
2443,prisoners,수감자,You'll hear the word 'prisoners' often in everyday conversation.,other,C1,62.59,821,14410,SUBTLEX-US + OpenSubtitles 2018
2444,ram,쇠메,You'll hear the word 'ram' often in everyday conversation.,other,B2,62.59,435,9578,SUBTLEX-US + OpenSubtitles 2018
2445,prior,이전의,You'll hear the word 'prior' often in everyday conversation.,other,B2,62.59,495,7937,SUBTLEX-US + OpenSubtitles 2018
2446,electronic,전자의,You'll hear the word 'electronic' often in everyday conversation.,other,B1,62.59,350,7860,SUBTLEX-US + OpenSubtitles 2018
2447,strictly,절대적인,You'll hear the word 'strictly' often in everyday conversation.,other,B2,62.59,548,6823,SUBTLEX-US + OpenSubtitles 2018
2448,elbow,헤치다,You'll hear the word 'elbow' often in everyday conversation.,other,B1,62.59,451,5419,SUBTLEX-US + OpenSubtitles 2018
2449,odds,남은것,You'll hear the word 'odds' often in everyday conversation.,other,C1,62.58,970,11170,SUBTLEX-US + OpenSubtitles 2018
2450,ruth,룻기,You'll hear the word 'ruth' often in everyday conversation.,other,C1,62.58,1058,9836,SUBTLEX-US + OpenSubtitles 2018
2451,acid,신맛,You'll hear the word 'acid' often in everyday conversation.,other,B2,62.58,508,7597,SUBTLEX-US + OpenSubtitles 2018
2452,accurate,정확한,You'll hear the word 'accurate' often in everyday conversation.,other,B1,62.58,400,6435,SUBTLEX-US + OpenSubtitles 2018
2453,forehead,부분,You'll hear the word 'forehead' often in everyday conversation.,other,B1,62.58,418,6025,SUBTLEX-US + OpenSubtitles 2018
2454,soldier,군인,You'll hear the word 'soldier' often in everyday conversation.,other,A2,62.57,2011,29981,SUBTLEX-US + OpenSubtitles 2018
2455,loose,쏘다,You'll hear the word 'loose' often in everyday conversation.,other,A2,62.57,2159,27000,SUBTLEX-US + OpenSubtitles 2018
2456,slaughter,도살,You'll hear the word 'slaughter' often in everyday conversation.,other,B2,62.57,484,8108,SUBTLEX-US + OpenSubtitles 2018
2457,corporate,법인의,You'll hear the word 'corporate' often in everyday conversation.,other,B2,62.57,521,7248,SUBTLEX-US + OpenSubtitles 2018
2458,strength,세기,You'll hear the word 'strength' often in everyday conversation.,other,A2,62.56,1883,32950,SUBTLEX-US + OpenSubtitles 2018
2459,view,가망,You'll hear the word 'view' often in everyday conversation.,other,A2,62.56,1965,30874,SUBTLEX-US + OpenSubtitles 2018
2460,escort,동반,You'll hear the word 'escort' often in everyday conversation.,other,C1,62.56,880,12804,SUBTLEX-US + OpenSubtitles 2018
2461,vampire,흡혈박쥐,You'll hear the word 'vampire' often in everyday conversation.,other,C1,62.56,894,12502,SUBTLEX-US + OpenSubtitles 2018
2462,fame,명리,You'll hear the word 'fame' often in everyday conversation.,other,B2,62.56,484,8039,SUBTLEX-US + OpenSubtitles 2018
2463,taxes,세금,You'll hear the word 'taxes' often in everyday conversation.,other,B2,62.56,497,7741,SUBTLEX-US + OpenSubtitles 2018
2464,airplane,비행기,You'll hear the word 'airplane' often in everyday conversation.,other,B2,62.56,557,6520,SUBTLEX-US + OpenSubtitles 2018
2465,maximum,최대,You'll hear the word 'maximum' often in everyday conversation.,other,B1,62.56,399,6386,SUBTLEX-US + OpenSubtitles 2018
2466,password,비밀번호,You'll hear the word 'password' often in everyday conversation.,other,B1,62.56,407,6186,SUBTLEX-US + OpenSubtitles 2018
2467,target,목표로 하다,You'll hear the word 'target' often in everyday conversation.,other,A2,62.55,1936,31415,SUBTLEX-US + OpenSubtitles 2018
2468,folk,사람들,You'll hear the word 'folk' often in everyday conversation.,other,B1,62.55,365,7245,SUBTLEX-US + OpenSubtitles 2018
2469,draw,그리다,You'll hear the word 'draw' often in everyday conversation.,other,A2,62.54,2061,28503,SUBTLEX-US + OpenSubtitles 2018
2470,cents,센트,You'll hear the word 'cents' often in everyday conversation.,other,C1,62.54,1114,8941,SUBTLEX-US + OpenSubtitles 2018
2471,returns,반환,You'll hear the word 'returns' often in everyday conversation.,other,B2,62.54,447,8924,SUBTLEX-US + OpenSubtitles 2018
2472,types,유형,You'll hear the word 'types' often in everyday conversation.,other,B2,62.54,479,8068,SUBTLEX-US + OpenSubtitles 2018
2473,click,제동자,You'll hear the word 'click' often in everyday conversation.,other,B1,62.53,327,8401,SUBTLEX-US + OpenSubtitles 2018
2474,ash,유골,You'll hear the word 'ash' often in everyday conversation.,other,B2,62.53,470,8244,SUBTLEX-US + OpenSubtitles 2018
2475,slight,미미,You'll hear the word 'slight' often in everyday conversation.,other,B2,62.53,529,6937,SUBTLEX-US + OpenSubtitles 2018
2476,genetic,유전적,You'll hear the word 'genetic' often in everyday conversation.,other,B1,62.53,385,6597,SUBTLEX-US + OpenSubtitles 2018
2477,allergic,알레르기의,You'll hear the word 'allergic' often in everyday conversation.,other,B1,62.53,413,5956,SUBTLEX-US + OpenSubtitles 2018
2478,hollow,텅빈,You'll hear the word 'hollow' often in everyday conversation.,other,B2,62.53,646,5150,SUBTLEX-US + OpenSubtitles 2018
2479,delightful,즐거운,You'll hear the word 'delightful' often in everyday conversation.,other,B1,62.53,469,4950,SUBTLEX-US + OpenSubtitles 2018
2480,amusing,우스운,You'll hear the word 'amusing' often in everyday conversation.,other,B1,62.53,469,4932,SUBTLEX-US + OpenSubtitles 2018
2481,market,시장,You'll hear the word 'market' often in everyday conversation.,other,A2,62.52,1848,33081,SUBTLEX-US + OpenSubtitles 2018
2482,bite,물다,You'll hear the word 'bite' often in everyday conversation.,other,A2,62.52,2080,27719,SUBTLEX-US + OpenSubtitles 2018
2483,chest,가슴,You'll hear the word 'chest' often in everyday conversation.,other,A2,62.52,2147,26460,SUBTLEX-US + OpenSubtitles 2018
2484,protecting,보호하기,You'll hear the word 'protecting' often in everyday conversation.,other,C1,62.52,817,13916,SUBTLEX-US + OpenSubtitles 2018
2485,prints,인쇄,You'll hear the word 'prints' often in everyday conversation.,other,C1,62.52,868,12737,SUBTLEX-US + OpenSubtitles 2018
2486,pickle,절인것,You'll hear the word 'pickle' often in everyday conversation.,,B2,62.52,503,7409,SUBTLEX-US + OpenSubtitles 2018
2487,hint,암시하다,You'll hear the word 'hint' often in everyday conversation.,other,B2,62.52,534,6788,SUBTLEX-US + OpenSubtitles 2018
2488,capacity,용량,You'll hear the word 'capacity' often in everyday conversation.,other,B1,62.52,413,5918,SUBTLEX-US + OpenSubtitles 2018
2489,condition,조건,You'll hear the word 'condition' often in everyday conversation.,other,A2,62.51,1936,30624,SUBTLEX-US + OpenSubtitles 2018
2490,neighbors,이웃,You'll hear the word 'neighbors' often in everyday conversation.,other,C1,62.51,868,12646,SUBTLEX-US + OpenSubtitles 2018
2491,rubbish,폐물,You'll hear the word 'rubbish' often in everyday conversation.,other,B1,62.51,285,10181,SUBTLEX-US + OpenSubtitles 2018
2492,madness,광기,You'll hear the word 'madness' often in everyday conversation.,other,B2,62.51,431,9271,SUBTLEX-US + OpenSubtitles 2018
2493,scandal,반감,You'll hear the word 'scandal' often in everyday conversation.,other,B2,62.51,452,8672,SUBTLEX-US + OpenSubtitles 2018
2494,gently,슬슬,You'll hear the word 'gently' often in everyday conversation.,other,B2,62.51,459,8463,SUBTLEX-US + OpenSubtitles 2018
2495,fold,접음,You'll hear the word 'fold' often in everyday conversation.,other,B1,62.51,440,5355,SUBTLEX-US + OpenSubtitles 2018
2496,submarine,잠수함,You'll hear the word 'submarine' often in everyday conversation.,other,B1,62.51,451,5164,SUBTLEX-US + OpenSubtitles 2018
2497,cigarettes,담배,You'll hear the word 'cigarettes' often in everyday conversation.,other,C1,62.5,905,11817,SUBTLEX-US + OpenSubtitles 2018
2498,bunny,토끼,You'll hear the word 'bunny' often in everyday conversation.,other,C1,62.5,1038,9692,SUBTLEX-US + OpenSubtitles 2018
2499,exclusive,유일의,You'll hear the word 'exclusive' often in everyday conversation.,other,B1,62.5,403,6060,SUBTLEX-US + OpenSubtitles 2018
2500,sequence,순서,You'll hear the word 'sequence' often in everyday conversation.,other,B1,62.5,435,5438,SUBTLEX-US + OpenSubtitles 2018
2501,voices,목소리,You'll hear the word 'voices' often in everyday conversation.,other,C1,62.49,793,14350,SUBTLEX-US + OpenSubtitles 2018
2502,defendant,피고,You'll hear the word 'defendant' often in everyday conversation.,other,C1,62.49,904,11798,SUBTLEX-US + OpenSubtitles 2018
2503,vast,막대하다,You'll hear the word 'vast' often in everyday conversation.,other,B1,62.49,311,8866,SUBTLEX-US + OpenSubtitles 2018
2504,privilege,권리,You'll hear the word 'privilege' often in everyday conversation.,other,B2,62.49,543,6526,SUBTLEX-US + OpenSubtitles 2018
2505,resort,잘 가다,You'll hear the word 'resort' often in everyday conversation.,other,B1,62.49,381,6561,SUBTLEX-US + OpenSubtitles 2018
2506,qualified,적임의,You'll hear the word 'qualified' often in everyday conversation.,other,B1,62.49,421,5654,SUBTLEX-US + OpenSubtitles 2018
2507,powerful,유력,You'll hear the word 'powerful' often in everyday conversation.,other,A2,62.48,1791,33854,SUBTLEX-US + OpenSubtitles 2018
2508,arranged,정렬된,You'll hear the word 'arranged' often in everyday conversation.,other,C1,62.48,824,13475,SUBTLEX-US + OpenSubtitles 2018
2509,holidays,휴가,You'll hear the word 'holidays' often in everyday conversation.,other,B2,62.48,466,8107,SUBTLEX-US + OpenSubtitles 2018
2510,olive,올리브,You'll hear the word 'olive' often in everyday conversation.,other,B2,62.48,512,7058,SUBTLEX-US + OpenSubtitles 2018
2511,declare,선언하다,You'll hear the word 'declare' often in everyday conversation.,other,B1,62.48,386,6397,SUBTLEX-US + OpenSubtitles 2018
2512,cocktail,칵테일,You'll hear the word 'cocktail' often in everyday conversation.,other,B2,62.48,558,6224,SUBTLEX-US + OpenSubtitles 2018
2513,minus,마이너스,You'll hear the word 'minus' often in everyday conversation.,other,B1,62.48,407,5914,SUBTLEX-US + OpenSubtitles 2018
2514,whore,타락시키다,You'll hear the word 'whore' often in everyday conversation.,other,C2,62.47,1399,26098,SUBTLEX-US + OpenSubtitles 2018
2515,solo,독주,You'll hear the word 'solo' often in everyday conversation.,other,B2,62.46,462,8160,SUBTLEX-US + OpenSubtitles 2018
2516,aircraft,항공기,You'll hear the word 'aircraft' often in everyday conversation.,other,B2,62.46,493,7395,SUBTLEX-US + OpenSubtitles 2018
2517,expose,노출시키다,You'll hear the word 'expose' often in everyday conversation.,other,B1,62.46,378,6519,SUBTLEX-US + OpenSubtitles 2018
2518,administration,행정,You'll hear the word 'administration' often in everyday conversation.,other,B1,62.46,403,5935,SUBTLEX-US + OpenSubtitles 2018
2519,sickness,질병,You'll hear the word 'sickness' often in everyday conversation.,other,B1,62.46,408,5834,SUBTLEX-US + OpenSubtitles 2018
2520,beep,발신하다,You'll hear the word 'beep' often in everyday conversation.,,C2,62.45,849,53920,SUBTLEX-US + OpenSubtitles 2018
2521,cooper,술장수,You'll hear the word 'cooper' often in everyday conversation.,other,C1,62.45,906,11490,SUBTLEX-US + OpenSubtitles 2018
2522,organ,기관,You'll hear the word 'organ' often in everyday conversation.,other,B1,62.45,370,6680,SUBTLEX-US + OpenSubtitles 2018
2523,consent,동의,You'll hear the word 'consent' often in everyday conversation.,other,B2,62.44,477,7685,SUBTLEX-US + OpenSubtitles 2018
2524,income,소득,You'll hear the word 'income' often in everyday conversation.,other,B1,62.44,378,6446,SUBTLEX-US + OpenSubtitles 2018
2525,retard,지체,You'll hear the word 'retard' often in everyday conversation.,,B2,62.44,568,5924,SUBTLEX-US + OpenSubtitles 2018
2526,depth,깊이,You'll hear the word 'depth' often in everyday conversation.,other,B1,62.44,421,5495,SUBTLEX-US + OpenSubtitles 2018
2527,meaning,의미,You'll hear the word 'meaning' often in everyday conversation.,other,A2,62.43,1904,30144,SUBTLEX-US + OpenSubtitles 2018
2528,wet,젖음,You'll hear the word 'wet' often in everyday conversation.,other,A2,62.43,2061,26729,SUBTLEX-US + OpenSubtitles 2018
2529,tracks,트랙,You'll hear the word 'tracks' often in everyday conversation.,other,C1,62.43,854,12399,SUBTLEX-US + OpenSubtitles 2018
2530,alliance,동맹,You'll hear the word 'alliance' often in everyday conversation.,other,B2,62.43,465,7944,SUBTLEX-US + OpenSubtitles 2018
2531,legally,법적으로,You'll hear the word 'legally' often in everyday conversation.,other,B1,62.43,388,6152,SUBTLEX-US + OpenSubtitles 2018
2532,images,이미지,You'll hear the word 'images' often in everyday conversation.,other,B2,62.42,401,9802,SUBTLEX-US + OpenSubtitles 2018
2533,quote,인용구,You'll hear the word 'quote' often in everyday conversation.,other,B2,62.42,488,7348,SUBTLEX-US + OpenSubtitles 2018
2534,peach,복숭아,You'll hear the word 'peach' often in everyday conversation.,other,B2,62.42,533,6453,SUBTLEX-US + OpenSubtitles 2018
2535,truly,성실히,You'll hear the word 'truly' often in everyday conversation.,other,A2,62.41,1830,31514,SUBTLEX-US + OpenSubtitles 2018
2536,votes,투표,You'll hear the word 'votes' often in everyday conversation.,other,B2,62.41,400,9774,SUBTLEX-US + OpenSubtitles 2018
2537,dash,기미,You'll hear the word 'dash' often in everyday conversation.,other,B2,62.41,479,7508,SUBTLEX-US + OpenSubtitles 2018
2538,trophy,상배,You'll hear the word 'trophy' often in everyday conversation.,other,B2,62.41,502,6987,SUBTLEX-US + OpenSubtitles 2018
2539,celebrity,명사,You'll hear the word 'celebrity' often in everyday conversation.,other,B1,62.41,372,6491,SUBTLEX-US + OpenSubtitles 2018
2540,gratitude,보은,You'll hear the word 'gratitude' often in everyday conversation.,other,B1,62.41,395,5948,SUBTLEX-US + OpenSubtitles 2018
2541,assist,돕다,You'll hear the word 'assist' often in everyday conversation.,other,B1,62.41,400,5839,SUBTLEX-US + OpenSubtitles 2018
2542,usual,일반,You'll hear the word 'usual' often in everyday conversation.,other,A2,62.4,1901,29636,SUBTLEX-US + OpenSubtitles 2018
2543,training,훈련,You'll hear the word 'training' often in everyday conversation.,other,A2,62.39,1796,31973,SUBTLEX-US + OpenSubtitles 2018
2544,struck,강타한,You'll hear the word 'struck' often in everyday conversation.,other,C1,62.39,826,12749,SUBTLEX-US + OpenSubtitles 2018
2545,deceive,속이다,You'll hear the word 'deceive' often in everyday conversation.,other,B2,62.39,425,8853,SUBTLEX-US + OpenSubtitles 2018
2546,located,위치한,You'll hear the word 'located' often in everyday conversation.,other,B2,62.39,468,7648,SUBTLEX-US + OpenSubtitles 2018
2547,soak,잠금,You'll hear the word 'soak' often in everyday conversation.,other,B2,62.39,485,7292,SUBTLEX-US + OpenSubtitles 2018
2548,deals,거래,You'll hear the word 'deals' often in everyday conversation.,other,B2,62.39,499,6971,SUBTLEX-US + OpenSubtitles 2018
2549,popcorn,팝콘,You'll hear the word 'popcorn' often in everyday conversation.,other,B1,62.39,466,4590,SUBTLEX-US + OpenSubtitles 2018
2550,petty,미미,You'll hear the word 'petty' often in everyday conversation.,other,B2,62.38,438,8431,SUBTLEX-US + OpenSubtitles 2018
2551,boxing,복싱,You'll hear the word 'boxing' often in everyday conversation.,other,B1,62.38,370,6435,SUBTLEX-US + OpenSubtitles 2018
2552,ink,먹물,You'll hear the word 'ink' often in everyday conversation.,other,B1,62.38,390,5936,SUBTLEX-US + OpenSubtitles 2018
2553,abortion,낙태,You'll hear the word 'abortion' often in everyday conversation.,other,B1,62.38,404,5641,SUBTLEX-US + OpenSubtitles 2018
2554,hunger,갈망,You'll hear the word 'hunger' often in everyday conversation.,other,B1,62.37,316,8049,SUBTLEX-US + OpenSubtitles 2018
2555,bully,위협하다,You'll hear the word 'bully' often in everyday conversation.,,B2,62.37,457,7868,SUBTLEX-US + OpenSubtitles 2018
2556,relations,관계,You'll hear the word 'relations' often in everyday conversation.,other,B2,62.37,487,7164,SUBTLEX-US + OpenSubtitles 2018
2557,democracy,민주주의,You'll hear the word 'democracy' often in everyday conversation.,other,B1,62.37,346,7062,SUBTLEX-US + OpenSubtitles 2018
2558,peel,허물벗다,You'll hear the word 'peel' often in everyday conversation.,other,B2,62.37,502,6846,SUBTLEX-US + OpenSubtitles 2018
2559,bracelet,팔찌,You'll hear the word 'bracelet' often in everyday conversation.,other,B1,62.37,398,5753,SUBTLEX-US + OpenSubtitles 2018
2560,waited,기다렸다,You'll hear the word 'waited' often in everyday conversation.,other,C2,62.36,1485,22384,SUBTLEX-US + OpenSubtitles 2018
2561,kicked,찼다,You'll hear the word 'kicked' often in everyday conversation.,other,C2,62.36,1559,20800,SUBTLEX-US + OpenSubtitles 2018
2562,creating,만드는,You'll hear the word 'creating' often in everyday conversation.,other,B2,62.36,396,9636,SUBTLEX-US + OpenSubtitles 2018
2563,civilization,문명,You'll hear the word 'civilization' often in everyday conversation.,other,B2,62.36,468,7530,SUBTLEX-US + OpenSubtitles 2018
2564,myth,신화,You'll hear the word 'myth' often in everyday conversation.,other,B1,62.36,352,6843,SUBTLEX-US + OpenSubtitles 2018
2565,tide,조수,You'll hear the word 'tide' often in everyday conversation.,other,B1,62.36,376,6191,SUBTLEX-US + OpenSubtitles 2018
2566,marble,공기돌,You'll hear the word 'marble' often in everyday conversation.,other,B1,62.36,427,5152,SUBTLEX-US + OpenSubtitles 2018
2567,among,의 사이에,You'll hear the word 'among' often in everyday conversation.,other,A2,62.35,1729,33190,SUBTLEX-US + OpenSubtitles 2018
2568,release,공개하다,You'll hear the word 'release' often in everyday conversation.,other,A2,62.35,1851,29892,SUBTLEX-US + OpenSubtitles 2018
2569,italian,이탈리아의,You'll hear the word 'italian' often in everyday conversation.,other,B2,62.35,213,23926,SUBTLEX-US + OpenSubtitles 2018
2570,australia,호주,You'll hear the word 'australia' often in everyday conversation.,other,B2,62.35,430,8472,SUBTLEX-US + OpenSubtitles 2018
2571,auction,경매하다,You'll hear the word 'auction' often in everyday conversation.,other,B2,62.35,495,6895,SUBTLEX-US + OpenSubtitles 2018
2572,cellar,지하실,You'll hear the word 'cellar' often in everyday conversation.,other,B2,62.35,497,6852,SUBTLEX-US + OpenSubtitles 2018
2573,honesty,성실,You'll hear the word 'honesty' often in everyday conversation.,other,B1,62.35,368,6350,SUBTLEX-US + OpenSubtitles 2018
2574,base,기부,You'll hear the word 'base' often in everyday conversation.,other,A2,62.34,1842,30037,SUBTLEX-US + OpenSubtitles 2018
2575,dennis,데니스,You'll hear the word 'dennis' often in everyday conversation.,other,C1,62.34,854,11751,SUBTLEX-US + OpenSubtitles 2018
2576,pumpkin,호박,You'll hear the word 'pumpkin' often in everyday conversation.,other,B2,62.34,586,5341,SUBTLEX-US + OpenSubtitles 2018
2577,split,균열,You'll hear the word 'split' often in everyday conversation.,other,A2,62.33,1954,27273,SUBTLEX-US + OpenSubtitles 2018
2578,spirits,정신,You'll hear the word 'spirits' often in everyday conversation.,other,C1,62.33,823,12381,SUBTLEX-US + OpenSubtitles 2018
2579,nearly,대충,You'll hear the word 'nearly' often in everyday conversation.,other,A2,62.32,1721,32730,SUBTLEX-US + OpenSubtitles 2018
2580,oliver,올리버,You'll hear the word 'oliver' often in everyday conversation.,other,C1,62.32,753,13994,SUBTLEX-US + OpenSubtitles 2018
2581,cleared,제거된,You'll hear the word 'cleared' often in everyday conversation.,other,C1,62.32,842,11869,SUBTLEX-US + OpenSubtitles 2018
2582,described,설명된,You'll hear the word 'described' often in everyday conversation.,other,B2,62.32,462,7525,SUBTLEX-US + OpenSubtitles 2018
2583,primary,일차어,You'll hear the word 'primary' often in everyday conversation.,other,B2,62.32,463,7495,SUBTLEX-US + OpenSubtitles 2018
2584,unit,한사람,You'll hear the word 'unit' often in everyday conversation.,other,A2,62.31,1887,28488,SUBTLEX-US + OpenSubtitles 2018
2585,flame,불길,You'll hear the word 'flame' often in everyday conversation.,other,B2,62.31,461,7500,SUBTLEX-US + OpenSubtitles 2018
2586,reed,갈대,You'll hear the word 'reed' often in everyday conversation.,other,B2,62.31,481,7034,SUBTLEX-US + OpenSubtitles 2018
2587,makeup,조립,You'll hear the word 'makeup' often in everyday conversation.,other,C1,62.3,792,12834,SUBTLEX-US + OpenSubtitles 2018
2588,tribe,종족,You'll hear the word 'tribe' often in everyday conversation.,other,B2,62.3,325,12451,SUBTLEX-US + OpenSubtitles 2018
2589,objects,사물,You'll hear the word 'objects' often in everyday conversation.,other,B2,62.3,444,7871,SUBTLEX-US + OpenSubtitles 2018
2590,worthless,하찮다,You'll hear the word 'worthless' often in everyday conversation.,,B2,62.3,473,7177,SUBTLEX-US + OpenSubtitles 2018
2591,haunt,소굴,You'll hear the word 'haunt' often in everyday conversation.,,B1,62.3,354,6534,SUBTLEX-US + OpenSubtitles 2018
2592,worm,벌레,You'll hear the word 'worm' often in everyday conversation.,other,B2,62.3,535,5976,SUBTLEX-US + OpenSubtitles 2018
2593,publicity,공표,You'll hear the word 'publicity' often in everyday conversation.,other,B2,62.3,534,5976,SUBTLEX-US + OpenSubtitles 2018
2594,freedom,자유,You'll hear the word 'freedom' often in everyday conversation.,other,A2,62.29,1688,33196,SUBTLEX-US + OpenSubtitles 2018
2595,diamonds,다이아몬드,You'll hear the word 'diamonds' often in everyday conversation.,other,C1,62.29,869,11128,SUBTLEX-US + OpenSubtitles 2018
2596,penalty,처벌,You'll hear the word 'penalty' often in everyday conversation.,other,B2,62.29,464,7347,SUBTLEX-US + OpenSubtitles 2018
2597,therapist,요법사,You'll hear the word 'therapist' often in everyday conversation.,other,B2,62.29,485,6866,SUBTLEX-US + OpenSubtitles 2018
2598,directions,지시,You'll hear the word 'directions' often in everyday conversation.,other,B2,62.29,494,6678,SUBTLEX-US + OpenSubtitles 2018
2599,entered,입력된,You'll hear the word 'entered' often in everyday conversation.,other,C1,62.28,747,13850,SUBTLEX-US + OpenSubtitles 2018
2600,candidate,지원자,You'll hear the word 'candidate' often in everyday conversation.,other,B2,62.28,434,8068,SUBTLEX-US + OpenSubtitles 2018
2601,overcome,이겨내다,You'll hear the word 'overcome' often in everyday conversation.,other,B1,62.28,336,7009,SUBTLEX-US + OpenSubtitles 2018
2602,pregnancy,내용 충실,You'll hear the word 'pregnancy' often in everyday conversation.,other,B1,62.28,364,6229,SUBTLEX-US + OpenSubtitles 2018
2603,medium,매체,You'll hear the word 'medium' often in everyday conversation.,other,B1,62.28,380,5825,SUBTLEX-US + OpenSubtitles 2018
2604,compound,복식의,You'll hear the word 'compound' often in everyday conversation.,other,B1,62.28,384,5739,SUBTLEX-US + OpenSubtitles 2018
2605,screwed,망한,You'll hear the word 'screwed' often in everyday conversation.,other,C2,62.27,1519,20566,SUBTLEX-US + OpenSubtitles 2018
2606,trauma,외상,You'll hear the word 'trauma' often in everyday conversation.,other,C1,62.27,906,10386,SUBTLEX-US + OpenSubtitles 2018
2607,mature,성숙한,You'll hear the word 'mature' often in everyday conversation.,other,B2,62.27,462,7303,SUBTLEX-US + OpenSubtitles 2018
2608,endure,견디다,You'll hear the word 'endure' often in everyday conversation.,other,B1,62.27,324,7354,SUBTLEX-US + OpenSubtitles 2018
2609,brilliant,훌륭한,You'll hear the word 'brilliant' often in everyday conversation.,other,A2,62.26,1826,28972,SUBTLEX-US + OpenSubtitles 2018
2610,yourselves,너희 자신,You'll hear the word 'yourselves' often in everyday conversation.,other,C2,62.26,1479,21282,SUBTLEX-US + OpenSubtitles 2018
2611,greek,그시스의,You'll hear the word 'greek' often in everyday conversation.,other,C1,62.26,725,14331,SUBTLEX-US + OpenSubtitles 2018
2612,beth,베트,You'll hear the word 'beth' often in everyday conversation.,other,C1,62.26,813,12061,SUBTLEX-US + OpenSubtitles 2018
2613,bartender,바텐더,You'll hear the word 'bartender' often in everyday conversation.,,B2,62.26,540,5750,SUBTLEX-US + OpenSubtitles 2018
2614,clap,임질,You'll hear the word 'clap' often in everyday conversation.,,B2,62.25,394,9106,SUBTLEX-US + OpenSubtitles 2018
2615,content,내용,You'll hear the word 'content' often in everyday conversation.,other,B2,62.25,428,8072,SUBTLEX-US + OpenSubtitles 2018
2616,era,시세,You'll hear the word 'era' often in everyday conversation.,other,B1,62.25,312,7671,SUBTLEX-US + OpenSubtitles 2018
2617,length,세로,You'll hear the word 'length' often in everyday conversation.,other,B1,62.25,358,6276,SUBTLEX-US + OpenSubtitles 2018
2618,confusion,당황,You'll hear the word 'confusion' often in everyday conversation.,other,B1,62.25,366,6054,SUBTLEX-US + OpenSubtitles 2018
2619,ballet,발레,You'll hear the word 'ballet' often in everyday conversation.,other,B2,62.25,536,5799,SUBTLEX-US + OpenSubtitles 2018
2620,occur,생기다,You'll hear the word 'occur' often in everyday conversation.,other,B1,62.25,379,5769,SUBTLEX-US + OpenSubtitles 2018
2621,touched,조금 미친,You'll hear the word 'touched' often in everyday conversation.,other,C2,62.24,1505,20462,SUBTLEX-US + OpenSubtitles 2018
2622,mason,석공,You'll hear the word 'mason' often in everyday conversation.,other,C1,62.24,722,14242,SUBTLEX-US + OpenSubtitles 2018
2623,scotland,스코틀랜드,You'll hear the word 'scotland' often in everyday conversation.,other,B2,62.24,378,9635,SUBTLEX-US + OpenSubtitles 2018
2624,largest,가장 큰,You'll hear the word 'largest' often in everyday conversation.,other,B2,62.24,402,8817,SUBTLEX-US + OpenSubtitles 2018
2625,samples,샘플,You'll hear the word 'samples' often in everyday conversation.,other,B2,62.24,442,7673,SUBTLEX-US + OpenSubtitles 2018
2626,journalist,신문업자,You'll hear the word 'journalist' often in everyday conversation.,other,B1,62.24,311,7646,SUBTLEX-US + OpenSubtitles 2018
2627,rainbow,무지개,You'll hear the word 'rainbow' often in everyday conversation.,other,B2,62.24,457,7283,SUBTLEX-US + OpenSubtitles 2018
2628,ginger,생강,You'll hear the word 'ginger' often in everyday conversation.,other,B1,62.24,327,7134,SUBTLEX-US + OpenSubtitles 2018
2629,tender,무른,You'll hear the word 'tender' often in everyday conversation.,other,B2,62.24,472,6954,SUBTLEX-US + OpenSubtitles 2018
2630,anxiety,불안,You'll hear the word 'anxiety' often in everyday conversation.,other,B1,62.24,372,5871,SUBTLEX-US + OpenSubtitles 2018
2631,approximately,내외,You'll hear the word 'approximately' often in everyday conversation.,other,B1,62.24,380,5707,SUBTLEX-US + OpenSubtitles 2018
2632,stumble,비틀거림,You'll hear the word 'stumble' often in everyday conversation.,,B1,62.24,383,5626,SUBTLEX-US + OpenSubtitles 2018
2633,ruined,멸망한,You'll hear the word 'ruined' often in everyday conversation.,other,C2,62.23,1302,25312,SUBTLEX-US + OpenSubtitles 2018
2634,threaten,위협하다,You'll hear the word 'threaten' often in everyday conversation.,other,B2,62.23,435,7814,SUBTLEX-US + OpenSubtitles 2018
2635,absence,결핍,You'll hear the word 'absence' often in everyday conversation.,other,B1,62.23,336,6787,SUBTLEX-US + OpenSubtitles 2018
2636,magazines,잡지,You'll hear the word 'magazines' often in everyday conversation.,other,B2,62.23,523,5935,SUBTLEX-US + OpenSubtitles 2018
2637,presentation,배알,You'll hear the word 'presentation' often in everyday conversation.,other,B1,62.23,368,5957,SUBTLEX-US + OpenSubtitles 2018
2638,bent,굽은,You'll hear the word 'bent' often in everyday conversation.,other,B1,62.23,368,5941,SUBTLEX-US + OpenSubtitles 2018
2639,shiny,야들야들,You'll hear the word 'shiny' often in everyday conversation.,other,B1,62.23,398,5281,SUBTLEX-US + OpenSubtitles 2018
2640,weight,무게,You'll hear the word 'weight' often in everyday conversation.,other,A2,62.22,1850,27761,SUBTLEX-US + OpenSubtitles 2018
2641,roof,차의지붕,You'll hear the word 'roof' often in everyday conversation.,other,A2,62.22,1880,27184,SUBTLEX-US + OpenSubtitles 2018
2642,bleeding,출혈,You'll hear the word 'bleeding' often in everyday conversation.,other,C2,62.22,1519,20017,SUBTLEX-US + OpenSubtitles 2018
2643,monsieur,귀하,You'll hear the word 'monsieur' often in everyday conversation.,,C2,62.22,1588,18763,SUBTLEX-US + OpenSubtitles 2018
2644,survive,생존하다,You'll hear the word 'survive' often in everyday conversation.,other,A2,62.21,1626,33388,SUBTLEX-US + OpenSubtitles 2018
2645,honour,과 동의어,You'll hear the word 'honour' often in everyday conversation.,other,C2,62.21,1377,22990,SUBTLEX-US + OpenSubtitles 2018
2646,rats,쥐,You'll hear the word 'rats' often in everyday conversation.,other,C1,62.21,848,11046,SUBTLEX-US + OpenSubtitles 2018
2647,cemetery,묘지,You'll hear the word 'cemetery' often in everyday conversation.,other,B2,62.21,443,7493,SUBTLEX-US + OpenSubtitles 2018
2648,element,요소,You'll hear the word 'element' often in everyday conversation.,other,B1,62.21,338,6645,SUBTLEX-US + OpenSubtitles 2018
2649,dot,점재,You'll hear the word 'dot' often in everyday conversation.,other,B1,62.21,377,5676,SUBTLEX-US + OpenSubtitles 2018
2650,larger,더 큰,You'll hear the word 'larger' often in everyday conversation.,other,B2,62.2,418,8128,SUBTLEX-US + OpenSubtitles 2018
2651,scheme,음모,You'll hear the word 'scheme' often in everyday conversation.,other,B2,62.2,431,7768,SUBTLEX-US + OpenSubtitles 2018
2652,certificate,인증서,You'll hear the word 'certificate' often in everyday conversation.,other,B2,62.2,458,7103,SUBTLEX-US + OpenSubtitles 2018
2653,vain,헛된,You'll hear the word 'vain' often in everyday conversation.,other,B1,62.2,332,6800,SUBTLEX-US + OpenSubtitles 2018
2654,alcoholic,알코올의,You'll hear the word 'alcoholic' often in everyday conversation.,other,B1,62.2,370,5797,SUBTLEX-US + OpenSubtitles 2018
2655,remain,남다,You'll hear the word 'remain' often in everyday conversation.,other,A2,62.19,1694,31135,SUBTLEX-US + OpenSubtitles 2018
2656,alarm,경보,You'll hear the word 'alarm' often in everyday conversation.,other,A2,62.19,1731,30228,SUBTLEX-US + OpenSubtitles 2018
2657,visiting,내방,You'll hear the word 'visiting' often in everyday conversation.,other,C1,62.19,787,12178,SUBTLEX-US + OpenSubtitles 2018
2658,models,모델,You'll hear the word 'models' often in everyday conversation.,other,B2,62.19,451,7221,SUBTLEX-US + OpenSubtitles 2018
2659,stores,가게,You'll hear the word 'stores' often in everyday conversation.,other,B2,62.19,485,6488,SUBTLEX-US + OpenSubtitles 2018
2660,purpose,목적,You'll hear the word 'purpose' often in everyday conversation.,other,A2,62.18,1790,28471,SUBTLEX-US + OpenSubtitles 2018
2661,somewhat,얼마간,You'll hear the word 'somewhat' often in everyday conversation.,other,B2,62.18,464,6901,SUBTLEX-US + OpenSubtitles 2018
2662,endless,가없다,You'll hear the word 'endless' often in everyday conversation.,other,B1,62.18,338,6543,SUBTLEX-US + OpenSubtitles 2018
2663,clearly,똑똑히,You'll hear the word 'clearly' often in everyday conversation.,other,A2,62.17,1529,35837,SUBTLEX-US + OpenSubtitles 2018
2664,blew,불었다,You'll hear the word 'blew' often in everyday conversation.,other,C2,62.17,1610,17768,SUBTLEX-US + OpenSubtitles 2018
2665,socks,양말,You'll hear the word 'socks' often in everyday conversation.,other,C1,62.17,932,9361,SUBTLEX-US + OpenSubtitles 2018
2666,cowboy,카우보이,You'll hear the word 'cowboy' often in everyday conversation.,other,C1,62.17,968,8890,SUBTLEX-US + OpenSubtitles 2018
2667,republic,공화국,You'll hear the word 'republic' often in everyday conversation.,other,B1,62.17,293,8054,SUBTLEX-US + OpenSubtitles 2018
2668,engineering,공학,You'll hear the word 'engineering' often in everyday conversation.,other,B1,62.17,333,6649,SUBTLEX-US + OpenSubtitles 2018
2669,fancy,공상,You'll hear the word 'fancy' often in everyday conversation.,other,A2,62.16,1841,26971,SUBTLEX-US + OpenSubtitles 2018
2670,boxes,상자,You'll hear the word 'boxes' often in everyday conversation.,other,C1,62.16,800,11699,SUBTLEX-US + OpenSubtitles 2018
2671,mole,두더지,You'll hear the word 'mole' often in everyday conversation.,other,B2,62.16,452,7060,SUBTLEX-US + OpenSubtitles 2018
2672,mill,공장,You'll hear the word 'mill' often in everyday conversation.,other,B2,62.16,488,6298,SUBTLEX-US + OpenSubtitles 2018
2673,mutual,상호의,You'll hear the word 'mutual' often in everyday conversation.,other,B1,62.16,370,5668,SUBTLEX-US + OpenSubtitles 2018
2674,tit,경타,You'll hear the word 'tit' often in everyday conversation.,other,C1,62.15,798,11635,SUBTLEX-US + OpenSubtitles 2018
2675,gangster,깡패,You'll hear the word 'gangster' often in everyday conversation.,,B2,62.15,413,8040,SUBTLEX-US + OpenSubtitles 2018
2676,economy,경제,You'll hear the word 'economy' often in everyday conversation.,other,B1,62.15,296,7837,SUBTLEX-US + OpenSubtitles 2018
2677,anonymous,작자불명의,You'll hear the word 'anonymous' often in everyday conversation.,other,B2,62.15,429,7582,SUBTLEX-US + OpenSubtitles 2018
2678,ritual,예배식,You'll hear the word 'ritual' often in everyday conversation.,other,B2,62.15,456,6931,SUBTLEX-US + OpenSubtitles 2018
2679,cripple,병신,You'll hear the word 'cripple' often in everyday conversation.,,B2,62.15,472,6609,SUBTLEX-US + OpenSubtitles 2018
2680,prepare,준비하다,You'll hear the word 'prepare' often in everyday conversation.,other,A2,62.14,1711,29762,SUBTLEX-US + OpenSubtitles 2018
2681,tries,시도하다,You'll hear the word 'tries' often in everyday conversation.,other,C1,62.14,807,11441,SUBTLEX-US + OpenSubtitles 2018
2682,con,으로써,You'll hear the word 'con' often in everyday conversation.,other,C1,62.14,818,11163,SUBTLEX-US + OpenSubtitles 2018
2683,inn,거소,You'll hear the word 'inn' often in everyday conversation.,other,B2,62.14,428,7578,SUBTLEX-US + OpenSubtitles 2018
2684,deer,사슴,You'll hear the word 'deer' often in everyday conversation.,other,B2,62.14,449,7067,SUBTLEX-US + OpenSubtitles 2018
2685,throwing,던지는,You'll hear the word 'throwing' often in everyday conversation.,other,C2,62.13,1488,19613,SUBTLEX-US + OpenSubtitles 2018
2686,cookies,쿠키,You'll hear the word 'cookies' often in everyday conversation.,other,C1,62.13,913,9466,SUBTLEX-US + OpenSubtitles 2018
2687,motel,모텔,You'll hear the word 'motel' often in everyday conversation.,other,C1,62.13,927,9233,SUBTLEX-US + OpenSubtitles 2018
2688,african,아프리카의,You'll hear the word 'african' often in everyday conversation.,other,B2,62.13,399,8376,SUBTLEX-US + OpenSubtitles 2018
2689,infected,감염된,You'll hear the word 'infected' often in everyday conversation.,other,B2,62.13,422,7711,SUBTLEX-US + OpenSubtitles 2018
2690,frost,결상,You'll hear the word 'frost' often in everyday conversation.,other,B1,62.13,362,5748,SUBTLEX-US + OpenSubtitles 2018
2691,reserve,감춤,You'll hear the word 'reserve' often in everyday conversation.,other,B1,62.13,370,5579,SUBTLEX-US + OpenSubtitles 2018
2692,society,사회,You'll hear the word 'society' often in everyday conversation.,other,A2,62.12,1679,30208,SUBTLEX-US + OpenSubtitles 2018
2693,fought,싸웠다,You'll hear the word 'fought' often in everyday conversation.,other,C2,62.12,1362,22170,SUBTLEX-US + OpenSubtitles 2018
2694,removed,촌의,You'll hear the word 'removed' often in everyday conversation.,other,C1,62.12,737,12931,SUBTLEX-US + OpenSubtitles 2018
2695,filed,제출된,You'll hear the word 'filed' often in everyday conversation.,other,B2,62.12,449,6981,SUBTLEX-US + OpenSubtitles 2018
2696,fax,팩스,You'll hear the word 'fax' often in everyday conversation.,other,B1,62.12,441,4279,SUBTLEX-US + OpenSubtitles 2018
2697,burned,불탄,You'll hear the word 'burned' often in everyday conversation.,other,C2,62.11,1448,20170,SUBTLEX-US + OpenSubtitles 2018
2698,cycle,1군,You'll hear the word 'cycle' often in everyday conversation.,other,B1,62.11,308,7208,SUBTLEX-US + OpenSubtitles 2018
2699,scheduled,예정된,You'll hear the word 'scheduled' often in everyday conversation.,other,B2,62.11,483,6236,SUBTLEX-US + OpenSubtitles 2018
2700,eager,열망하여,You'll hear the word 'eager' often in everyday conversation.,other,B1,62.11,350,5966,SUBTLEX-US + OpenSubtitles 2018
2701,ringing,울림,You'll hear the word 'ringing' often in everyday conversation.,other,C2,62.1,899,40518,SUBTLEX-US + OpenSubtitles 2018
2702,lake,호수,You'll hear the word 'lake' often in everyday conversation.,other,A2,62.1,1836,26265,SUBTLEX-US + OpenSubtitles 2018
2703,charged,대전한,You'll hear the word 'charged' often in everyday conversation.,other,C1,62.1,737,12733,SUBTLEX-US + OpenSubtitles 2018
2704,chips,칩,You'll hear the word 'chips' often in everyday conversation.,other,C1,62.1,828,10734,SUBTLEX-US + OpenSubtitles 2018
2705,activities,활동,You'll hear the word 'activities' often in everyday conversation.,other,B2,62.1,439,7131,SUBTLEX-US + OpenSubtitles 2018
2706,messenger,심부름꾼,You'll hear the word 'messenger' often in everyday conversation.,other,B2,62.1,449,6893,SUBTLEX-US + OpenSubtitles 2018
2707,mood,고양,You'll hear the word 'mood' often in everyday conversation.,other,A2,62.09,1844,25973,SUBTLEX-US + OpenSubtitles 2018
2708,evacuate,명도하다,You'll hear the word 'evacuate' often in everyday conversation.,,B2,62.09,455,6719,SUBTLEX-US + OpenSubtitles 2018
2709,cease,말다,You'll hear the word 'cease' often in everyday conversation.,other,B2,62.09,489,6044,SUBTLEX-US + OpenSubtitles 2018
2710,household,가구,You'll hear the word 'household' often in everyday conversation.,other,B1,62.09,354,5802,SUBTLEX-US + OpenSubtitles 2018
2711,annual,1년의,You'll hear the word 'annual' often in everyday conversation.,other,B1,62.09,369,5474,SUBTLEX-US + OpenSubtitles 2018
2712,accused,피고인,You'll hear the word 'accused' often in everyday conversation.,other,C1,62.08,666,14612,SUBTLEX-US + OpenSubtitles 2018
2713,lincoln,링컨,You'll hear the word 'lincoln' often in everyday conversation.,other,C1,62.08,955,8590,SUBTLEX-US + OpenSubtitles 2018
2714,completed,완료된,You'll hear the word 'completed' often in everyday conversation.,other,B2,62.08,391,8357,SUBTLEX-US + OpenSubtitles 2018
2715,embassy,대사관,You'll hear the word 'embassy' often in everyday conversation.,other,B2,62.08,413,7711,SUBTLEX-US + OpenSubtitles 2018
2716,canal,수로,You'll hear the word 'canal' often in everyday conversation.,other,B1,62.08,360,5636,SUBTLEX-US + OpenSubtitles 2018
2717,razor,면도기,You'll hear the word 'razor' often in everyday conversation.,other,B1,62.08,386,5091,SUBTLEX-US + OpenSubtitles 2018
2718,frighten,겁내다,You'll hear the word 'frighten' often in everyday conversation.,other,A2,62.07,1907,24436,SUBTLEX-US + OpenSubtitles 2018
2719,norman,노르만말,You'll hear the word 'norman' often in everyday conversation.,other,C1,62.07,879,9644,SUBTLEX-US + OpenSubtitles 2018
2720,cabinet,장식장,You'll hear the word 'cabinet' often in everyday conversation.,other,B2,62.07,425,7374,SUBTLEX-US + OpenSubtitles 2018
2721,adopted,채택된,You'll hear the word 'adopted' often in everyday conversation.,other,B2,62.07,430,7218,SUBTLEX-US + OpenSubtitles 2018
2722,lottery,추첨,You'll hear the word 'lottery' often in everyday conversation.,other,B1,62.07,344,5977,SUBTLEX-US + OpenSubtitles 2018
2723,holes,구멍,You'll hear the word 'holes' often in everyday conversation.,other,C1,62.06,779,11505,SUBTLEX-US + OpenSubtitles 2018
2724,wives,아내,You'll hear the word 'wives' often in everyday conversation.,other,C1,62.06,787,11285,SUBTLEX-US + OpenSubtitles 2018
2725,tips,팁,You'll hear the word 'tips' often in everyday conversation.,other,B2,62.06,467,6355,SUBTLEX-US + OpenSubtitles 2018
2726,rarely,드물게,You'll hear the word 'rarely' often in everyday conversation.,other,B1,62.06,342,6006,SUBTLEX-US + OpenSubtitles 2018
2727,prescription,시효,You'll hear the word 'prescription' often in everyday conversation.,other,B1,62.06,376,5224,SUBTLEX-US + OpenSubtitles 2018
2728,tuna,다랑어,You'll hear the word 'tuna' often in everyday conversation.,other,B1,62.06,409,4605,SUBTLEX-US + OpenSubtitles 2018
2729,unfortunately,불행하게도,You'll hear the word 'unfortunately' often in everyday conversation.,other,A2,62.05,1652,29849,SUBTLEX-US + OpenSubtitles 2018
2730,ranch,대목장,You'll hear the word 'ranch' often in everyday conversation.,other,C1,62.05,936,8710,SUBTLEX-US + OpenSubtitles 2018
2731,logic,논리,You'll hear the word 'logic' often in everyday conversation.,other,B1,62.05,343,5950,SUBTLEX-US + OpenSubtitles 2018
2732,volume,양,You'll hear the word 'volume' often in everyday conversation.,other,B1,62.05,354,5684,SUBTLEX-US + OpenSubtitles 2018
2733,gorilla,고릴라,You'll hear the word 'gorilla' often in everyday conversation.,other,B1,62.05,404,4672,SUBTLEX-US + OpenSubtitles 2018
2734,stomach,위,You'll hear the word 'stomach' often in everyday conversation.,other,A2,62.04,1783,26530,SUBTLEX-US + OpenSubtitles 2018
2735,desert,사막,You'll hear the word 'desert' often in everyday conversation.,other,A2,62.04,1789,26277,SUBTLEX-US + OpenSubtitles 2018
2736,answered,답변된,You'll hear the word 'answered' often in everyday conversation.,other,C1,62.04,775,11431,SUBTLEX-US + OpenSubtitles 2018
2737,growth,성장,You'll hear the word 'growth' often in everyday conversation.,other,B1,62.04,335,6104,SUBTLEX-US + OpenSubtitles 2018
2738,groan,신음하다,You'll hear the word 'groan' often in everyday conversation.,,C2,62.03,637,64945,SUBTLEX-US + OpenSubtitles 2018
2739,expense,비용,You'll hear the word 'expense' often in everyday conversation.,other,B1,62.03,380,5065,SUBTLEX-US + OpenSubtitles 2018
2740,observation,관찰,You'll hear the word 'observation' often in everyday conversation.,other,B1,62.03,380,5040,SUBTLEX-US + OpenSubtitles 2018
2741,hopes,희망,You'll hear the word 'hopes' often in everyday conversation.,other,C1,62.02,770,11409,SUBTLEX-US + OpenSubtitles 2018
2742,colleague,동료,You'll hear the word 'colleague' often in everyday conversation.,other,B2,62.02,346,9669,SUBTLEX-US + OpenSubtitles 2018
2743,blink,깜박거리다,You'll hear the word 'blink' often in everyday conversation.,other,B2,62.02,466,6243,SUBTLEX-US + OpenSubtitles 2018
2744,covers,덮개,You'll hear the word 'covers' often in everyday conversation.,other,B2,62.02,478,6007,SUBTLEX-US + OpenSubtitles 2018
2745,agenda,의제,You'll hear the word 'agenda' often in everyday conversation.,other,B1,62.02,373,5171,SUBTLEX-US + OpenSubtitles 2018
2746,blessed,복된,You'll hear the word 'blessed' often in everyday conversation.,other,C1,62.01,704,12960,SUBTLEX-US + OpenSubtitles 2018
2747,thanksgiving,사은,You'll hear the word 'thanksgiving' often in everyday conversation.,other,C1,62.01,956,8229,SUBTLEX-US + OpenSubtitles 2018
2748,female,여성,You'll hear the word 'female' often in everyday conversation.,other,A2,62.0,1612,29953,SUBTLEX-US + OpenSubtitles 2018
2749,trade,무역,You'll hear the word 'trade' often in everyday conversation.,other,A2,62.0,1795,25560,SUBTLEX-US + OpenSubtitles 2018
2750,smells,냄새,You'll hear the word 'smells' often in everyday conversation.,other,C2,62.0,1391,20103,SUBTLEX-US + OpenSubtitles 2018
2751,dressing,드레싱,You'll hear the word 'dressing' often in everyday conversation.,other,C1,62.0,828,10144,SUBTLEX-US + OpenSubtitles 2018
2752,ton,다량,You'll hear the word 'ton' often in everyday conversation.,other,B2,62.0,401,7696,SUBTLEX-US + OpenSubtitles 2018
2753,engage,참여하다,You'll hear the word 'engage' often in everyday conversation.,other,B1,62.0,335,5978,SUBTLEX-US + OpenSubtitles 2018
2754,refused,거부했다,You'll hear the word 'refused' often in everyday conversation.,other,C1,61.99,660,14058,SUBTLEX-US + OpenSubtitles 2018
2755,jewish,유대인의,You'll hear the word 'jewish' often in everyday conversation.,other,C1,61.99,702,12898,SUBTLEX-US + OpenSubtitles 2018
2756,lessons,수업,You'll hear the word 'lessons' often in everyday conversation.,other,C1,61.99,772,11157,SUBTLEX-US + OpenSubtitles 2018
2757,dedicated,전용의,You'll hear the word 'dedicated' often in everyday conversation.,other,B2,61.99,416,7262,SUBTLEX-US + OpenSubtitles 2018
2758,enterprise,기업,You'll hear the word 'enterprise' often in everyday conversation.,other,B2,61.98,440,6653,SUBTLEX-US + OpenSubtitles 2018
2759,messy,어질러진,You'll hear the word 'messy' often in everyday conversation.,other,B1,61.98,350,5552,SUBTLEX-US + OpenSubtitles 2018
2760,scramble,그러모으다,You'll hear the word 'scramble' often in everyday conversation.,,B2,61.98,545,4827,SUBTLEX-US + OpenSubtitles 2018
2761,favourite,좋아하는,You'll hear the word 'favourite' often in everyday conversation.,other,C1,61.97,745,11650,SUBTLEX-US + OpenSubtitles 2018
2762,hush,고요해지다,You'll hear the word 'hush' often in everyday conversation.,other,B2,61.97,414,7213,SUBTLEX-US + OpenSubtitles 2018
2763,ceiling,운고,You'll hear the word 'ceiling' often in everyday conversation.,other,B2,61.97,426,6909,SUBTLEX-US + OpenSubtitles 2018
2764,rack,걸이,You'll hear the word 'rack' often in everyday conversation.,other,B2,61.97,485,5714,SUBTLEX-US + OpenSubtitles 2018
2765,amongst,사이에,You'll hear the word 'amongst' often in everyday conversation.,other,B2,61.96,364,8659,SUBTLEX-US + OpenSubtitles 2018
2766,congress,의회,You'll hear the word 'congress' often in everyday conversation.,other,B2,61.96,419,7060,SUBTLEX-US + OpenSubtitles 2018
2767,hated,미워한,You'll hear the word 'hated' often in everyday conversation.,other,C2,61.95,1439,18529,SUBTLEX-US + OpenSubtitles 2018
2768,region,관구,You'll hear the word 'region' often in everyday conversation.,other,B1,61.95,256,8664,SUBTLEX-US + OpenSubtitles 2018
2769,perspective,관점,You'll hear the word 'perspective' often in everyday conversation.,other,B2,61.95,419,7030,SUBTLEX-US + OpenSubtitles 2018
2770,reference,언급,You'll hear the word 'reference' often in everyday conversation.,other,B2,61.95,445,6399,SUBTLEX-US + OpenSubtitles 2018
2771,answering,응답의,You'll hear the word 'answering' often in everyday conversation.,other,C1,61.94,715,12168,SUBTLEX-US + OpenSubtitles 2018
2772,bolt,볼트,You'll hear the word 'bolt' often in everyday conversation.,other,B2,61.94,456,6144,SUBTLEX-US + OpenSubtitles 2018
2773,staff,권표,You'll hear the word 'staff' often in everyday conversation.,other,A2,61.93,1647,27876,SUBTLEX-US + OpenSubtitles 2018
2774,gloves,장갑,You'll hear the word 'gloves' often in everyday conversation.,other,C1,61.93,828,9750,SUBTLEX-US + OpenSubtitles 2018
2775,destination,목적지,You'll hear the word 'destination' often in everyday conversation.,other,B1,61.93,300,6765,SUBTLEX-US + OpenSubtitles 2018
2776,guidance,안내,You'll hear the word 'guidance' often in everyday conversation.,other,B1,61.93,376,4837,SUBTLEX-US + OpenSubtitles 2018
2777,storm,격정,You'll hear the word 'storm' often in everyday conversation.,other,A2,61.92,1673,27210,SUBTLEX-US + OpenSubtitles 2018
2778,cheap,값싼,You'll hear the word 'cheap' often in everyday conversation.,other,A2,61.92,1848,23430,SUBTLEX-US + OpenSubtitles 2018
2779,suffered,고통받았다,You'll hear the word 'suffered' often in everyday conversation.,other,C1,61.92,656,13646,SUBTLEX-US + OpenSubtitles 2018
2780,confirmed,만성인,You'll hear the word 'confirmed' often in everyday conversation.,other,C1,61.92,689,12705,SUBTLEX-US + OpenSubtitles 2018
2781,gravity,엄숙,You'll hear the word 'gravity' often in everyday conversation.,other,B2,61.92,355,8781,SUBTLEX-US + OpenSubtitles 2018
2782,genuine,진정한,You'll hear the word 'genuine' often in everyday conversation.,other,B2,61.92,418,6921,SUBTLEX-US + OpenSubtitles 2018
2783,residence,거류,You'll hear the word 'residence' often in everyday conversation.,other,B2,61.92,421,6855,SUBTLEX-US + OpenSubtitles 2018
2784,platform,플랫폼,You'll hear the word 'platform' often in everyday conversation.,other,B1,61.92,313,6308,SUBTLEX-US + OpenSubtitles 2018
2785,bearing,거동,You'll hear the word 'bearing' often in everyday conversation.,other,B2,61.92,486,5544,SUBTLEX-US + OpenSubtitles 2018
2786,occasionally,때때로,You'll hear the word 'occasionally' often in everyday conversation.,other,B1,61.92,364,5064,SUBTLEX-US + OpenSubtitles 2018
2787,outstanding,눈에 띄는,You'll hear the word 'outstanding' often in everyday conversation.,other,B1,61.92,382,4707,SUBTLEX-US + OpenSubtitles 2018
2788,flee,내빼다,You'll hear the word 'flee' often in everyday conversation.,other,B2,61.91,369,8261,SUBTLEX-US + OpenSubtitles 2018
2789,technical,기술적,You'll hear the word 'technical' often in everyday conversation.,other,B2,61.91,420,6813,SUBTLEX-US + OpenSubtitles 2018
2790,tasty,고상한,You'll hear the word 'tasty' often in everyday conversation.,other,B1,61.91,322,6008,SUBTLEX-US + OpenSubtitles 2018
2791,companion,동료,You'll hear the word 'companion' often in everyday conversation.,other,B1,61.91,323,5978,SUBTLEX-US + OpenSubtitles 2018
2792,healing,치유,You'll hear the word 'healing' often in everyday conversation.,other,B1,61.91,326,5907,SUBTLEX-US + OpenSubtitles 2018
2793,european,유럽의,You'll hear the word 'european' often in everyday conversation.,other,B2,61.9,360,8504,SUBTLEX-US + OpenSubtitles 2018
2794,established,기성,You'll hear the word 'established' often in everyday conversation.,other,B2,61.9,415,6899,SUBTLEX-US + OpenSubtitles 2018
2795,values,가치,You'll hear the word 'values' often in everyday conversation.,other,B2,61.9,432,6519,SUBTLEX-US + OpenSubtitles 2018
2796,tan,황갈색,You'll hear the word 'tan' often in everyday conversation.,other,B2,61.9,447,6207,SUBTLEX-US + OpenSubtitles 2018
2797,creek,크리크,You'll hear the word 'creek' often in everyday conversation.,other,B2,61.9,463,5870,SUBTLEX-US + OpenSubtitles 2018
2798,resident,유조,You'll hear the word 'resident' often in everyday conversation.,other,B1,61.9,374,4794,SUBTLEX-US + OpenSubtitles 2018
2799,attacked,공격당한,You'll hear the word 'attacked' often in everyday conversation.,other,C2,61.89,1219,22868,SUBTLEX-US + OpenSubtitles 2018
2800,creatures,생명체,You'll hear the word 'creatures' often in everyday conversation.,other,C1,61.89,640,13885,SUBTLEX-US + OpenSubtitles 2018
2801,angels,천사,You'll hear the word 'angels' often in everyday conversation.,other,C1,61.89,744,11121,SUBTLEX-US + OpenSubtitles 2018
2802,laser,레이저,You'll hear the word 'laser' often in everyday conversation.,other,B2,61.89,433,6438,SUBTLEX-US + OpenSubtitles 2018
2803,ache,쑤시다,You'll hear the word 'ache' often in everyday conversation.,,B1,61.89,325,5884,SUBTLEX-US + OpenSubtitles 2018
2804,customs,세관,You'll hear the word 'customs' often in everyday conversation.,other,B1,61.89,326,5831,SUBTLEX-US + OpenSubtitles 2018
2805,skeleton,여윈 사람,You'll hear the word 'skeleton' often in everyday conversation.,other,B1,61.89,350,5258,SUBTLEX-US + OpenSubtitles 2018
2806,romantic,괴기한,You'll hear the word 'romantic' often in everyday conversation.,other,A2,61.88,1806,23683,SUBTLEX-US + OpenSubtitles 2018
2807,demon,악마,You'll hear the word 'demon' often in everyday conversation.,other,C2,61.88,1593,15328,SUBTLEX-US + OpenSubtitles 2018
2808,surrounded,둘러싸이다,You'll hear the word 'surrounded' often in everyday conversation.,other,C1,61.88,677,12750,SUBTLEX-US + OpenSubtitles 2018
2809,planes,비행기,You'll hear the word 'planes' often in everyday conversation.,other,C1,61.88,894,8460,SUBTLEX-US + OpenSubtitles 2018
2810,await,기다리다,You'll hear the word 'await' often in everyday conversation.,other,B2,61.88,380,7779,SUBTLEX-US + OpenSubtitles 2018
2811,beautifully,훌륭히,You'll hear the word 'beautifully' often in everyday conversation.,other,B1,61.88,357,5095,SUBTLEX-US + OpenSubtitles 2018
2812,brave,건실,You'll hear the word 'brave' often in everyday conversation.,other,A2,61.87,1638,27182,SUBTLEX-US + OpenSubtitles 2018
2813,rent,대지,You'll hear the word 'rent' often in everyday conversation.,other,A2,61.87,1762,24451,SUBTLEX-US + OpenSubtitles 2018
2814,jonathan,요나단,You'll hear the word 'jonathan' often in everyday conversation.,other,C1,61.87,711,11764,SUBTLEX-US + OpenSubtitles 2018
2815,beats,박자,You'll hear the word 'beats' often in everyday conversation.,other,C1,61.87,767,10517,SUBTLEX-US + OpenSubtitles 2018
2816,shark,상어,You'll hear the word 'shark' often in everyday conversation.,other,C1,61.87,771,10456,SUBTLEX-US + OpenSubtitles 2018
2817,copper,경관,You'll hear the word 'copper' often in everyday conversation.,other,B2,61.87,379,7758,SUBTLEX-US + OpenSubtitles 2018
2818,bin,큰상자,You'll hear the word 'bin' often in everyday conversation.,other,B1,61.87,274,7468,SUBTLEX-US + OpenSubtitles 2018
2819,pond,연못,You'll hear the word 'pond' often in everyday conversation.,other,B1,61.87,323,5843,SUBTLEX-US + OpenSubtitles 2018
2820,weak,약한,You'll hear the word 'weak' often in everyday conversation.,other,A2,61.86,1607,27884,SUBTLEX-US + OpenSubtitles 2018
2821,brains,뇌,You'll hear the word 'brains' often in everyday conversation.,other,C2,61.86,1401,18320,SUBTLEX-US + OpenSubtitles 2018
2822,tokyo,도쿄,You'll hear the word 'tokyo' often in everyday conversation.,other,C1,61.86,690,12261,SUBTLEX-US + OpenSubtitles 2018
2823,continued,계속된,You'll hear the word 'continued' often in everyday conversation.,other,B2,61.86,370,7998,SUBTLEX-US + OpenSubtitles 2018
2824,consciousness,의식,You'll hear the word 'consciousness' often in everyday conversation.,other,B2,61.86,415,6735,SUBTLEX-US + OpenSubtitles 2018
2825,casual,분견병,You'll hear the word 'casual' often in everyday conversation.,other,B1,61.86,377,4642,SUBTLEX-US + OpenSubtitles 2018
2826,joy,기쁨,You'll hear the word 'joy' often in everyday conversation.,other,A2,61.85,1528,29873,SUBTLEX-US + OpenSubtitles 2018
2827,sudden,돌연,You'll hear the word 'sudden' often in everyday conversation.,other,A2,61.85,1707,25262,SUBTLEX-US + OpenSubtitles 2018
2828,torch,횃불,You'll hear the word 'torch' often in everyday conversation.,other,B2,61.85,371,7939,SUBTLEX-US + OpenSubtitles 2018
2829,retirement,벽촌,You'll hear the word 'retirement' often in everyday conversation.,other,B2,61.85,432,6309,SUBTLEX-US + OpenSubtitles 2018
2830,seize,잡다,You'll hear the word 'seize' often in everyday conversation.,other,B1,61.85,306,6285,SUBTLEX-US + OpenSubtitles 2018
2831,conscious,의식하는,You'll hear the word 'conscious' often in everyday conversation.,other,B1,61.85,347,5197,SUBTLEX-US + OpenSubtitles 2018
2832,quarrel,불화,You'll hear the word 'quarrel' often in everyday conversation.,,B2,61.84,424,6483,SUBTLEX-US + OpenSubtitles 2018
2833,offensive,공세,You'll hear the word 'offensive' often in everyday conversation.,other,B1,61.84,327,5656,SUBTLEX-US + OpenSubtitles 2018
2834,fountain,원천,You'll hear the word 'fountain' often in everyday conversation.,other,B1,61.84,353,5040,SUBTLEX-US + OpenSubtitles 2018
2835,soft,묽다,You'll hear the word 'soft' often in everyday conversation.,other,A2,61.83,1633,26642,SUBTLEX-US + OpenSubtitles 2018
2836,waves,파도,You'll hear the word 'waves' often in everyday conversation.,other,C1,61.83,674,12451,SUBTLEX-US + OpenSubtitles 2018
2837,traveling,순력,You'll hear the word 'traveling' often in everyday conversation.,other,C1,61.83,724,11223,SUBTLEX-US + OpenSubtitles 2018
2838,hatred,미움,You'll hear the word 'hatred' often in everyday conversation.,other,B1,61.83,283,6973,SUBTLEX-US + OpenSubtitles 2018
2839,zip,지퍼,You'll hear the word 'zip' often in everyday conversation.,other,B2,61.83,455,5776,SUBTLEX-US + OpenSubtitles 2018
2840,tobacco,담배,You'll hear the word 'tobacco' often in everyday conversation.,other,B1,61.83,359,4910,SUBTLEX-US + OpenSubtitles 2018
2841,penis,음경,You'll hear the word 'penis' often in everyday conversation.,other,C1,61.82,727,11098,SUBTLEX-US + OpenSubtitles 2018
2842,blocks,블록,You'll hear the word 'blocks' often in everyday conversation.,other,C1,61.82,765,10290,SUBTLEX-US + OpenSubtitles 2018
2843,quarters,진영,You'll hear the word 'quarters' often in everyday conversation.,other,C1,61.82,824,9178,SUBTLEX-US + OpenSubtitles 2018
2844,encounter,만나다,You'll hear the word 'encounter' often in everyday conversation.,other,B1,61.82,298,6417,SUBTLEX-US + OpenSubtitles 2018
2845,rug,깔개,You'll hear the word 'rug' often in everyday conversation.,other,B2,61.82,531,4593,SUBTLEX-US + OpenSubtitles 2018
2846,depress,약화시키다,You'll hear the word 'depress' often in everyday conversation.,other,B1,61.82,373,4605,SUBTLEX-US + OpenSubtitles 2018
2847,aspirin,아스피린,You'll hear the word 'aspirin' often in everyday conversation.,other,B1,61.82,421,3856,SUBTLEX-US + OpenSubtitles 2018
2848,regular,일정,You'll hear the word 'regular' often in everyday conversation.,other,A2,61.81,1788,23139,SUBTLEX-US + OpenSubtitles 2018
2849,woke,깨어난,You'll hear the word 'woke' often in everyday conversation.,other,C2,61.81,1344,18947,SUBTLEX-US + OpenSubtitles 2018
2850,holds,보유하다,You'll hear the word 'holds' often in everyday conversation.,other,C1,61.81,728,11004,SUBTLEX-US + OpenSubtitles 2018
2851,lodge,꽂다,You'll hear the word 'lodge' often in everyday conversation.,other,B1,61.81,341,5209,SUBTLEX-US + OpenSubtitles 2018
2852,psychological,심리적,You'll hear the word 'psychological' often in everyday conversation.,other,B1,61.81,343,5187,SUBTLEX-US + OpenSubtitles 2018
2853,emotionally,삼총사,You'll hear the word 'emotionally' often in everyday conversation.,other,B1,61.81,354,4936,SUBTLEX-US + OpenSubtitles 2018
2854,lad,소년,You'll hear the word 'lad' often in everyday conversation.,other,C2,61.8,1179,22875,SUBTLEX-US + OpenSubtitles 2018
2855,finest,최고의,You'll hear the word 'finest' often in everyday conversation.,other,C1,61.8,840,8852,SUBTLEX-US + OpenSubtitles 2018
2856,rally,랠리,You'll hear the word 'rally' often in everyday conversation.,other,B2,61.8,424,6333,SUBTLEX-US + OpenSubtitles 2018
2857,rush,격발,You'll hear the word 'rush' often in everyday conversation.,other,A2,61.79,1665,25411,SUBTLEX-US + OpenSubtitles 2018
2858,commissioner,국장,You'll hear the word 'commissioner' often in everyday conversation.,other,C1,61.79,624,13637,SUBTLEX-US + OpenSubtitles 2018
2859,divide,나누다,You'll hear the word 'divide' often in everyday conversation.,other,B1,61.79,331,5399,SUBTLEX-US + OpenSubtitles 2018
2860,satisfaction,만족,You'll hear the word 'satisfaction' often in everyday conversation.,other,B1,61.79,360,4775,SUBTLEX-US + OpenSubtitles 2018
2861,gate,관문,You'll hear the word 'gate' often in everyday conversation.,other,A2,61.78,1647,25612,SUBTLEX-US + OpenSubtitles 2018
2862,secretary,간사,You'll hear the word 'secretary' often in everyday conversation.,other,A2,61.78,1694,24623,SUBTLEX-US + OpenSubtitles 2018
2863,mistress,정부,You'll hear the word 'mistress' often in everyday conversation.,other,C1,61.78,629,13373,SUBTLEX-US + OpenSubtitles 2018
2864,posted,게시된,You'll hear the word 'posted' often in everyday conversation.,other,B2,61.78,367,7719,SUBTLEX-US + OpenSubtitles 2018
2865,risky,위험한,You'll hear the word 'risky' often in everyday conversation.,other,B2,61.78,393,6984,SUBTLEX-US + OpenSubtitles 2018
2866,persons,사람,You'll hear the word 'persons' often in everyday conversation.,other,B2,61.78,394,6965,SUBTLEX-US + OpenSubtitles 2018
2867,illusion,미망,You'll hear the word 'illusion' often in everyday conversation.,other,B2,61.78,422,6299,SUBTLEX-US + OpenSubtitles 2018
2868,fracture,부숨,You'll hear the word 'fracture' often in everyday conversation.,other,B2,61.78,438,5968,SUBTLEX-US + OpenSubtitles 2018
2869,shocking,망측한,You'll hear the word 'shocking' often in everyday conversation.,other,B1,61.78,315,5781,SUBTLEX-US + OpenSubtitles 2018
2870,literature,문학,You'll hear the word 'literature' often in everyday conversation.,other,B1,61.78,328,5444,SUBTLEX-US + OpenSubtitles 2018
2871,demonstration,논증,You'll hear the word 'demonstration' often in everyday conversation.,other,B1,61.78,366,4620,SUBTLEX-US + OpenSubtitles 2018
2872,terminal,말단,You'll hear the word 'terminal' often in everyday conversation.,other,B1,61.78,390,4208,SUBTLEX-US + OpenSubtitles 2018
2873,mash,매시,You'll hear the word 'mash' often in everyday conversation.,,B1,61.78,428,3665,SUBTLEX-US + OpenSubtitles 2018
2874,original,원래의,You'll hear the word 'original' often in everyday conversation.,other,A2,61.77,1440,31108,SUBTLEX-US + OpenSubtitles 2018
2875,smaller,더 작은,You'll hear the word 'smaller' often in everyday conversation.,other,C1,61.77,680,11897,SUBTLEX-US + OpenSubtitles 2018
2876,flatter,빌붙다,You'll hear the word 'flatter' often in everyday conversation.,,C1,61.77,799,9343,SUBTLEX-US + OpenSubtitles 2018
2877,efforts,노력,You'll hear the word 'efforts' often in everyday conversation.,other,B2,61.77,375,7459,SUBTLEX-US + OpenSubtitles 2018
2878,withdraw,물러서다,You'll hear the word 'withdraw' often in everyday conversation.,other,B2,61.77,395,6907,SUBTLEX-US + OpenSubtitles 2018
2879,fortune,운명,You'll hear the word 'fortune' often in everyday conversation.,other,A2,61.76,1646,25355,SUBTLEX-US + OpenSubtitles 2018
2880,beating,고동,You'll hear the word 'beating' often in everyday conversation.,other,C2,61.76,1228,20956,SUBTLEX-US + OpenSubtitles 2018
2881,twins,쌍둥이,You'll hear the word 'twins' often in everyday conversation.,other,C1,61.76,770,9850,SUBTLEX-US + OpenSubtitles 2018
2882,sub,보결 선수,You'll hear the word 'sub' often in everyday conversation.,other,B2,61.76,411,6463,SUBTLEX-US + OpenSubtitles 2018
2883,laboratory,실험실,You'll hear the word 'laboratory' often in everyday conversation.,other,B1,61.76,331,5304,SUBTLEX-US + OpenSubtitles 2018
2884,maintenance,유지보수,You'll hear the word 'maintenance' often in everyday conversation.,other,B1,61.76,349,4911,SUBTLEX-US + OpenSubtitles 2018
2885,sponge,등치다,You'll hear the word 'sponge' often in everyday conversation.,other,B1,61.76,422,3704,SUBTLEX-US + OpenSubtitles 2018
2886,pissed,취한,You'll hear the word 'pissed' often in everyday conversation.,other,C2,61.75,1300,19247,SUBTLEX-US + OpenSubtitles 2018
2887,pirate,해적,You'll hear the word 'pirate' often in everyday conversation.,other,B2,61.75,404,6607,SUBTLEX-US + OpenSubtitles 2018
2888,harmless,해없는,You'll hear the word 'harmless' often in everyday conversation.,other,B2,61.75,441,5794,SUBTLEX-US + OpenSubtitles 2018
2889,wit,재기,You'll hear the word 'wit' often in everyday conversation.,other,B2,61.75,448,5646,SUBTLEX-US + OpenSubtitles 2018
2890,vet,수의사,You'll hear the word 'vet' often in everyday conversation.,other,B1,61.75,314,5694,SUBTLEX-US + OpenSubtitles 2018
2891,possess,소유하다,You'll hear the word 'possess' often in everyday conversation.,other,B1,61.75,316,5640,SUBTLEX-US + OpenSubtitles 2018
2892,heel,경사,You'll hear the word 'heel' often in everyday conversation.,other,B1,61.75,384,4241,SUBTLEX-US + OpenSubtitles 2018
2893,neighborhood,근린,You'll hear the word 'neighborhood' often in everyday conversation.,other,A2,61.74,1871,20746,SUBTLEX-US + OpenSubtitles 2018
2894,closet,들어박히다,You'll hear the word 'closet' often in everyday conversation.,other,C2,61.74,1493,15559,SUBTLEX-US + OpenSubtitles 2018
2895,pays,지불하다,You'll hear the word 'pays' often in everyday conversation.,other,C1,61.74,715,10813,SUBTLEX-US + OpenSubtitles 2018
2896,mexican,멕시코의,You'll hear the word 'mexican' often in everyday conversation.,other,C1,61.74,741,10274,SUBTLEX-US + OpenSubtitles 2018
2897,camel,부함,You'll hear the word 'camel' often in everyday conversation.,other,B1,61.74,328,5312,SUBTLEX-US + OpenSubtitles 2018
2898,salmon,연어,You'll hear the word 'salmon' often in everyday conversation.,other,B1,61.74,336,5129,SUBTLEX-US + OpenSubtitles 2018
2899,bandage,붕대,You'll hear the word 'bandage' often in everyday conversation.,,B1,61.74,350,4825,SUBTLEX-US + OpenSubtitles 2018
2900,tramp,짖밟다,You'll hear the word 'tramp' often in everyday conversation.,,B2,61.74,513,4602,SUBTLEX-US + OpenSubtitles 2018
2901,sources,출처,You'll hear the word 'sources' often in everyday conversation.,other,B2,61.73,419,6166,SUBTLEX-US + OpenSubtitles 2018
2902,contain,포함하다,You'll hear the word 'contain' often in everyday conversation.,other,B1,61.73,310,5752,SUBTLEX-US + OpenSubtitles 2018
2903,settlement,정착,You'll hear the word 'settlement' often in everyday conversation.,other,B1,61.73,322,5422,SUBTLEX-US + OpenSubtitles 2018
2904,tear,찢다,You'll hear the word 'tear' often in everyday conversation.,other,A2,61.72,1706,23559,SUBTLEX-US + OpenSubtitles 2018
2905,tires,타이어,You'll hear the word 'tires' often in everyday conversation.,other,C1,61.72,491,18678,SUBTLEX-US + OpenSubtitles 2018
2906,tickle,간지러움,You'll hear the word 'tickle' often in everyday conversation.,,B2,61.72,456,5408,SUBTLEX-US + OpenSubtitles 2018
2907,cab,기관사실,You'll hear the word 'cab' often in everyday conversation.,other,A2,61.71,1936,19371,SUBTLEX-US + OpenSubtitles 2018
2908,corps,군단,You'll hear the word 'corps' often in everyday conversation.,other,C1,61.71,747,10008,SUBTLEX-US + OpenSubtitles 2018
2909,tricky,음험한,You'll hear the word 'tricky' often in everyday conversation.,other,B2,61.71,406,6391,SUBTLEX-US + OpenSubtitles 2018
2910,jewel,구슬,You'll hear the word 'jewel' often in everyday conversation.,other,B1,61.71,390,4045,SUBTLEX-US + OpenSubtitles 2018
2911,pub,목로술집,You'll hear the word 'pub' often in everyday conversation.,other,B1,61.7,216,9629,SUBTLEX-US + OpenSubtitles 2018
2912,runway,강줄기,You'll hear the word 'runway' often in everyday conversation.,other,B1,61.7,296,6057,SUBTLEX-US + OpenSubtitles 2018
2913,shirts,셔츠,You'll hear the word 'shirts' often in everyday conversation.,other,B2,61.7,444,5574,SUBTLEX-US + OpenSubtitles 2018
2914,exist,존재하다,You'll hear the word 'exist' often in everyday conversation.,other,A2,61.69,1477,28526,SUBTLEX-US + OpenSubtitles 2018
2915,disappear,사라지다,You'll hear the word 'disappear' often in everyday conversation.,other,A2,61.69,1516,27509,SUBTLEX-US + OpenSubtitles 2018
2916,assistant,조수,You'll hear the word 'assistant' often in everyday conversation.,other,A2,61.69,1643,24449,SUBTLEX-US + OpenSubtitles 2018
2917,stealing,절취,You'll hear the word 'stealing' often in everyday conversation.,other,C2,61.69,1265,19327,SUBTLEX-US + OpenSubtitles 2018
2918,aaron,아론,You'll hear the word 'aaron' often in everyday conversation.,other,C1,61.69,747,9883,SUBTLEX-US + OpenSubtitles 2018
2919,inhale,들이쉬다,You'll hear the word 'inhale' often in everyday conversation.,,B1,61.69,221,9240,SUBTLEX-US + OpenSubtitles 2018
2920,controls,규제,You'll hear the word 'controls' often in everyday conversation.,other,B2,61.69,398,6520,SUBTLEX-US + OpenSubtitles 2018
2921,contacts,연락처,You'll hear the word 'contacts' often in everyday conversation.,other,B2,61.69,403,6388,SUBTLEX-US + OpenSubtitles 2018
2922,fluid,유동성의,You'll hear the word 'fluid' often in everyday conversation.,other,B2,61.69,456,5325,SUBTLEX-US + OpenSubtitles 2018
2923,spread,퍼뜨리다,You'll hear the word 'spread' often in everyday conversation.,other,A2,61.68,1596,25291,SUBTLEX-US + OpenSubtitles 2018
2924,toast,축배,You'll hear the word 'toast' often in everyday conversation.,other,A2,61.68,1843,20448,SUBTLEX-US + OpenSubtitles 2018
2925,elements,요소,You'll hear the word 'elements' often in everyday conversation.,other,B2,61.68,352,7774,SUBTLEX-US + OpenSubtitles 2018
2926,ensure,보장하다,You'll hear the word 'ensure' often in everyday conversation.,other,B1,61.68,269,6870,SUBTLEX-US + OpenSubtitles 2018
2927,repay,보답하다,You'll hear the word 'repay' often in everyday conversation.,other,B1,61.68,285,6300,SUBTLEX-US + OpenSubtitles 2018
2928,peculiar,괴상함,You'll hear the word 'peculiar' often in everyday conversation.,other,B1,61.68,385,4058,SUBTLEX-US + OpenSubtitles 2018
2929,kissed,키스한,You'll hear the word 'kissed' often in everyday conversation.,other,C2,61.67,1454,15495,SUBTLEX-US + OpenSubtitles 2018
2930,imitate,모방하다,You'll hear the word 'imitate' often in everyday conversation.,,B1,61.67,246,7813,SUBTLEX-US + OpenSubtitles 2018
2931,burglar,밤도둑,You'll hear the word 'burglar' often in everyday conversation.,,B1,61.67,389,3961,SUBTLEX-US + OpenSubtitles 2018
2932,subsequent,후속의,That sounds pretty subsequent to me.,adjective,B1,61.67,64,892,SUBTLEX-US + OpenSubtitles 2018
2933,enter,들어가다,You'll hear the word 'enter' often in everyday conversation.,other,A2,61.66,1516,27074,SUBTLEX-US + OpenSubtitles 2018
2934,style,문체,You'll hear the word 'style' often in everyday conversation.,other,A2,61.66,1534,26569,SUBTLEX-US + OpenSubtitles 2018
2935,defense,방위,You'll hear the word 'defense' often in everyday conversation.,other,A2,61.66,1665,23479,SUBTLEX-US + OpenSubtitles 2018
2936,loser,손실자,You'll hear the word 'loser' often in everyday conversation.,other,C2,61.66,1381,16663,SUBTLEX-US + OpenSubtitles 2018
2937,checks,확인,You'll hear the word 'checks' often in everyday conversation.,other,C1,61.66,759,9469,SUBTLEX-US + OpenSubtitles 2018
2938,tomb,무덤,You'll hear the word 'tomb' often in everyday conversation.,other,B2,61.66,343,7973,SUBTLEX-US + OpenSubtitles 2018
2939,rash,빈발,You'll hear the word 'rash' often in everyday conversation.,other,B2,61.66,436,5584,SUBTLEX-US + OpenSubtitles 2018
2940,altogether,아주전혀,You'll hear the word 'altogether' often in everyday conversation.,other,B1,61.66,327,5089,SUBTLEX-US + OpenSubtitles 2018
2941,tour,주유,You'll hear the word 'tour' often in everyday conversation.,other,A2,61.65,1617,24399,SUBTLEX-US + OpenSubtitles 2018
2942,mac,맥,You'll hear the word 'mac' often in everyday conversation.,,C2,61.65,1459,15285,SUBTLEX-US + OpenSubtitles 2018
2943,addict,빠지게하다,You'll hear the word 'addict' often in everyday conversation.,other,B2,61.65,382,6748,SUBTLEX-US + OpenSubtitles 2018
2944,despair,절망,You'll hear the word 'despair' often in everyday conversation.,other,B1,61.65,311,5461,SUBTLEX-US + OpenSubtitles 2018
2945,permission,용납,You'll hear the word 'permission' often in everyday conversation.,other,A2,61.64,1587,24999,SUBTLEX-US + OpenSubtitles 2018
2946,square,곱자,You'll hear the word 'square' often in everyday conversation.,other,A2,61.64,1630,24077,SUBTLEX-US + OpenSubtitles 2018
2947,knees,무릎,You'll hear the word 'knees' often in everyday conversation.,other,C2,61.64,1320,17671,SUBTLEX-US + OpenSubtitles 2018
2948,crimes,범죄,You'll hear the word 'crimes' often in everyday conversation.,other,C1,61.64,590,13566,SUBTLEX-US + OpenSubtitles 2018
2949,drives,드라이브,You'll hear the word 'drives' often in everyday conversation.,other,C1,61.64,728,9981,SUBTLEX-US + OpenSubtitles 2018
2950,nations,국가,You'll hear the word 'nations' often in everyday conversation.,other,B2,61.64,386,6625,SUBTLEX-US + OpenSubtitles 2018
2951,dreadful,무서운,You'll hear the word 'dreadful' often in everyday conversation.,,B2,61.64,410,6041,SUBTLEX-US + OpenSubtitles 2018
2952,maid,시녀,You'll hear the word 'maid' often in everyday conversation.,other,C2,61.63,1305,17850,SUBTLEX-US + OpenSubtitles 2018
2953,amen,아멘,You'll hear the word 'amen' often in everyday conversation.,other,C2,61.63,1325,17429,SUBTLEX-US + OpenSubtitles 2018
2954,foster,일구다,You'll hear the word 'foster' often in everyday conversation.,other,C1,61.63,640,11986,SUBTLEX-US + OpenSubtitles 2018
2955,heroes,영웅,You'll hear the word 'heroes' often in everyday conversation.,other,C1,61.63,655,11601,SUBTLEX-US + OpenSubtitles 2018
2956,eliminate,제거하다,You'll hear the word 'eliminate' often in everyday conversation.,other,B1,61.63,305,5563,SUBTLEX-US + OpenSubtitles 2018
2957,frequency,빈도,You'll hear the word 'frequency' often in everyday conversation.,other,B1,61.63,337,4780,SUBTLEX-US + OpenSubtitles 2018
2958,indian,인도사람,You'll hear the word 'indian' often in everyday conversation.,other,B2,61.62,175,21049,SUBTLEX-US + OpenSubtitles 2018
2959,triumph,승리,You'll hear the word 'triumph' often in everyday conversation.,other,B1,61.62,293,5874,SUBTLEX-US + OpenSubtitles 2018
2960,acquaintance,면식,You'll hear the word 'acquaintance' often in everyday conversation.,,B1,61.62,327,4988,SUBTLEX-US + OpenSubtitles 2018
2961,transmission,발신,You'll hear the word 'transmission' often in everyday conversation.,other,B2,61.61,435,5439,SUBTLEX-US + OpenSubtitles 2018
2962,accomplish,달성하다,You'll hear the word 'accomplish' often in everyday conversation.,other,B1,61.61,331,4858,SUBTLEX-US + OpenSubtitles 2018
2963,urge,충동,You'll hear the word 'urge' often in everyday conversation.,other,B1,61.61,339,4688,SUBTLEX-US + OpenSubtitles 2018
2964,gates,문,You'll hear the word 'gates' often in everyday conversation.,other,C1,61.6,684,10658,SUBTLEX-US + OpenSubtitles 2018
2965,occurred,발생했다,You'll hear the word 'occurred' often in everyday conversation.,other,C1,61.6,737,9568,SUBTLEX-US + OpenSubtitles 2018
2966,protocol,규약,You'll hear the word 'protocol' often in everyday conversation.,other,B2,61.6,382,6562,SUBTLEX-US + OpenSubtitles 2018
2967,recipe,비방,You'll hear the word 'recipe' often in everyday conversation.,other,B2,61.6,388,6408,SUBTLEX-US + OpenSubtitles 2018
2968,exception,예외,You'll hear the word 'exception' often in everyday conversation.,other,B2,61.6,409,5946,SUBTLEX-US + OpenSubtitles 2018
2969,versus,대,You'll hear the word 'versus' often in everyday conversation.,other,B2,61.6,411,5900,SUBTLEX-US + OpenSubtitles 2018
2970,member,기관,You'll hear the word 'member' often in everyday conversation.,other,A2,61.59,1471,27112,SUBTLEX-US + OpenSubtitles 2018
2971,silver,은,You'll hear the word 'silver' often in everyday conversation.,other,A2,61.59,1624,23523,SUBTLEX-US + OpenSubtitles 2018
2972,beans,콩,You'll hear the word 'beans' often in everyday conversation.,other,C1,61.59,736,9553,SUBTLEX-US + OpenSubtitles 2018
2973,prey,해하다,You'll hear the word 'prey' often in everyday conversation.,other,B2,61.59,334,7957,SUBTLEX-US + OpenSubtitles 2018
2974,remaining,남은,You'll hear the word 'remaining' often in everyday conversation.,other,B2,61.59,344,7606,SUBTLEX-US + OpenSubtitles 2018
2975,concrete,콘크리트,You'll hear the word 'concrete' often in everyday conversation.,other,B2,61.59,379,6610,SUBTLEX-US + OpenSubtitles 2018
2976,reliable,미덥다,You'll hear the word 'reliable' often in everyday conversation.,other,B1,61.59,301,5523,SUBTLEX-US + OpenSubtitles 2018
2977,architect,건축가,You'll hear the word 'architect' often in everyday conversation.,other,B1,61.59,334,4747,SUBTLEX-US + OpenSubtitles 2018
2978,pussy,보지,You'll hear the word 'pussy' often in everyday conversation.,,C2,61.58,1423,15250,SUBTLEX-US + OpenSubtitles 2018
2979,bottles,병,You'll hear the word 'bottles' often in everyday conversation.,other,C1,61.58,682,10606,SUBTLEX-US + OpenSubtitles 2018
2980,granted,부여된,You'll hear the word 'granted' often in everyday conversation.,other,C1,61.58,697,10275,SUBTLEX-US + OpenSubtitles 2018
2981,cape,케이프,You'll hear the word 'cape' often in everyday conversation.,other,B2,61.58,420,5652,SUBTLEX-US + OpenSubtitles 2018
2982,tip,선단,You'll hear the word 'tip' often in everyday conversation.,other,A2,61.57,1653,22633,SUBTLEX-US + OpenSubtitles 2018
2983,subtitles,장막,You'll hear the word 'subtitles' often in everyday conversation.,other,C2,61.57,1435,14939,SUBTLEX-US + OpenSubtitles 2018
2984,painted,그린,You'll hear the word 'painted' often in everyday conversation.,other,C1,61.57,710,9934,SUBTLEX-US + OpenSubtitles 2018
2985,warren,양토장,You'll hear the word 'warren' often in everyday conversation.,other,C1,61.57,770,8829,SUBTLEX-US + OpenSubtitles 2018
2986,published,출판된,You'll hear the word 'published' often in everyday conversation.,other,B2,61.57,367,6843,SUBTLEX-US + OpenSubtitles 2018
2987,choir,성가대,You'll hear the word 'choir' often in everyday conversation.,other,B1,61.57,293,5688,SUBTLEX-US + OpenSubtitles 2018
2988,ages,나이,You'll hear the word 'ages' often in everyday conversation.,other,C1,61.56,567,13759,SUBTLEX-US + OpenSubtitles 2018
2989,wheels,바퀴,You'll hear the word 'wheels' often in everyday conversation.,other,C1,61.56,678,10557,SUBTLEX-US + OpenSubtitles 2018
2990,mansion,저택,You'll hear the word 'mansion' often in everyday conversation.,other,B2,61.56,365,6861,SUBTLEX-US + OpenSubtitles 2018
2991,ranger,레인저,You'll hear the word 'ranger' often in everyday conversation.,other,B2,61.56,379,6492,SUBTLEX-US + OpenSubtitles 2018
2992,voyage,항해,You'll hear the word 'voyage' often in everyday conversation.,other,B1,61.56,325,4852,SUBTLEX-US + OpenSubtitles 2018
2993,wardrobe,옷장,You'll hear the word 'wardrobe' often in everyday conversation.,other,B1,61.56,332,4707,SUBTLEX-US + OpenSubtitles 2018
2994,earned,벌었다,You'll hear the word 'earned' often in everyday conversation.,other,C1,61.55,646,11315,SUBTLEX-US + OpenSubtitles 2018
2995,jade,비취,You'll hear the word 'jade' often in everyday conversation.,other,B1,61.55,299,5463,SUBTLEX-US + OpenSubtitles 2018
2996,codes,코드,You'll hear the word 'codes' often in everyday conversation.,other,B2,61.55,467,4738,SUBTLEX-US + OpenSubtitles 2018
2997,spit,뱉다,You'll hear the word 'spit' often in everyday conversation.,other,C2,61.54,1252,17974,SUBTLEX-US + OpenSubtitles 2018
2998,performed,수행된,You'll hear the word 'performed' often in everyday conversation.,other,B2,61.54,373,6584,SUBTLEX-US + OpenSubtitles 2018
2999,presume,추정하다,You'll hear the word 'presume' often in everyday conversation.,other,B2,61.54,446,5046,SUBTLEX-US + OpenSubtitles 2018
3000,gown,가운,You'll hear the word 'gown' often in everyday conversation.,other,B1,61.54,340,4501,SUBTLEX-US + OpenSubtitles 2018
